{"level":"info","message":"⌛ Building environment","timeElapsed":975,"timestamp":"2025-11-22T21:13:16.443Z"}
{"level":"info","message":"⌛ Validating src/entitys.wlk","timeElapsed":508,"timestamp":"2025-11-22T21:13:17.059Z"}
{"level":"info","message":"⌛ Building environment","timeElapsed":840,"timestamp":"2025-11-22T21:13:18.312Z"}
{"level":"info","message":"⌛ Validating src/entitys.wlk","timeElapsed":506,"timestamp":"2025-11-22T21:13:18.844Z"}
{"level":"info","message":"⌛ Validating src/entitys.wlk","timeElapsed":491,"timestamp":"2025-11-22T21:13:19.341Z"}
{"level":"info","message":"⌛ Validating src/entitys.wlk","timeElapsed":683,"timestamp":"2025-11-22T21:13:20.356Z"}
{"level":"info","message":"⌛ Validating src/entitys.wlk","timeElapsed":951,"timestamp":"2025-11-22T21:13:21.321Z"}
{"level":"info","message":"⌛ Validating src/entitys.wlk","timeElapsed":599,"timestamp":"2025-11-22T21:13:22.442Z"}
{"level":"info","message":"⌛ Validating src/entitys.wlk","timeElapsed":500,"timestamp":"2025-11-22T21:13:22.943Z"}
{"level":"info","message":"⌛ Building environment","timeElapsed":986,"timestamp":"2025-11-22T21:13:26.126Z"}
{"level":"info","message":"⌛ Building environment","timeElapsed":1136,"timestamp":"2025-11-22T21:13:27.262Z"}
{"level":"info","message":"⌛ Autocomplete - Package","timeElapsed":161,"timestamp":"2025-11-22T21:13:27.431Z"}
{"level":"info","message":"⌛ Building environment","timeElapsed":1107,"timestamp":"2025-11-22T21:13:28.651Z"}
{"level":"info","message":"⌛ Building environment","timeElapsed":868,"timestamp":"2025-11-22T21:13:29.521Z"}
{"level":"info","message":"⌛ Building environment","timeElapsed":848,"timestamp":"2025-11-22T21:13:30.509Z"}
{"level":"info","message":"⌛ Building environment","timeElapsed":1262,"timestamp":"2025-11-22T21:13:31.906Z"}
{"level":"info","message":"⌛ Building environment","timeElapsed":1078,"timestamp":"2025-11-22T21:13:32.987Z"}
{"level":"info","message":"⌛ Validating src/entitys.wlk","timeElapsed":531,"timestamp":"2025-11-22T21:13:33.519Z"}
{"level":"info","message":"⌛ Validating src/entitys.wlk","timeElapsed":504,"timestamp":"2025-11-22T21:13:34.377Z"}
{"level":"info","message":"⌛ Building environment","timeElapsed":1014,"timestamp":"2025-11-22T21:13:35.392Z"}
{"level":"info","message":"⌛ Building environment","timeElapsed":926,"timestamp":"2025-11-22T21:13:36.320Z"}
{"level":"info","message":"⌛ Building environment","timeElapsed":1065,"timestamp":"2025-11-22T21:13:37.495Z"}
{"level":"info","message":"⌛ Building environment","timeElapsed":780,"timestamp":"2025-11-22T21:13:38.407Z"}
{"level":"info","message":"⌛ Building environment","timeElapsed":688,"timestamp":"2025-11-22T21:13:39.101Z"}
{"level":"info","message":"⌛ Validating src/entitys.wlk","timeElapsed":472,"timestamp":"2025-11-22T21:13:39.599Z"}
{"level":"info","message":"⌛ Validating src/entitys.wlk","timeElapsed":501,"timestamp":"2025-11-22T21:13:40.223Z"}
{"level":"info","message":"⌛ Building environment","timeElapsed":625,"timestamp":"2025-11-22T21:13:40.853Z"}
{"level":"info","message":"⌛ Building environment","timeElapsed":837,"timestamp":"2025-11-22T21:13:41.927Z"}
{"level":"info","message":"⌛ Building environment","timeElapsed":2051,"timestamp":"2025-11-22T21:13:43.980Z"}
{"level":"info","message":"⌛ Building environment","timeElapsed":976,"timestamp":"2025-11-22T21:13:45.027Z"}
{"level":"info","message":"⌛ Validating src/entitys.wlk","timeElapsed":644,"timestamp":"2025-11-22T21:13:45.694Z"}
{"level":"info","message":"⌛ Building environment","timeElapsed":805,"timestamp":"2025-11-22T21:13:46.589Z"}
{"level":"info","message":"⌛ Building environment","timeElapsed":934,"timestamp":"2025-11-22T21:13:47.530Z"}
{"level":"info","message":"⌛ Building environment","timeElapsed":827,"timestamp":"2025-11-22T21:13:48.429Z"}
{"level":"info","message":"⌛ Validating src/entitys.wlk","timeElapsed":617,"timestamp":"2025-11-22T21:13:49.075Z"}
{"level":"info","message":"⌛ Building environment","timeElapsed":1018,"timestamp":"2025-11-22T21:13:50.102Z"}
{"level":"info","message":"⌛ Validating src/entitys.wlk","timeElapsed":577,"timestamp":"2025-11-22T21:13:50.808Z"}
{"level":"info","message":"⌛ Building environment","timeElapsed":843,"timestamp":"2025-11-22T21:13:51.771Z"}
{"level":"info","message":"⌛ Validating src/entitys.wlk","timeElapsed":541,"timestamp":"2025-11-22T21:13:52.419Z"}
{"level":"info","message":"⌛ Validating src/entitys.wlk","timeElapsed":547,"timestamp":"2025-11-22T21:13:52.976Z"}
{"level":"info","message":"⌛ Validating src/entitys.wlk","timeElapsed":483,"timestamp":"2025-11-22T21:13:53.469Z"}
{"level":"info","message":"⌛ Validating src/entitys.wlk","timeElapsed":437,"timestamp":"2025-11-22T21:13:53.933Z"}
{"level":"info","message":"⌛ Validating src/entitys.wlk","timeElapsed":513,"timestamp":"2025-11-22T21:13:54.456Z"}
{"level":"info","message":"⌛ Validating src/entitys.wlk","timeElapsed":438,"timestamp":"2025-11-22T21:13:54.976Z"}
{"level":"info","message":"⌛ Validating src/entitys.wlk","timeElapsed":467,"timestamp":"2025-11-22T21:13:55.450Z"}
{"level":"info","message":"⌛ Validating src/entitys.wlk","timeElapsed":579,"timestamp":"2025-11-22T21:13:56.034Z"}
{"level":"info","message":"⌛ Validating src/entitys.wlk","timeElapsed":493,"timestamp":"2025-11-22T21:13:56.529Z"}
{"level":"info","message":"⌛ Validating src/entitys.wlk","timeElapsed":462,"timestamp":"2025-11-22T21:13:57.056Z"}
{"level":"info","message":"⌛ Validating src/entitys.wlk","timeElapsed":424,"timestamp":"2025-11-22T21:13:57.484Z"}
{"level":"info","message":"⌛ Validating src/entitys.wlk","timeElapsed":434,"timestamp":"2025-11-22T21:13:57.922Z"}
{"level":"info","message":"⌛ Validating src/entitys.wlk","timeElapsed":455,"timestamp":"2025-11-22T21:13:58.428Z"}
{"level":"info","message":"⌛ Validating src/entitys.wlk","timeElapsed":469,"timestamp":"2025-11-22T21:13:58.943Z"}
{"level":"info","message":"⌛ Building environment","timeElapsed":2527,"timestamp":"2025-11-22T21:14:15.789Z"}
{"level":"info","message":"⌛ Building environment","timeElapsed":1565,"timestamp":"2025-11-22T21:14:17.597Z"}
{"level":"info","message":"⌛ Validating src/entitys.wlk","timeElapsed":454,"timestamp":"2025-11-22T21:14:18.992Z"}
{"level":"info","message":"⌛ Validating src/entitys.wlk","timeElapsed":497,"timestamp":"2025-11-22T21:14:19.498Z"}
{"level":"info","message":"⌛ Building environment","timeElapsed":1522,"timestamp":"2025-11-22T21:15:59.432Z"}
{"level":"info","message":"⌛ Building environment","timeElapsed":1189,"timestamp":"2025-11-22T21:16:00.731Z"}
{"level":"info","message":"⌛ Validating src/entitys.wlk","timeElapsed":483,"timestamp":"2025-11-22T21:16:01.582Z"}
{"level":"info","message":"⌛ Building environment","timeElapsed":1074,"timestamp":"2025-11-22T21:16:02.773Z"}
{"level":"info","message":"⌛ Validating src/entitys.wlk","timeElapsed":907,"timestamp":"2025-11-22T21:16:03.682Z"}
{"level":"info","message":"⌛ Building environment","timeElapsed":1909,"timestamp":"2025-11-22T21:16:05.611Z"}
{"level":"info","message":"⌛ Autocomplete - Reference","timeElapsed":199,"timestamp":"2025-11-22T21:16:05.901Z"}
{"level":"info","message":"⌛ Building environment","timeElapsed":1183,"timestamp":"2025-11-22T21:16:07.085Z"}
{"level":"info","message":"⌛ Building environment","timeElapsed":858,"timestamp":"2025-11-22T21:16:08.176Z"}
{"level":"info","message":"⌛ Building environment","timeElapsed":1473,"timestamp":"2025-11-22T21:16:09.651Z"}
{"level":"info","message":"⌛ Building environment","timeElapsed":1242,"timestamp":"2025-11-22T21:16:10.907Z"}
{"level":"info","message":"⌛ Autocomplete - Body","timeElapsed":132,"timestamp":"2025-11-22T21:16:11.059Z"}
{"level":"info","message":"⌛ Building environment","timeElapsed":1945,"timestamp":"2025-11-22T21:16:13.117Z"}
{"level":"info","message":"⌛ Building environment","timeElapsed":711,"timestamp":"2025-11-22T21:16:14.018Z"}
{"level":"info","message":"⌛ Validating src/entitys.wlk","timeElapsed":497,"timestamp":"2025-11-22T21:16:14.517Z"}
{"level":"info","message":"⌛ Building environment","timeElapsed":765,"timestamp":"2025-11-22T21:16:15.301Z"}
{"level":"info","message":"⌛ Building environment","timeElapsed":866,"timestamp":"2025-11-22T21:16:16.169Z"}
{"level":"info","message":"⌛ Building environment","timeElapsed":1437,"timestamp":"2025-11-22T21:16:17.612Z"}
{"level":"info","message":"⌛ Building environment","timeElapsed":720,"timestamp":"2025-11-22T21:16:18.462Z"}
{"level":"info","message":"⌛ Building environment","timeElapsed":732,"timestamp":"2025-11-22T21:16:19.430Z"}
{"level":"info","message":"⌛ Building environment","timeElapsed":788,"timestamp":"2025-11-22T21:16:20.259Z"}
{"level":"info","message":"⌛ Validating src/entitys.wlk","timeElapsed":475,"timestamp":"2025-11-22T21:16:20.852Z"}
{"level":"info","message":"⌛ Validating src/entitys.wlk","timeElapsed":475,"timestamp":"2025-11-22T21:16:21.592Z"}
{"level":"info","message":"⌛ Validating src/entitys.wlk","timeElapsed":1040,"timestamp":"2025-11-22T21:16:22.717Z"}
{"level":"info","message":"⌛ Validating src/entitys.wlk","timeElapsed":519,"timestamp":"2025-11-22T21:16:23.237Z"}
{"level":"info","message":"⌛ Validating src/entitys.wlk","timeElapsed":562,"timestamp":"2025-11-22T21:16:23.804Z"}
{"level":"info","message":"⌛ Validating src/entitys.wlk","timeElapsed":544,"timestamp":"2025-11-22T21:16:24.618Z"}
{"level":"info","message":"⌛ Validating src/entitys.wlk","timeElapsed":624,"timestamp":"2025-11-22T21:16:25.409Z"}
{"level":"info","message":"⌛ Validating src/entitys.wlk","timeElapsed":453,"timestamp":"2025-11-22T21:16:25.941Z"}
{"level":"info","message":"⌛ Validating src/entitys.wlk","timeElapsed":431,"timestamp":"2025-11-22T21:16:26.392Z"}
{"level":"info","message":"⌛ Validating src/entitys.wlk","timeElapsed":809,"timestamp":"2025-11-22T21:16:27.202Z"}
{"level":"info","message":"⌛ Validating src/entitys.wlk","timeElapsed":492,"timestamp":"2025-11-22T21:16:27.729Z"}
{"level":"info","message":"⌛ Validating src/entitys.wlk","timeElapsed":534,"timestamp":"2025-11-22T21:16:28.318Z"}
{"level":"info","message":"⌛ Validating src/entitys.wlk","timeElapsed":493,"timestamp":"2025-11-22T21:16:28.826Z"}
{"level":"info","message":"⌛ Building environment","timeElapsed":1111,"timestamp":"2025-11-22T21:17:07.581Z"}
{"level":"info","message":"⌛ Building environment","timeElapsed":1037,"timestamp":"2025-11-22T21:17:08.884Z"}
{"level":"error","message":"✘ Completions for node Parameter ([480:24, 480:33] - src/entitys.wlk) failed: Error: [Parameter]{87c9fc} at src/entitys.wlk:480 exhausted all cases without a match [Parameter]{87c9fc} at src/entitys.wlk:480 exhausted all cases without a match","stack":"Error: [Parameter]{87c9fc} at src/entitys.wlk:480 exhausted all cases without a match\n    at c:\\Users\\Guido\\.vscode\\extensions\\uqbar.wollok-lsp-ide-0.5.3\\out\\server\\src\\server.js:38:6142\n    at D2 (c:\\Users\\Guido\\.vscode\\extensions\\uqbar.wollok-lsp-ide-0.5.3\\out\\server\\src\\server.js:2384:42)\n    at c:\\Users\\Guido\\.vscode\\extensions\\uqbar.wollok-lsp-ide-0.5.3\\out\\server\\src\\server.js:2384:2988\n    at c:\\Users\\Guido\\.vscode\\extensions\\uqbar.wollok-lsp-ide-0.5.3\\out\\server\\src\\server.js:2393:8440\n    at c:\\Users\\Guido\\.vscode\\extensions\\uqbar.wollok-lsp-ide-0.5.3\\out\\server\\src\\server.js:37:74872\n    at Ye (c:\\Users\\Guido\\.vscode\\extensions\\uqbar.wollok-lsp-ide-0.5.3\\out\\server\\src\\server.js:7:8527)\n    at qt (c:\\Users\\Guido\\.vscode\\extensions\\uqbar.wollok-lsp-ide-0.5.3\\out\\server\\src\\server.js:7:6189)\n    at ot (c:\\Users\\Guido\\.vscode\\extensions\\uqbar.wollok-lsp-ide-0.5.3\\out\\server\\src\\server.js:7:6378)\n    at Immediate._onImmediate (c:\\Users\\Guido\\.vscode\\extensions\\uqbar.wollok-lsp-ide-0.5.3\\out\\server\\src\\server.js:7:6142)\n    at process.processImmediate (node:internal/timers:485:21)","timestamp":"2025-11-22T21:17:09.101Z"}
{"level":"info","message":"⌛ Autocomplete - Parameter","timeElapsed":213,"timestamp":"2025-11-22T21:17:09.132Z"}
{"level":"info","message":"⌛ Building environment","timeElapsed":1049,"timestamp":"2025-11-22T21:17:10.382Z"}
{"level":"info","message":"⌛ Validating src/entitys.wlk","timeElapsed":1502,"timestamp":"2025-11-22T21:17:11.888Z"}
{"level":"info","message":"⌛ Building environment","timeElapsed":762,"timestamp":"2025-11-22T21:17:12.655Z"}
{"level":"error","message":"✘ Completions for node Parameter ([480:24, 480:33] - src/entitys.wlk) failed: Error: [Parameter]{64a945} at src/entitys.wlk:480 exhausted all cases without a match [Parameter]{64a945} at src/entitys.wlk:480 exhausted all cases without a match","stack":"Error: [Parameter]{64a945} at src/entitys.wlk:480 exhausted all cases without a match\n    at c:\\Users\\Guido\\.vscode\\extensions\\uqbar.wollok-lsp-ide-0.5.3\\out\\server\\src\\server.js:38:6142\n    at D2 (c:\\Users\\Guido\\.vscode\\extensions\\uqbar.wollok-lsp-ide-0.5.3\\out\\server\\src\\server.js:2384:42)\n    at c:\\Users\\Guido\\.vscode\\extensions\\uqbar.wollok-lsp-ide-0.5.3\\out\\server\\src\\server.js:2384:2988\n    at c:\\Users\\Guido\\.vscode\\extensions\\uqbar.wollok-lsp-ide-0.5.3\\out\\server\\src\\server.js:2393:8440\n    at c:\\Users\\Guido\\.vscode\\extensions\\uqbar.wollok-lsp-ide-0.5.3\\out\\server\\src\\server.js:37:74872\n    at Ye (c:\\Users\\Guido\\.vscode\\extensions\\uqbar.wollok-lsp-ide-0.5.3\\out\\server\\src\\server.js:7:8527)\n    at qt (c:\\Users\\Guido\\.vscode\\extensions\\uqbar.wollok-lsp-ide-0.5.3\\out\\server\\src\\server.js:7:6189)\n    at ot (c:\\Users\\Guido\\.vscode\\extensions\\uqbar.wollok-lsp-ide-0.5.3\\out\\server\\src\\server.js:7:6378)\n    at Immediate._onImmediate (c:\\Users\\Guido\\.vscode\\extensions\\uqbar.wollok-lsp-ide-0.5.3\\out\\server\\src\\server.js:7:6142)\n    at process.processImmediate (node:internal/timers:485:21)","timestamp":"2025-11-22T21:17:12.794Z"}
{"level":"info","message":"⌛ Autocomplete - Parameter","timeElapsed":130,"timestamp":"2025-11-22T21:17:12.800Z"}
{"level":"info","message":"⌛ Building environment","timeElapsed":776,"timestamp":"2025-11-22T21:17:13.779Z"}
{"level":"info","message":"⌛ Validating src/entitys.wlk","timeElapsed":628,"timestamp":"2025-11-22T21:17:14.536Z"}
{"level":"info","message":"⌛ Validating src/entitys.wlk","timeElapsed":559,"timestamp":"2025-11-22T21:17:15.214Z"}
{"level":"info","message":"⌛ Validating src/entitys.wlk","timeElapsed":552,"timestamp":"2025-11-22T21:17:15.849Z"}
{"level":"info","message":"⌛ Validating src/entitys.wlk","timeElapsed":676,"timestamp":"2025-11-22T21:17:16.637Z"}
{"level":"info","message":"⌛ Building environment","timeElapsed":868,"timestamp":"2025-11-22T21:17:31.268Z"}
{"level":"info","message":"⌛ Building environment","timeElapsed":1128,"timestamp":"2025-11-22T21:17:32.579Z"}
{"level":"error","message":"✘ Completions for node Send ([481:9, 481:34] - src/entitys.wlk) failed: Error: [Send]{49face} at src/entitys.wlk:481 exhausted all cases without a match [Send]{49face} at src/entitys.wlk:481 exhausted all cases without a match","stack":"Error: [Send]{49face} at src/entitys.wlk:481 exhausted all cases without a match\n    at c:\\Users\\Guido\\.vscode\\extensions\\uqbar.wollok-lsp-ide-0.5.3\\out\\server\\src\\server.js:38:6142\n    at D2 (c:\\Users\\Guido\\.vscode\\extensions\\uqbar.wollok-lsp-ide-0.5.3\\out\\server\\src\\server.js:2384:42)\n    at Qh (c:\\Users\\Guido\\.vscode\\extensions\\uqbar.wollok-lsp-ide-0.5.3\\out\\server\\src\\server.js:2384:1092)\n    at k6n (c:\\Users\\Guido\\.vscode\\extensions\\uqbar.wollok-lsp-ide-0.5.3\\out\\server\\src\\server.js:2384:1248)\n    at c:\\Users\\Guido\\.vscode\\extensions\\uqbar.wollok-lsp-ide-0.5.3\\out\\server\\src\\server.js:38:6131\n    at D2 (c:\\Users\\Guido\\.vscode\\extensions\\uqbar.wollok-lsp-ide-0.5.3\\out\\server\\src\\server.js:2384:42)\n    at c:\\Users\\Guido\\.vscode\\extensions\\uqbar.wollok-lsp-ide-0.5.3\\out\\server\\src\\server.js:2384:2988\n    at c:\\Users\\Guido\\.vscode\\extensions\\uqbar.wollok-lsp-ide-0.5.3\\out\\server\\src\\server.js:2393:8440\n    at c:\\Users\\Guido\\.vscode\\extensions\\uqbar.wollok-lsp-ide-0.5.3\\out\\server\\src\\server.js:37:74872\n    at Ye (c:\\Users\\Guido\\.vscode\\extensions\\uqbar.wollok-lsp-ide-0.5.3\\out\\server\\src\\server.js:7:8527)","timestamp":"2025-11-22T21:17:32.763Z"}
{"level":"info","message":"⌛ Autocomplete - Reference","timeElapsed":159,"timestamp":"2025-11-22T21:17:32.771Z"}
{"level":"info","message":"⌛ Validating src/entitys.wlk","timeElapsed":581,"timestamp":"2025-11-22T21:17:33.454Z"}
{"level":"info","message":"⌛ Building environment","timeElapsed":709,"timestamp":"2025-11-22T21:17:34.172Z"}
{"level":"info","message":"⌛ Building environment","timeElapsed":691,"timestamp":"2025-11-22T21:17:34.869Z"}
{"level":"error","message":"✘ Completions for node Send ([481:9, 481:34] - src/entitys.wlk) failed: Error: [Send]{644fdf} at src/entitys.wlk:481 exhausted all cases without a match [Send]{644fdf} at src/entitys.wlk:481 exhausted all cases without a match","stack":"Error: [Send]{644fdf} at src/entitys.wlk:481 exhausted all cases without a match\n    at c:\\Users\\Guido\\.vscode\\extensions\\uqbar.wollok-lsp-ide-0.5.3\\out\\server\\src\\server.js:38:6142\n    at D2 (c:\\Users\\Guido\\.vscode\\extensions\\uqbar.wollok-lsp-ide-0.5.3\\out\\server\\src\\server.js:2384:42)\n    at Qh (c:\\Users\\Guido\\.vscode\\extensions\\uqbar.wollok-lsp-ide-0.5.3\\out\\server\\src\\server.js:2384:1092)\n    at k6n (c:\\Users\\Guido\\.vscode\\extensions\\uqbar.wollok-lsp-ide-0.5.3\\out\\server\\src\\server.js:2384:1248)\n    at c:\\Users\\Guido\\.vscode\\extensions\\uqbar.wollok-lsp-ide-0.5.3\\out\\server\\src\\server.js:38:6131\n    at D2 (c:\\Users\\Guido\\.vscode\\extensions\\uqbar.wollok-lsp-ide-0.5.3\\out\\server\\src\\server.js:2384:42)\n    at c:\\Users\\Guido\\.vscode\\extensions\\uqbar.wollok-lsp-ide-0.5.3\\out\\server\\src\\server.js:2384:2988\n    at c:\\Users\\Guido\\.vscode\\extensions\\uqbar.wollok-lsp-ide-0.5.3\\out\\server\\src\\server.js:2393:8440\n    at c:\\Users\\Guido\\.vscode\\extensions\\uqbar.wollok-lsp-ide-0.5.3\\out\\server\\src\\server.js:37:74872\n    at Ye (c:\\Users\\Guido\\.vscode\\extensions\\uqbar.wollok-lsp-ide-0.5.3\\out\\server\\src\\server.js:7:8527)","timestamp":"2025-11-22T21:17:35.037Z"}
{"level":"info","message":"⌛ Autocomplete - Reference","timeElapsed":106,"timestamp":"2025-11-22T21:17:35.042Z"}
{"level":"info","message":"⌛ Building environment","timeElapsed":1126,"timestamp":"2025-11-22T21:17:36.263Z"}
{"level":"info","message":"⌛ Validating src/entitys.wlk","timeElapsed":528,"timestamp":"2025-11-22T21:17:36.850Z"}
{"level":"info","message":"⌛ Validating src/entitys.wlk","timeElapsed":647,"timestamp":"2025-11-22T21:17:37.718Z"}
{"level":"info","message":"⌛ Validating src/entitys.wlk","timeElapsed":640,"timestamp":"2025-11-22T21:17:38.362Z"}
{"level":"info","message":"⌛ Validating src/entitys.wlk","timeElapsed":425,"timestamp":"2025-11-22T21:17:38.803Z"}
{"level":"info","message":"⌛ Building environment","timeElapsed":595,"timestamp":"2025-11-22T21:17:50.423Z"}
{"level":"info","message":"⌛ Building environment","timeElapsed":553,"timestamp":"2025-11-22T21:17:51.003Z"}
{"level":"info","message":"⌛ Validating src/items.wlk","timeElapsed":654,"timestamp":"2025-11-22T21:17:51.708Z"}
{"level":"info","message":"⌛ Validating src/items.wlk","timeElapsed":524,"timestamp":"2025-11-22T21:17:52.243Z"}
{"level":"info","message":"⌛ Building environment","timeElapsed":771,"timestamp":"2025-11-22T21:17:53.017Z"}
{"level":"info","message":"⌛ Building environment","timeElapsed":904,"timestamp":"2025-11-22T21:17:53.962Z"}
{"level":"info","message":"⌛ Autocomplete - Reference","timeElapsed":152,"timestamp":"2025-11-22T21:17:54.170Z"}
{"level":"info","message":"⌛ Building environment","timeElapsed":597,"timestamp":"2025-11-22T21:17:54.833Z"}
{"level":"info","message":"⌛ Validating src/items.wlk","timeElapsed":625,"timestamp":"2025-11-22T21:17:55.527Z"}
{"level":"info","message":"⌛ Building environment","timeElapsed":728,"timestamp":"2025-11-22T21:17:56.263Z"}
{"level":"info","message":"⌛ Building environment","timeElapsed":782,"timestamp":"2025-11-22T21:17:57.054Z"}
{"level":"info","message":"⌛ Building environment","timeElapsed":615,"timestamp":"2025-11-22T21:17:57.736Z"}
{"level":"info","message":"⌛ Autocomplete - Body","timeElapsed":135,"timestamp":"2025-11-22T21:17:57.898Z"}
{"level":"info","message":"⌛ Building environment","timeElapsed":522,"timestamp":"2025-11-22T21:17:58.468Z"}
{"level":"info","message":"⌛ Validating src/items.wlk","timeElapsed":753,"timestamp":"2025-11-22T21:17:59.253Z"}
{"level":"info","message":"⌛ Building environment","timeElapsed":518,"timestamp":"2025-11-22T21:17:59.773Z"}
{"level":"info","message":"⌛ Building environment","timeElapsed":886,"timestamp":"2025-11-22T21:18:00.670Z"}
{"level":"info","message":"⌛ Building environment","timeElapsed":464,"timestamp":"2025-11-22T21:18:01.136Z"}
{"level":"info","message":"⌛ Validating src/items.wlk","timeElapsed":484,"timestamp":"2025-11-22T21:18:01.675Z"}
{"level":"info","message":"⌛ Building environment","timeElapsed":427,"timestamp":"2025-11-22T21:18:02.123Z"}
{"level":"info","message":"⌛ Building environment","timeElapsed":489,"timestamp":"2025-11-22T21:18:02.648Z"}
{"level":"info","message":"⌛ Validating src/items.wlk","timeElapsed":513,"timestamp":"2025-11-22T21:18:03.216Z"}
{"level":"info","message":"⌛ Validating src/items.wlk","timeElapsed":480,"timestamp":"2025-11-22T21:18:03.722Z"}
{"level":"info","message":"⌛ Validating src/items.wlk","timeElapsed":515,"timestamp":"2025-11-22T21:18:04.239Z"}
{"level":"info","message":"⌛ Validating src/items.wlk","timeElapsed":501,"timestamp":"2025-11-22T21:18:04.740Z"}
{"level":"info","message":"⌛ Validating src/items.wlk","timeElapsed":507,"timestamp":"2025-11-22T21:18:06.129Z"}
{"level":"info","message":"⌛ Validating src/items.wlk","timeElapsed":540,"timestamp":"2025-11-22T21:18:06.670Z"}
{"level":"info","message":"⌛ Validating src/items.wlk","timeElapsed":450,"timestamp":"2025-11-22T21:18:07.133Z"}
{"level":"info","message":"⌛ Validating src/items.wlk","timeElapsed":478,"timestamp":"2025-11-22T21:18:07.648Z"}
{"level":"info","message":"⌛ Validating src/items.wlk","timeElapsed":446,"timestamp":"2025-11-22T21:18:08.103Z"}
{"level":"info","message":"⌛ Building environment","timeElapsed":554,"timestamp":"2025-11-22T21:18:29.342Z"}
{"level":"info","message":"⌛ Validating src/items.wlk","timeElapsed":498,"timestamp":"2025-11-22T21:18:29.871Z"}
{"level":"info","message":"⌛ Building environment","timeElapsed":572,"timestamp":"2025-11-22T21:18:30.491Z"}
{"level":"info","message":"⌛ Validating src/items.wlk","timeElapsed":726,"timestamp":"2025-11-22T21:18:31.241Z"}
{"level":"info","message":"⌛ Building environment","timeElapsed":757,"timestamp":"2025-11-22T21:18:32.003Z"}
{"level":"info","message":"⌛ Autocomplete - Class","timeElapsed":108,"timestamp":"2025-11-22T21:18:32.149Z"}
{"level":"info","message":"⌛ Building environment","timeElapsed":747,"timestamp":"2025-11-22T21:18:32.902Z"}
{"level":"info","message":"⌛ Building environment","timeElapsed":678,"timestamp":"2025-11-22T21:18:33.584Z"}
{"level":"info","message":"⌛ Building environment","timeElapsed":404,"timestamp":"2025-11-22T21:18:33.989Z"}
{"level":"info","message":"⌛ Building environment","timeElapsed":539,"timestamp":"2025-11-22T21:18:34.589Z"}
{"level":"error","message":"✘ Failed to rebuild document Failed to parse src/items.wlk: \n-- PARSING FAILED --------------------------------------------------\n\n  21 | \n  22 | \tmethod\n> 23 | }\n     | ^\n  24 | \n  25 | // La clase para las boombas con sus funciones\n\nExpected one of the following: \n\n'!=', '!==', '%', '&&', '*', '**', '+', '-', '->', '..', '..<', '/', '<', '<<', '<<<', '<=', '<=>', '<>', '==', '===', '>', '>..', '>=', '>>', '>>>', '?:', 'and', 'invert', 'negate', 'or', 'plus', '||', identifier, whitespace\n","stack":"Error: Failed to parse src/items.wlk: \n-- PARSING FAILED --------------------------------------------------\n\n  21 | \n  22 | \tmethod\n> 23 | }\n     | ^\n  24 | \n  25 | // La clase para las boombas con sus funciones\n\nExpected one of the following: \n\n'!=', '!==', '%', '&&', '*', '**', '+', '-', '->', '..', '..<', '/', '<', '<<', '<<<', '<=', '<=>', '<>', '==', '===', '>', '>..', '>=', '>>', '>>>', '?:', 'and', 'invert', 'negate', 'or', 'plus', '||', identifier, whitespace\n\n    at c:\\Users\\Guido\\.vscode\\extensions\\uqbar.wollok-lsp-ide-0.5.3\\out\\server\\src\\server.js:2348:13026\n    at Array.map (<anonymous>)\n    at W1n (c:\\Users\\Guido\\.vscode\\extensions\\uqbar.wollok-lsp-ide-0.5.3\\out\\server\\src\\server.js:2348:12950)\n    at U2.buildEnvironmentFrom (c:\\Users\\Guido\\.vscode\\extensions\\uqbar.wollok-lsp-ide-0.5.3\\out\\server\\src\\server.js:2393:5254)\n    at U2.updateEnvironmentWith (c:\\Users\\Guido\\.vscode\\extensions\\uqbar.wollok-lsp-ide-0.5.3\\out\\server\\src\\server.js:2393:4989)\n    at JF (c:\\Users\\Guido\\.vscode\\extensions\\uqbar.wollok-lsp-ide-0.5.3\\out\\server\\src\\server.js:2393:7383)\n    at F3.invoke (c:\\Users\\Guido\\.vscode\\extensions\\uqbar.wollok-lsp-ide-0.5.3\\out\\server\\src\\server.js:3:157334)\n    at o.fire (c:\\Users\\Guido\\.vscode\\extensions\\uqbar.wollok-lsp-ide-0.5.3\\out\\server\\src\\server.js:3:158104)\n    at c:\\Users\\Guido\\.vscode\\extensions\\uqbar.wollok-lsp-ide-0.5.3\\out\\server\\src\\server.js:37:57871\n    at Zr (c:\\Users\\Guido\\.vscode\\extensions\\uqbar.wollok-lsp-ide-0.5.3\\out\\server\\src\\server.js:8:1561)","timestamp":"2025-11-22T21:18:34.839Z"}
{"level":"error","message":"✘ Failed to rebuild document Failed to parse src/items.wlk: \n-- PARSING FAILED --------------------------------------------------\n\n  21 | \n  22 | \tmethod \n> 23 | }\n     | ^\n  24 | \n  25 | // La clase para las boombas con sus funciones\n\nExpected one of the following: \n\n'!=', '!==', '%', '&&', '*', '**', '+', '-', '->', '..', '..<', '/', '<', '<<', '<<<', '<=', '<=>', '<>', '==', '===', '>', '>..', '>=', '>>', '>>>', '?:', 'and', 'invert', 'negate', 'or', 'plus', '||', identifier, whitespace\n","stack":"Error: Failed to parse src/items.wlk: \n-- PARSING FAILED --------------------------------------------------\n\n  21 | \n  22 | \tmethod \n> 23 | }\n     | ^\n  24 | \n  25 | // La clase para las boombas con sus funciones\n\nExpected one of the following: \n\n'!=', '!==', '%', '&&', '*', '**', '+', '-', '->', '..', '..<', '/', '<', '<<', '<<<', '<=', '<=>', '<>', '==', '===', '>', '>..', '>=', '>>', '>>>', '?:', 'and', 'invert', 'negate', 'or', 'plus', '||', identifier, whitespace\n\n    at c:\\Users\\Guido\\.vscode\\extensions\\uqbar.wollok-lsp-ide-0.5.3\\out\\server\\src\\server.js:2348:13026\n    at Array.map (<anonymous>)\n    at W1n (c:\\Users\\Guido\\.vscode\\extensions\\uqbar.wollok-lsp-ide-0.5.3\\out\\server\\src\\server.js:2348:12950)\n    at U2.buildEnvironmentFrom (c:\\Users\\Guido\\.vscode\\extensions\\uqbar.wollok-lsp-ide-0.5.3\\out\\server\\src\\server.js:2393:5254)\n    at U2.updateEnvironmentWith (c:\\Users\\Guido\\.vscode\\extensions\\uqbar.wollok-lsp-ide-0.5.3\\out\\server\\src\\server.js:2393:4989)\n    at JF (c:\\Users\\Guido\\.vscode\\extensions\\uqbar.wollok-lsp-ide-0.5.3\\out\\server\\src\\server.js:2393:7383)\n    at F3.invoke (c:\\Users\\Guido\\.vscode\\extensions\\uqbar.wollok-lsp-ide-0.5.3\\out\\server\\src\\server.js:3:157334)\n    at o.fire (c:\\Users\\Guido\\.vscode\\extensions\\uqbar.wollok-lsp-ide-0.5.3\\out\\server\\src\\server.js:3:158104)\n    at c:\\Users\\Guido\\.vscode\\extensions\\uqbar.wollok-lsp-ide-0.5.3\\out\\server\\src\\server.js:37:57871\n    at Zr (c:\\Users\\Guido\\.vscode\\extensions\\uqbar.wollok-lsp-ide-0.5.3\\out\\server\\src\\server.js:8:1561)","timestamp":"2025-11-22T21:18:34.908Z"}
{"level":"info","message":"⌛ Building environment","timeElapsed":480,"timestamp":"2025-11-22T21:18:35.392Z"}
{"level":"info","message":"⌛ Validating src/items.wlk","timeElapsed":441,"timestamp":"2025-11-22T21:18:35.849Z"}
{"level":"info","message":"⌛ Building environment","timeElapsed":1251,"timestamp":"2025-11-22T21:18:37.105Z"}
{"level":"info","message":"⌛ Autocomplete - Method","timeElapsed":157,"timestamp":"2025-11-22T21:18:37.272Z"}
{"level":"info","message":"⌛ Building environment","timeElapsed":416,"timestamp":"2025-11-22T21:18:37.697Z"}
{"level":"info","message":"⌛ Building environment","timeElapsed":418,"timestamp":"2025-11-22T21:18:38.183Z"}
{"level":"info","message":"⌛ Validating src/items.wlk","timeElapsed":530,"timestamp":"2025-11-22T21:18:38.718Z"}
{"level":"info","message":"⌛ Building environment","timeElapsed":398,"timestamp":"2025-11-22T21:18:39.139Z"}
{"level":"info","message":"⌛ Building environment","timeElapsed":414,"timestamp":"2025-11-22T21:18:39.603Z"}
{"level":"info","message":"⌛ Validating src/items.wlk","timeElapsed":461,"timestamp":"2025-11-22T21:18:40.111Z"}
{"level":"info","message":"⌛ Validating src/items.wlk","timeElapsed":465,"timestamp":"2025-11-22T21:18:40.578Z"}
{"level":"info","message":"⌛ Building environment","timeElapsed":396,"timestamp":"2025-11-22T21:18:40.985Z"}
{"level":"info","message":"⌛ Validating src/items.wlk","timeElapsed":753,"timestamp":"2025-11-22T21:18:41.741Z"}
{"level":"info","message":"⌛ Validating src/items.wlk","timeElapsed":633,"timestamp":"2025-11-22T21:18:42.470Z"}
{"level":"info","message":"⌛ Building environment","timeElapsed":530,"timestamp":"2025-11-22T21:18:43.004Z"}
{"level":"info","message":"⌛ Building environment","timeElapsed":875,"timestamp":"2025-11-22T21:18:43.984Z"}
{"level":"info","message":"⌛ Validating src/items.wlk","timeElapsed":666,"timestamp":"2025-11-22T21:18:45.170Z"}
{"level":"info","message":"⌛ Validating src/items.wlk","timeElapsed":752,"timestamp":"2025-11-22T21:18:45.930Z"}
{"level":"info","message":"⌛ Validating src/items.wlk","timeElapsed":623,"timestamp":"2025-11-22T21:18:46.589Z"}
{"level":"info","message":"⌛ Validating src/items.wlk","timeElapsed":514,"timestamp":"2025-11-22T21:18:47.112Z"}
{"level":"info","message":"⌛ Validating src/items.wlk","timeElapsed":669,"timestamp":"2025-11-22T21:18:47.789Z"}
{"level":"info","message":"⌛ Validating src/items.wlk","timeElapsed":708,"timestamp":"2025-11-22T21:18:48.505Z"}
{"level":"info","message":"⌛ Building environment","timeElapsed":612,"timestamp":"2025-11-22T21:18:49.130Z"}
{"level":"info","message":"⌛ Autocomplete - Reference","timeElapsed":123,"timestamp":"2025-11-22T21:18:49.271Z"}
{"level":"info","message":"⌛ Building environment","timeElapsed":561,"timestamp":"2025-11-22T21:18:49.833Z"}
{"level":"info","message":"⌛ Building environment","timeElapsed":1158,"timestamp":"2025-11-22T21:18:51.074Z"}
{"level":"info","message":"⌛ Building environment","timeElapsed":618,"timestamp":"2025-11-22T21:18:51.742Z"}
{"level":"info","message":"⌛ Building environment","timeElapsed":598,"timestamp":"2025-11-22T21:18:52.440Z"}
{"level":"info","message":"⌛ Autocomplete - Body","timeElapsed":127,"timestamp":"2025-11-22T21:18:52.571Z"}
{"level":"info","message":"⌛ Validating src/items.wlk","timeElapsed":1331,"timestamp":"2025-11-22T21:18:53.933Z"}
{"level":"info","message":"⌛ Building environment","timeElapsed":810,"timestamp":"2025-11-22T21:18:54.792Z"}
{"level":"info","message":"⌛ Building environment","timeElapsed":649,"timestamp":"2025-11-22T21:18:55.520Z"}
{"level":"info","message":"⌛ Building environment","timeElapsed":1565,"timestamp":"2025-11-22T21:18:57.140Z"}
{"level":"info","message":"⌛ Validating src/items.wlk","timeElapsed":1681,"timestamp":"2025-11-22T21:18:58.823Z"}
{"level":"info","message":"⌛ Building environment","timeElapsed":805,"timestamp":"2025-11-22T21:18:59.708Z"}
{"level":"info","message":"⌛ Building environment","timeElapsed":875,"timestamp":"2025-11-22T21:19:00.675Z"}
{"level":"info","message":"⌛ Building environment","timeElapsed":444,"timestamp":"2025-11-22T21:19:01.163Z"}
{"level":"info","message":"⌛ Building environment","timeElapsed":513,"timestamp":"2025-11-22T21:19:01.732Z"}
{"level":"info","message":"⌛ Building environment","timeElapsed":449,"timestamp":"2025-11-22T21:19:02.190Z"}
{"level":"info","message":"⌛ Building environment","timeElapsed":657,"timestamp":"2025-11-22T21:19:02.902Z"}
{"level":"info","message":"⌛ Building environment","timeElapsed":530,"timestamp":"2025-11-22T21:19:03.439Z"}
{"level":"info","message":"⌛ Building environment","timeElapsed":646,"timestamp":"2025-11-22T21:19:04.153Z"}
{"level":"info","message":"⌛ Building environment","timeElapsed":533,"timestamp":"2025-11-22T21:19:04.780Z"}
{"level":"info","message":"⌛ Building environment","timeElapsed":626,"timestamp":"2025-11-22T21:19:05.408Z"}
{"level":"info","message":"⌛ Validating src/items.wlk","timeElapsed":915,"timestamp":"2025-11-22T21:19:06.434Z"}
{"level":"info","message":"⌛ Building environment","timeElapsed":448,"timestamp":"2025-11-22T21:19:06.888Z"}
{"level":"info","message":"⌛ Building environment","timeElapsed":448,"timestamp":"2025-11-22T21:19:07.371Z"}
{"level":"info","message":"⌛ Building environment","timeElapsed":518,"timestamp":"2025-11-22T21:19:07.892Z"}
{"level":"info","message":"⌛ Building environment","timeElapsed":406,"timestamp":"2025-11-22T21:19:08.340Z"}
{"level":"info","message":"⌛ Validating src/items.wlk","timeElapsed":445,"timestamp":"2025-11-22T21:19:08.833Z"}
{"level":"info","message":"⌛ Validating src/items.wlk","timeElapsed":445,"timestamp":"2025-11-22T21:19:09.282Z"}
{"level":"info","message":"⌛ Validating src/items.wlk","timeElapsed":487,"timestamp":"2025-11-22T21:19:09.769Z"}
{"level":"info","message":"⌛ Validating src/items.wlk","timeElapsed":549,"timestamp":"2025-11-22T21:19:10.334Z"}
{"level":"info","message":"⌛ Validating src/items.wlk","timeElapsed":606,"timestamp":"2025-11-22T21:19:10.942Z"}
{"level":"info","message":"⌛ Validating src/items.wlk","timeElapsed":789,"timestamp":"2025-11-22T21:19:11.734Z"}
{"level":"info","message":"⌛ Validating src/items.wlk","timeElapsed":849,"timestamp":"2025-11-22T21:19:12.592Z"}
{"level":"info","message":"⌛ Validating src/items.wlk","timeElapsed":479,"timestamp":"2025-11-22T21:19:13.113Z"}
{"level":"info","message":"⌛ Validating src/items.wlk","timeElapsed":537,"timestamp":"2025-11-22T21:19:13.672Z"}
{"level":"info","message":"⌛ Validating src/items.wlk","timeElapsed":423,"timestamp":"2025-11-22T21:19:14.104Z"}
{"level":"info","message":"⌛ Validating src/items.wlk","timeElapsed":456,"timestamp":"2025-11-22T21:19:14.572Z"}
{"level":"info","message":"⌛ Validating src/items.wlk","timeElapsed":409,"timestamp":"2025-11-22T21:19:14.993Z"}
{"level":"info","message":"⌛ Validating src/items.wlk","timeElapsed":436,"timestamp":"2025-11-22T21:19:15.440Z"}
{"level":"info","message":"⌛ Validating src/items.wlk","timeElapsed":428,"timestamp":"2025-11-22T21:19:15.887Z"}
{"level":"info","message":"⌛ Validating src/items.wlk","timeElapsed":410,"timestamp":"2025-11-22T21:19:16.384Z"}
{"level":"info","message":"⌛ Validating src/items.wlk","timeElapsed":441,"timestamp":"2025-11-22T21:19:16.842Z"}
{"level":"info","message":"⌛ Validating src/items.wlk","timeElapsed":402,"timestamp":"2025-11-22T21:19:17.253Z"}
{"level":"info","message":"⌛ Validating src/items.wlk","timeElapsed":417,"timestamp":"2025-11-22T21:19:17.874Z"}
{"level":"info","message":"⌛ Validating src/items.wlk","timeElapsed":587,"timestamp":"2025-11-22T21:19:18.532Z"}
{"level":"info","message":"⌛ Validating src/items.wlk","timeElapsed":404,"timestamp":"2025-11-22T21:19:18.954Z"}
{"level":"info","message":"⌛ Validating src/items.wlk","timeElapsed":545,"timestamp":"2025-11-22T21:19:19.514Z"}
{"level":"info","message":"⌛ Building environment","timeElapsed":592,"timestamp":"2025-11-22T21:19:31.113Z"}
{"level":"info","message":"⌛ Validating src/obstacles.wlk","timeElapsed":566,"timestamp":"2025-11-22T21:19:31.710Z"}
{"level":"info","message":"⌛ Building environment","timeElapsed":890,"timestamp":"2025-11-22T21:19:32.601Z"}
{"level":"error","message":"✘ Completions for node If ([10:3, 16:4] - src/obstacles.wlk) failed: Error: [If]{9f1efd} at src/obstacles.wlk:10 exhausted all cases without a match [If]{9f1efd} at src/obstacles.wlk:10 exhausted all cases without a match","stack":"Error: [If]{9f1efd} at src/obstacles.wlk:10 exhausted all cases without a match\n    at c:\\Users\\Guido\\.vscode\\extensions\\uqbar.wollok-lsp-ide-0.5.3\\out\\server\\src\\server.js:38:6142\n    at D2 (c:\\Users\\Guido\\.vscode\\extensions\\uqbar.wollok-lsp-ide-0.5.3\\out\\server\\src\\server.js:2384:42)\n    at Qh (c:\\Users\\Guido\\.vscode\\extensions\\uqbar.wollok-lsp-ide-0.5.3\\out\\server\\src\\server.js:2384:1092)\n    at v6n (c:\\Users\\Guido\\.vscode\\extensions\\uqbar.wollok-lsp-ide-0.5.3\\out\\server\\src\\server.js:2384:818)\n    at c:\\Users\\Guido\\.vscode\\extensions\\uqbar.wollok-lsp-ide-0.5.3\\out\\server\\src\\server.js:38:6131\n    at D2 (c:\\Users\\Guido\\.vscode\\extensions\\uqbar.wollok-lsp-ide-0.5.3\\out\\server\\src\\server.js:2384:42)\n    at Qh (c:\\Users\\Guido\\.vscode\\extensions\\uqbar.wollok-lsp-ide-0.5.3\\out\\server\\src\\server.js:2384:1092)\n    at k6n (c:\\Users\\Guido\\.vscode\\extensions\\uqbar.wollok-lsp-ide-0.5.3\\out\\server\\src\\server.js:2384:1248)\n    at c:\\Users\\Guido\\.vscode\\extensions\\uqbar.wollok-lsp-ide-0.5.3\\out\\server\\src\\server.js:38:6131\n    at D2 (c:\\Users\\Guido\\.vscode\\extensions\\uqbar.wollok-lsp-ide-0.5.3\\out\\server\\src\\server.js:2384:42)","timestamp":"2025-11-22T21:19:32.790Z"}
{"level":"info","message":"⌛ Autocomplete - Reference","timeElapsed":174,"timestamp":"2025-11-22T21:19:32.801Z"}
{"level":"info","message":"⌛ Building environment","timeElapsed":443,"timestamp":"2025-11-22T21:19:33.277Z"}
{"level":"info","message":"⌛ Building environment","timeElapsed":501,"timestamp":"2025-11-22T21:19:33.791Z"}
{"level":"info","message":"⌛ Building environment","timeElapsed":782,"timestamp":"2025-11-22T21:19:34.584Z"}
{"level":"info","message":"⌛ Building environment","timeElapsed":480,"timestamp":"2025-11-22T21:19:35.067Z"}
{"level":"info","message":"⌛ Building environment","timeElapsed":506,"timestamp":"2025-11-22T21:19:35.574Z"}
{"level":"info","message":"⌛ Building environment","timeElapsed":802,"timestamp":"2025-11-22T21:19:36.442Z"}
{"level":"info","message":"⌛ Validating src/obstacles.wlk","timeElapsed":1301,"timestamp":"2025-11-22T21:19:37.773Z"}
{"level":"info","message":"⌛ Validating src/obstacles.wlk","timeElapsed":764,"timestamp":"2025-11-22T21:19:38.537Z"}
{"level":"info","message":"⌛ Validating src/obstacles.wlk","timeElapsed":759,"timestamp":"2025-11-22T21:19:39.302Z"}
{"level":"info","message":"⌛ Validating src/obstacles.wlk","timeElapsed":416,"timestamp":"2025-11-22T21:19:39.847Z"}
{"level":"info","message":"⌛ Validating src/obstacles.wlk","timeElapsed":559,"timestamp":"2025-11-22T21:19:40.432Z"}
{"level":"info","message":"⌛ Validating src/obstacles.wlk","timeElapsed":632,"timestamp":"2025-11-22T21:19:41.144Z"}
{"level":"info","message":"⌛ Building environment","timeElapsed":827,"timestamp":"2025-11-22T21:19:42.004Z"}
{"level":"info","message":"⌛ Validating src/obstacles.wlk","timeElapsed":818,"timestamp":"2025-11-22T21:19:42.941Z"}
{"level":"info","message":"⌛ Building environment","timeElapsed":420,"timestamp":"2025-11-22T21:19:43.584Z"}
{"level":"info","message":"⌛ Building environment","timeElapsed":819,"timestamp":"2025-11-22T21:19:44.454Z"}
{"level":"error","message":"✘ Completions for node If ([10:3, 17:4] - src/obstacles.wlk) failed: Error: [If]{7aace3} at src/obstacles.wlk:10 exhausted all cases without a match [If]{7aace3} at src/obstacles.wlk:10 exhausted all cases without a match","stack":"Error: [If]{7aace3} at src/obstacles.wlk:10 exhausted all cases without a match\n    at c:\\Users\\Guido\\.vscode\\extensions\\uqbar.wollok-lsp-ide-0.5.3\\out\\server\\src\\server.js:38:6142\n    at D2 (c:\\Users\\Guido\\.vscode\\extensions\\uqbar.wollok-lsp-ide-0.5.3\\out\\server\\src\\server.js:2384:42)\n    at Qh (c:\\Users\\Guido\\.vscode\\extensions\\uqbar.wollok-lsp-ide-0.5.3\\out\\server\\src\\server.js:2384:1092)\n    at v6n (c:\\Users\\Guido\\.vscode\\extensions\\uqbar.wollok-lsp-ide-0.5.3\\out\\server\\src\\server.js:2384:818)\n    at c:\\Users\\Guido\\.vscode\\extensions\\uqbar.wollok-lsp-ide-0.5.3\\out\\server\\src\\server.js:38:6131\n    at D2 (c:\\Users\\Guido\\.vscode\\extensions\\uqbar.wollok-lsp-ide-0.5.3\\out\\server\\src\\server.js:2384:42)\n    at Qh (c:\\Users\\Guido\\.vscode\\extensions\\uqbar.wollok-lsp-ide-0.5.3\\out\\server\\src\\server.js:2384:1092)\n    at k6n (c:\\Users\\Guido\\.vscode\\extensions\\uqbar.wollok-lsp-ide-0.5.3\\out\\server\\src\\server.js:2384:1248)\n    at c:\\Users\\Guido\\.vscode\\extensions\\uqbar.wollok-lsp-ide-0.5.3\\out\\server\\src\\server.js:38:6131\n    at D2 (c:\\Users\\Guido\\.vscode\\extensions\\uqbar.wollok-lsp-ide-0.5.3\\out\\server\\src\\server.js:2384:42)","timestamp":"2025-11-22T21:19:44.603Z"}
{"level":"info","message":"⌛ Autocomplete - Reference","timeElapsed":138,"timestamp":"2025-11-22T21:19:44.616Z"}
{"level":"info","message":"⌛ Building environment","timeElapsed":580,"timestamp":"2025-11-22T21:19:45.204Z"}
{"level":"info","message":"⌛ Building environment","timeElapsed":566,"timestamp":"2025-11-22T21:19:45.772Z"}
{"level":"info","message":"⌛ Building environment","timeElapsed":502,"timestamp":"2025-11-22T21:19:46.277Z"}
{"level":"info","message":"⌛ Building environment","timeElapsed":548,"timestamp":"2025-11-22T21:19:46.840Z"}
{"level":"info","message":"⌛ Building environment","timeElapsed":374,"timestamp":"2025-11-22T21:19:47.277Z"}
{"level":"info","message":"⌛ Building environment","timeElapsed":441,"timestamp":"2025-11-22T21:19:47.743Z"}
{"level":"info","message":"⌛ Validating src/obstacles.wlk","timeElapsed":508,"timestamp":"2025-11-22T21:19:48.269Z"}
{"level":"info","message":"⌛ Validating src/obstacles.wlk","timeElapsed":414,"timestamp":"2025-11-22T21:19:48.866Z"}
{"level":"info","message":"⌛ Validating src/obstacles.wlk","timeElapsed":597,"timestamp":"2025-11-22T21:19:49.464Z"}
{"level":"info","message":"⌛ Building environment","timeElapsed":403,"timestamp":"2025-11-22T21:19:49.907Z"}
{"level":"info","message":"⌛ Validating src/obstacles.wlk","timeElapsed":480,"timestamp":"2025-11-22T21:19:50.447Z"}
{"level":"info","message":"⌛ Validating src/obstacles.wlk","timeElapsed":427,"timestamp":"2025-11-22T21:19:50.972Z"}
{"level":"info","message":"⌛ Validating src/obstacles.wlk","timeElapsed":596,"timestamp":"2025-11-22T21:19:51.569Z"}
{"level":"info","message":"⌛ Validating src/obstacles.wlk","timeElapsed":419,"timestamp":"2025-11-22T21:19:52.020Z"}
{"level":"info","message":"⌛ Validating src/obstacles.wlk","timeElapsed":649,"timestamp":"2025-11-22T21:19:52.669Z"}
{"level":"info","message":"⌛ Validating src/obstacles.wlk","timeElapsed":937,"timestamp":"2025-11-22T21:19:53.608Z"}
{"level":"info","message":"⌛ Validating src/obstacles.wlk","timeElapsed":587,"timestamp":"2025-11-22T21:19:54.312Z"}
{"level":"info","message":"⌛ Building environment","timeElapsed":732,"timestamp":"2025-11-22T21:20:07.733Z"}
{"level":"info","message":"⌛ Validating src/obstacles.wlk","timeElapsed":1055,"timestamp":"2025-11-22T21:20:08.969Z"}
{"level":"info","message":"⌛ Building environment","timeElapsed":696,"timestamp":"2025-11-22T21:20:09.736Z"}
{"level":"info","message":"⌛ Validating src/obstacles.wlk","timeElapsed":765,"timestamp":"2025-11-22T21:20:10.598Z"}
{"level":"info","message":"⌛ Building environment","timeElapsed":535,"timestamp":"2025-11-22T21:20:27.850Z"}
{"level":"info","message":"⌛ Validating src/obstacles.wlk","timeElapsed":474,"timestamp":"2025-11-22T21:20:28.342Z"}
{"level":"info","message":"⌛ Building environment","timeElapsed":1263,"timestamp":"2025-11-22T21:20:36.458Z"}
{"level":"info","message":"⌛ Autocomplete - Reference","timeElapsed":146,"timestamp":"2025-11-22T21:20:36.630Z"}
{"level":"info","message":"⌛ Building environment","timeElapsed":747,"timestamp":"2025-11-22T21:20:37.384Z"}
{"level":"info","message":"⌛ Building environment","timeElapsed":497,"timestamp":"2025-11-22T21:20:37.941Z"}
{"level":"info","message":"⌛ Building environment","timeElapsed":636,"timestamp":"2025-11-22T21:20:38.577Z"}
{"level":"info","message":"⌛ Building environment","timeElapsed":541,"timestamp":"2025-11-22T21:20:39.202Z"}
{"level":"info","message":"⌛ Building environment","timeElapsed":497,"timestamp":"2025-11-22T21:20:39.706Z"}
{"level":"info","message":"⌛ Validating src/obstacles.wlk","timeElapsed":526,"timestamp":"2025-11-22T21:20:40.311Z"}
{"level":"error","message":"✘ Failed to rebuild document Failed to parse src/obstacles.wlk: \n-- PARSING FAILED --------------------------------------------------\n\n  44 |                 obstacles.add(new Gorange())\n  45 |             }\n> 46 |         })\n     |         ^\n  47 | \n  48 |     }\n\nExpected one of the following: \n\n'@', 'class', 'const', 'describe', 'mixin', 'object', 'only', 'package', 'program', 'test', 'var', '{', EOF, comment, not \"}\", whitespace\n","stack":"Error: Failed to parse src/obstacles.wlk: \n-- PARSING FAILED --------------------------------------------------\n\n  44 |                 obstacles.add(new Gorange())\n  45 |             }\n> 46 |         })\n     |         ^\n  47 | \n  48 |     }\n\nExpected one of the following: \n\n'@', 'class', 'const', 'describe', 'mixin', 'object', 'only', 'package', 'program', 'test', 'var', '{', EOF, comment, not \"}\", whitespace\n\n    at c:\\Users\\Guido\\.vscode\\extensions\\uqbar.wollok-lsp-ide-0.5.3\\out\\server\\src\\server.js:2348:13026\n    at Array.map (<anonymous>)\n    at W1n (c:\\Users\\Guido\\.vscode\\extensions\\uqbar.wollok-lsp-ide-0.5.3\\out\\server\\src\\server.js:2348:12950)\n    at U2.buildEnvironmentFrom (c:\\Users\\Guido\\.vscode\\extensions\\uqbar.wollok-lsp-ide-0.5.3\\out\\server\\src\\server.js:2393:5254)\n    at U2.updateEnvironmentWith (c:\\Users\\Guido\\.vscode\\extensions\\uqbar.wollok-lsp-ide-0.5.3\\out\\server\\src\\server.js:2393:4989)\n    at JF (c:\\Users\\Guido\\.vscode\\extensions\\uqbar.wollok-lsp-ide-0.5.3\\out\\server\\src\\server.js:2393:7383)\n    at F3.invoke (c:\\Users\\Guido\\.vscode\\extensions\\uqbar.wollok-lsp-ide-0.5.3\\out\\server\\src\\server.js:3:157334)\n    at o.fire (c:\\Users\\Guido\\.vscode\\extensions\\uqbar.wollok-lsp-ide-0.5.3\\out\\server\\src\\server.js:3:158104)\n    at c:\\Users\\Guido\\.vscode\\extensions\\uqbar.wollok-lsp-ide-0.5.3\\out\\server\\src\\server.js:37:57871\n    at Zr (c:\\Users\\Guido\\.vscode\\extensions\\uqbar.wollok-lsp-ide-0.5.3\\out\\server\\src\\server.js:8:1561)","timestamp":"2025-11-22T21:20:40.455Z"}
{"level":"error","message":"✘ Failed to rebuild document Failed to parse src/obstacles.wlk: \n-- PARSING FAILED --------------------------------------------------\n\n  44 |                 obstacles.add(new Gorange())\n  45 |             }\n> 46 |         })\n     |         ^\n  47 | \n  48 |     }\n\nExpected one of the following: \n\n'@', 'class', 'const', 'describe', 'mixin', 'object', 'only', 'package', 'program', 'test', 'var', '{', EOF, comment, not \"}\", whitespace\n","stack":"Error: Failed to parse src/obstacles.wlk: \n-- PARSING FAILED --------------------------------------------------\n\n  44 |                 obstacles.add(new Gorange())\n  45 |             }\n> 46 |         })\n     |         ^\n  47 | \n  48 |     }\n\nExpected one of the following: \n\n'@', 'class', 'const', 'describe', 'mixin', 'object', 'only', 'package', 'program', 'test', 'var', '{', EOF, comment, not \"}\", whitespace\n\n    at c:\\Users\\Guido\\.vscode\\extensions\\uqbar.wollok-lsp-ide-0.5.3\\out\\server\\src\\server.js:2348:13026\n    at Array.map (<anonymous>)\n    at W1n (c:\\Users\\Guido\\.vscode\\extensions\\uqbar.wollok-lsp-ide-0.5.3\\out\\server\\src\\server.js:2348:12950)\n    at U2.buildEnvironmentFrom (c:\\Users\\Guido\\.vscode\\extensions\\uqbar.wollok-lsp-ide-0.5.3\\out\\server\\src\\server.js:2393:5254)\n    at U2.updateEnvironmentWith (c:\\Users\\Guido\\.vscode\\extensions\\uqbar.wollok-lsp-ide-0.5.3\\out\\server\\src\\server.js:2393:4989)\n    at JF (c:\\Users\\Guido\\.vscode\\extensions\\uqbar.wollok-lsp-ide-0.5.3\\out\\server\\src\\server.js:2393:7383)\n    at F3.invoke (c:\\Users\\Guido\\.vscode\\extensions\\uqbar.wollok-lsp-ide-0.5.3\\out\\server\\src\\server.js:3:157334)\n    at o.fire (c:\\Users\\Guido\\.vscode\\extensions\\uqbar.wollok-lsp-ide-0.5.3\\out\\server\\src\\server.js:3:158104)\n    at c:\\Users\\Guido\\.vscode\\extensions\\uqbar.wollok-lsp-ide-0.5.3\\out\\server\\src\\server.js:37:57871\n    at Zr (c:\\Users\\Guido\\.vscode\\extensions\\uqbar.wollok-lsp-ide-0.5.3\\out\\server\\src\\server.js:8:1561)","timestamp":"2025-11-22T21:20:40.603Z"}
{"level":"info","message":"⌛ Validating src/obstacles.wlk","timeElapsed":907,"timestamp":"2025-11-22T21:20:41.511Z"}
{"level":"info","message":"⌛ Validating src/obstacles.wlk","timeElapsed":1060,"timestamp":"2025-11-22T21:20:42.602Z"}
{"level":"info","message":"⌛ Building environment","timeElapsed":500,"timestamp":"2025-11-22T21:20:43.104Z"}
{"level":"error","message":"✘ Completions for node Variable ([10:3, 10:8] - src/obstacles.wlk) failed: Error: p [Variable]{f7a07e} at src/obstacles.wlk:10 exhausted all cases without a match p [Variable]{f7a07e} at src/obstacles.wlk:10 exhausted all cases without a match","stack":"Error: p [Variable]{f7a07e} at src/obstacles.wlk:10 exhausted all cases without a match\n    at c:\\Users\\Guido\\.vscode\\extensions\\uqbar.wollok-lsp-ide-0.5.3\\out\\server\\src\\server.js:38:6142\n    at D2 (c:\\Users\\Guido\\.vscode\\extensions\\uqbar.wollok-lsp-ide-0.5.3\\out\\server\\src\\server.js:2384:42)\n    at c:\\Users\\Guido\\.vscode\\extensions\\uqbar.wollok-lsp-ide-0.5.3\\out\\server\\src\\server.js:2384:2988\n    at c:\\Users\\Guido\\.vscode\\extensions\\uqbar.wollok-lsp-ide-0.5.3\\out\\server\\src\\server.js:2393:8440\n    at c:\\Users\\Guido\\.vscode\\extensions\\uqbar.wollok-lsp-ide-0.5.3\\out\\server\\src\\server.js:37:74872\n    at Ye (c:\\Users\\Guido\\.vscode\\extensions\\uqbar.wollok-lsp-ide-0.5.3\\out\\server\\src\\server.js:7:8527)\n    at qt (c:\\Users\\Guido\\.vscode\\extensions\\uqbar.wollok-lsp-ide-0.5.3\\out\\server\\src\\server.js:7:6189)\n    at ot (c:\\Users\\Guido\\.vscode\\extensions\\uqbar.wollok-lsp-ide-0.5.3\\out\\server\\src\\server.js:7:6378)\n    at Immediate._onImmediate (c:\\Users\\Guido\\.vscode\\extensions\\uqbar.wollok-lsp-ide-0.5.3\\out\\server\\src\\server.js:7:6142)\n    at process.processImmediate (node:internal/timers:485:21)","timestamp":"2025-11-22T21:20:43.372Z"}
{"level":"info","message":"⌛ Autocomplete - Variable","timeElapsed":264,"timestamp":"2025-11-22T21:20:43.378Z"}
{"level":"info","message":"⌛ Building environment","timeElapsed":919,"timestamp":"2025-11-22T21:20:44.328Z"}
{"level":"info","message":"⌛ Validating src/obstacles.wlk","timeElapsed":687,"timestamp":"2025-11-22T21:20:45.066Z"}
{"level":"info","message":"⌛ Building environment","timeElapsed":987,"timestamp":"2025-11-22T21:20:46.058Z"}
{"level":"error","message":"✘ Failed to rebuild document Failed to parse src/obstacles.wlk: \n-- PARSING FAILED --------------------------------------------------\n\n  44 |                 obstacles.add(new Gorange())\n  45 |             }\n> 46 |         })\n     |         ^\n  47 | \n  48 |     }\n\nExpected one of the following: \n\n'@', 'class', 'const', 'describe', 'mixin', 'object', 'only', 'package', 'program', 'test', 'var', '{', EOF, comment, not \"}\", whitespace\n","stack":"Error: Failed to parse src/obstacles.wlk: \n-- PARSING FAILED --------------------------------------------------\n\n  44 |                 obstacles.add(new Gorange())\n  45 |             }\n> 46 |         })\n     |         ^\n  47 | \n  48 |     }\n\nExpected one of the following: \n\n'@', 'class', 'const', 'describe', 'mixin', 'object', 'only', 'package', 'program', 'test', 'var', '{', EOF, comment, not \"}\", whitespace\n\n    at c:\\Users\\Guido\\.vscode\\extensions\\uqbar.wollok-lsp-ide-0.5.3\\out\\server\\src\\server.js:2348:13026\n    at Array.map (<anonymous>)\n    at W1n (c:\\Users\\Guido\\.vscode\\extensions\\uqbar.wollok-lsp-ide-0.5.3\\out\\server\\src\\server.js:2348:12950)\n    at U2.buildEnvironmentFrom (c:\\Users\\Guido\\.vscode\\extensions\\uqbar.wollok-lsp-ide-0.5.3\\out\\server\\src\\server.js:2393:5254)\n    at U2.updateEnvironmentWith (c:\\Users\\Guido\\.vscode\\extensions\\uqbar.wollok-lsp-ide-0.5.3\\out\\server\\src\\server.js:2393:4989)\n    at JF (c:\\Users\\Guido\\.vscode\\extensions\\uqbar.wollok-lsp-ide-0.5.3\\out\\server\\src\\server.js:2393:7383)\n    at F3.invoke (c:\\Users\\Guido\\.vscode\\extensions\\uqbar.wollok-lsp-ide-0.5.3\\out\\server\\src\\server.js:3:157334)\n    at o.fire (c:\\Users\\Guido\\.vscode\\extensions\\uqbar.wollok-lsp-ide-0.5.3\\out\\server\\src\\server.js:3:158104)\n    at c:\\Users\\Guido\\.vscode\\extensions\\uqbar.wollok-lsp-ide-0.5.3\\out\\server\\src\\server.js:37:57871\n    at Zr (c:\\Users\\Guido\\.vscode\\extensions\\uqbar.wollok-lsp-ide-0.5.3\\out\\server\\src\\server.js:8:1561)","timestamp":"2025-11-22T21:20:46.194Z"}
{"level":"info","message":"⌛ Validating src/obstacles.wlk","timeElapsed":774,"timestamp":"2025-11-22T21:20:46.968Z"}
{"level":"info","message":"⌛ Validating src/obstacles.wlk","timeElapsed":671,"timestamp":"2025-11-22T21:20:47.642Z"}
{"level":"info","message":"⌛ Building environment","timeElapsed":531,"timestamp":"2025-11-22T21:20:48.187Z"}
{"level":"error","message":"✘ Completions for node Variable ([10:3, 10:8] - src/obstacles.wlk) failed: Error: n [Variable]{d3dd30} at src/obstacles.wlk:10 exhausted all cases without a match n [Variable]{d3dd30} at src/obstacles.wlk:10 exhausted all cases without a match","stack":"Error: n [Variable]{d3dd30} at src/obstacles.wlk:10 exhausted all cases without a match\n    at c:\\Users\\Guido\\.vscode\\extensions\\uqbar.wollok-lsp-ide-0.5.3\\out\\server\\src\\server.js:38:6142\n    at D2 (c:\\Users\\Guido\\.vscode\\extensions\\uqbar.wollok-lsp-ide-0.5.3\\out\\server\\src\\server.js:2384:42)\n    at c:\\Users\\Guido\\.vscode\\extensions\\uqbar.wollok-lsp-ide-0.5.3\\out\\server\\src\\server.js:2384:2988\n    at c:\\Users\\Guido\\.vscode\\extensions\\uqbar.wollok-lsp-ide-0.5.3\\out\\server\\src\\server.js:2393:8440\n    at c:\\Users\\Guido\\.vscode\\extensions\\uqbar.wollok-lsp-ide-0.5.3\\out\\server\\src\\server.js:37:74872\n    at Ye (c:\\Users\\Guido\\.vscode\\extensions\\uqbar.wollok-lsp-ide-0.5.3\\out\\server\\src\\server.js:7:8527)\n    at qt (c:\\Users\\Guido\\.vscode\\extensions\\uqbar.wollok-lsp-ide-0.5.3\\out\\server\\src\\server.js:7:6189)\n    at ot (c:\\Users\\Guido\\.vscode\\extensions\\uqbar.wollok-lsp-ide-0.5.3\\out\\server\\src\\server.js:7:6378)\n    at Immediate._onImmediate (c:\\Users\\Guido\\.vscode\\extensions\\uqbar.wollok-lsp-ide-0.5.3\\out\\server\\src\\server.js:7:6142)\n    at process.processImmediate (node:internal/timers:485:21)","timestamp":"2025-11-22T21:20:48.317Z"}
{"level":"info","message":"⌛ Autocomplete - Variable","timeElapsed":128,"timestamp":"2025-11-22T21:20:48.323Z"}
{"level":"info","message":"⌛ Building environment","timeElapsed":455,"timestamp":"2025-11-22T21:20:48.779Z"}
{"level":"info","message":"⌛ Building environment","timeElapsed":460,"timestamp":"2025-11-22T21:20:49.244Z"}
{"level":"info","message":"⌛ Building environment","timeElapsed":571,"timestamp":"2025-11-22T21:20:49.837Z"}
{"level":"info","message":"⌛ Building environment","timeElapsed":601,"timestamp":"2025-11-22T21:20:50.440Z"}
{"level":"info","message":"⌛ Building environment","timeElapsed":745,"timestamp":"2025-11-22T21:20:51.187Z"}
{"level":"info","message":"⌛ Building environment","timeElapsed":672,"timestamp":"2025-11-22T21:20:51.910Z"}
{"level":"info","message":"⌛ Building environment","timeElapsed":579,"timestamp":"2025-11-22T21:20:52.537Z"}
{"level":"info","message":"⌛ Validating src/obstacles.wlk","timeElapsed":981,"timestamp":"2025-11-22T21:20:53.626Z"}
{"level":"info","message":"⌛ Building environment","timeElapsed":605,"timestamp":"2025-11-22T21:20:54.336Z"}
{"level":"info","message":"⌛ Building environment","timeElapsed":450,"timestamp":"2025-11-22T21:20:54.791Z"}
{"level":"info","message":"⌛ Building environment","timeElapsed":578,"timestamp":"2025-11-22T21:20:55.374Z"}
{"level":"info","message":"⌛ Building environment","timeElapsed":437,"timestamp":"2025-11-22T21:20:55.820Z"}
{"level":"info","message":"⌛ Validating src/obstacles.wlk","timeElapsed":507,"timestamp":"2025-11-22T21:20:56.329Z"}
{"level":"info","message":"⌛ Building environment","timeElapsed":529,"timestamp":"2025-11-22T21:20:56.912Z"}
{"level":"info","message":"⌛ Building environment","timeElapsed":665,"timestamp":"2025-11-22T21:20:57.700Z"}
{"level":"info","message":"⌛ Validating src/obstacles.wlk","timeElapsed":474,"timestamp":"2025-11-22T21:20:58.193Z"}
{"level":"info","message":"⌛ Building environment","timeElapsed":848,"timestamp":"2025-11-22T21:20:59.057Z"}
{"level":"info","message":"⌛ Building environment","timeElapsed":811,"timestamp":"2025-11-22T21:20:59.870Z"}
{"level":"info","message":"⌛ Validating src/obstacles.wlk","timeElapsed":855,"timestamp":"2025-11-22T21:21:00.781Z"}
{"level":"info","message":"⌛ Validating src/obstacles.wlk","timeElapsed":560,"timestamp":"2025-11-22T21:21:01.342Z"}
{"level":"info","message":"⌛ Validating src/obstacles.wlk","timeElapsed":768,"timestamp":"2025-11-22T21:21:02.112Z"}
{"level":"info","message":"⌛ Building environment","timeElapsed":467,"timestamp":"2025-11-22T21:21:02.604Z"}
{"level":"info","message":"⌛ Validating src/obstacles.wlk","timeElapsed":492,"timestamp":"2025-11-22T21:21:03.100Z"}
{"level":"info","message":"⌛ Validating src/obstacles.wlk","timeElapsed":537,"timestamp":"2025-11-22T21:21:03.674Z"}
{"level":"info","message":"⌛ Validating src/obstacles.wlk","timeElapsed":495,"timestamp":"2025-11-22T21:21:04.202Z"}
{"level":"info","message":"⌛ Validating src/obstacles.wlk","timeElapsed":498,"timestamp":"2025-11-22T21:21:04.703Z"}
{"level":"info","message":"⌛ Validating src/obstacles.wlk","timeElapsed":442,"timestamp":"2025-11-22T21:21:05.322Z"}
{"level":"info","message":"⌛ Building environment","timeElapsed":406,"timestamp":"2025-11-22T21:21:05.903Z"}
{"level":"info","message":"⌛ Validating src/obstacles.wlk","timeElapsed":541,"timestamp":"2025-11-22T21:21:06.461Z"}
{"level":"info","message":"⌛ Validating src/obstacles.wlk","timeElapsed":637,"timestamp":"2025-11-22T21:21:07.099Z"}
{"level":"info","message":"⌛ Validating src/obstacles.wlk","timeElapsed":462,"timestamp":"2025-11-22T21:21:07.562Z"}
{"level":"info","message":"⌛ Validating src/obstacles.wlk","timeElapsed":474,"timestamp":"2025-11-22T21:21:08.037Z"}
{"level":"info","message":"⌛ Validating src/obstacles.wlk","timeElapsed":471,"timestamp":"2025-11-22T21:21:08.562Z"}
{"level":"info","message":"⌛ Validating src/obstacles.wlk","timeElapsed":624,"timestamp":"2025-11-22T21:21:09.203Z"}
{"level":"info","message":"⌛ Building environment","timeElapsed":978,"timestamp":"2025-11-22T21:21:10.900Z"}
{"level":"info","message":"⌛ Validating src/obstacles.wlk","timeElapsed":512,"timestamp":"2025-11-22T21:21:11.516Z"}
{"level":"info","message":"⌛ Building environment","timeElapsed":436,"timestamp":"2025-11-22T21:21:11.960Z"}
{"level":"info","message":"⌛ Validating src/obstacles.wlk","timeElapsed":448,"timestamp":"2025-11-22T21:21:12.457Z"}
{"level":"info","message":"⌛ Building environment","timeElapsed":370,"timestamp":"2025-11-22T21:21:12.958Z"}
{"level":"info","message":"⌛ Building environment","timeElapsed":451,"timestamp":"2025-11-22T21:21:13.559Z"}
{"level":"info","message":"⌛ Validating src/obstacles.wlk","timeElapsed":472,"timestamp":"2025-11-22T21:21:14.102Z"}
{"level":"info","message":"⌛ Validating src/obstacles.wlk","timeElapsed":464,"timestamp":"2025-11-22T21:21:15.788Z"}
{"level":"info","message":"⌛ Validating src/obstacles.wlk","timeElapsed":451,"timestamp":"2025-11-22T21:21:16.442Z"}
{"level":"info","message":"⌛ Validating src/obstacles.wlk","timeElapsed":467,"timestamp":"2025-11-22T21:21:16.923Z"}
{"level":"info","message":"⌛ Validating src/obstacles.wlk","timeElapsed":423,"timestamp":"2025-11-22T21:21:17.363Z"}
{"level":"info","message":"⌛ Validating src/obstacles.wlk","timeElapsed":439,"timestamp":"2025-11-22T21:21:17.809Z"}
{"level":"info","message":"⌛ Building environment","timeElapsed":601,"timestamp":"2025-11-22T21:21:44.120Z"}
{"level":"info","message":"⌛ Building environment","timeElapsed":558,"timestamp":"2025-11-22T21:21:44.697Z"}
{"level":"info","message":"⌛ Validating src/obstacles.wlk","timeElapsed":451,"timestamp":"2025-11-22T21:21:45.236Z"}
{"level":"info","message":"⌛ Validating src/obstacles.wlk","timeElapsed":751,"timestamp":"2025-11-22T21:21:46.138Z"}
{"level":"info","message":"⌛ Building environment","timeElapsed":652,"timestamp":"2025-11-22T21:21:48.111Z"}
{"level":"info","message":"⌛ Building environment","timeElapsed":463,"timestamp":"2025-11-22T21:21:48.576Z"}
{"level":"info","message":"⌛ Validating src/obstacles.wlk","timeElapsed":446,"timestamp":"2025-11-22T21:21:49.105Z"}
{"level":"info","message":"⌛ Validating src/obstacles.wlk","timeElapsed":413,"timestamp":"2025-11-22T21:21:49.572Z"}
{"level":"info","message":"⌛ Building environment","timeElapsed":620,"timestamp":"2025-11-22T21:21:54.931Z"}
{"level":"info","message":"⌛ Building environment","timeElapsed":450,"timestamp":"2025-11-22T21:21:55.430Z"}
{"level":"info","message":"⌛ Validating src/obstacles.wlk","timeElapsed":610,"timestamp":"2025-11-22T21:21:56.102Z"}
{"level":"info","message":"⌛ Validating src/obstacles.wlk","timeElapsed":716,"timestamp":"2025-11-22T21:21:56.834Z"}
{"level":"error","message":"✘ Failed to get type description: Error: Failed to print, found malformed node Failed to print, found malformed node","node":{"id":"1f06636a-24eb-40cd-8fda-0f903c5127b6","metadata":[],"problems":[{"code":"malformedSentence","sourceMap":{"end":{"column":88,"line":19,"offset":510},"start":{"column":44,"line":19,"offset":466}}}],"scope":{"containerScope":{"containerScope":{"containerScope":{"containerScope":{"containerScope":{"contributions":{},"includedScopes":[]},"contributions":{},"includedScopes":[]},"contributions":{},"includedScopes":[{"contributions":{},"includedScopes":[]},{"contributions":{},"includedScopes":[]},{"contributions":{},"includedScopes":[]}]},"contributions":{},"includedScopes":[{"containerScope":{"containerScope":{"containerScope":{"contributions":{},"includedScopes":[]},"contributions":{},"includedScopes":[]},"contributions":{},"includedScopes":[]},"contributions":{},"includedScopes":[]}]},"contributions":{},"includedScopes":[]},"contributions":{},"includedScopes":[]},"sentences":[{"id":"a20380ab-2c75-485f-ae52-23f454b1ecd6","isConstant":false,"metadata":[],"name":"numberOfRocks","scope":{"containerScope":{"containerScope":{"containerScope":{"containerScope":{"containerScope":{"containerScope":{"contributions":{},"includedScopes":[]},"contributions":{},"includedScopes":[]},"contributions":{},"includedScopes":[{"contributions":{},"includedScopes":[]},{"contributions":{},"includedScopes":[]},{"contributions":{},"includedScopes":[]}]},"contributions":{},"includedScopes":[{"containerScope":{"containerScope":{"containerScope":{"contributions":{},"includedScopes":[]},"contributions":{},"includedScopes":[]},"contributions":{},"includedScopes":[]},"contributions":{},"includedScopes":[]}]},"contributions":{},"includedScopes":[]},"contributions":{},"includedScopes":[]},"contributions":{},"includedScopes":[]},"sourceMap":{"end":{"column":24,"line":10,"offset":239},"start":{"column":3,"line":10,"offset":218}},"value":{"id":"3c2e7728-bdbf-4bb2-91e4-35e82b4c8b2f","metadata":[],"scope":{"containerScope":{"containerScope":{"containerScope":{"containerScope":{"containerScope":{"containerScope":{"containerScope":{"contributions":{},"includedScopes":[]},"contributions":{},"includedScopes":[]},"contributions":{},"includedScopes":[{"contributions":{},"includedScopes":[]},{"contributions":{},"includedScopes":[]},{"contributions":{},"includedScopes":[]}]},"contributions":{},"includedScopes":[{"containerScope":{"containerScope":{"containerScope":{"contributions":{},"includedScopes":[]},"contributions":{},"includedScopes":[]},"contributions":{},"includedScopes":[]},"contributions":{},"includedScopes":[]}]},"contributions":{},"includedScopes":[]},"contributions":{},"includedScopes":[]},"contributions":{},"includedScopes":[]},"contributions":{},"includedScopes":[]},"sourceMap":{"end":{"column":24,"line":10,"offset":239},"start":{"column":23,"line":10,"offset":238}},"value":0}},{"condition":{"args":[{"id":"a92e4f96-d32e-4cdf-84a0-0643cdd0d326","metadata":[],"name":"maxRocks","scope":{"containerScope":{"containerScope":{"containerScope":{"containerScope":{"containerScope":{"containerScope":{"containerScope":{"containerScope":{"contributions":{},"includedScopes":[]},"contributions":{},"includedScopes":[]},"contributions":{},"includedScopes":[{"contributions":{},"includedScopes":[]},{"contributions":{},"includedScopes":[]},{"contributions":{},"includedScopes":[]}]},"contributions":{},"includedScopes":[{"containerScope":{"containerScope":{"containerScope":{"contributions":{},"includedScopes":[]},"contributions":{},"includedScopes":[]},"contributions":{},"includedScopes":[]},"contributions":{},"includedScopes":[]}]},"contributions":{},"includedScopes":[]},"contributions":{},"includedScopes":[]},"contributions":{},"includedScopes":[]},"contributions":{},"includedScopes":[]},"contributions":{},"includedScopes":[]},"sourceMap":{"end":{"column":26,"line":12,"offset":268},"start":{"column":18,"line":12,"offset":260}}}],"id":"a1828143-0c4f-4796-8686-d3ba86578393","message":">","metadata":[],"receiver":{"id":"f0b15359-8440-4f87-9d70-eaa48677b856","metadata":[],"name":"minRocks","scope":{"containerScope":{"containerScope":{"containerScope":{"containerScope":{"containerScope":{"containerScope":{"containerScope":{"containerScope":{"contributions":{},"includedScopes":[]},"contributions":{},"includedScopes":[]},"contributions":{},"includedScopes":[{"contributions":{},"includedScopes":[]},{"contributions":{},"includedScopes":[]},{"contributions":{},"includedScopes":[]}]},"contributions":{},"includedScopes":[{"containerScope":{"containerScope":{"containerScope":{"contributions":{},"includedScopes":[]},"contributions":{},"includedScopes":[]},"contributions":{},"includedScopes":[]},"contributions":{},"includedScopes":[]}]},"contributions":{},"includedScopes":[]},"contributions":{},"includedScopes":[]},"contributions":{},"includedScopes":[]},"contributions":{},"includedScopes":[]},"contributions":{},"includedScopes":[]},"sourceMap":{"end":{"column":15,"line":12,"offset":257},"start":{"column":7,"line":12,"offset":249}}},"scope":{"containerScope":{"containerScope":{"containerScope":{"containerScope":{"containerScope":{"containerScope":{"containerScope":{"contributions":{},"includedScopes":[]},"contributions":{},"includedScopes":[]},"contributions":{},"includedScopes":[{"contributions":{},"includedScopes":[]},{"contributions":{},"includedScopes":[]},{"contributions":{},"includedScopes":[]}]},"contributions":{},"includedScopes":[{"containerScope":{"containerScope":{"containerScope":{"contributions":{},"includedScopes":[]},"contributions":{},"includedScopes":[]},"contributions":{},"includedScopes":[]},"contributions":{},"includedScopes":[]}]},"contributions":{},"includedScopes":[]},"contributions":{},"includedScopes":[]},"contributions":{},"includedScopes":[]},"contributions":{},"includedScopes":[]},"sourceMap":{"end":{"column":26,"line":12,"offset":268},"start":{"column":7,"line":12,"offset":249}}},"elseBody":{"id":"9291f314-413c-40c0-82c6-e30dc1b07b6d","metadata":[],"problems":[],"scope":{"containerScope":{"containerScope":{"containerScope":{"containerScope":{"containerScope":{"containerScope":{"containerScope":{"contributions":{},"includedScopes":[]},"contributions":{},"includedScopes":[]},"contributions":{},"includedScopes":[{"contributions":{},"includedScopes":[]},{"contributions":{},"includedScopes":[]},{"contributions":{},"includedScopes":[]}]},"contributions":{},"includedScopes":[{"containerScope":{"containerScope":{"containerScope":{"contributions":{},"includedScopes":[]},"contributions":{},"includedScopes":[]},"contributions":{},"includedScopes":[]},"contributions":{},"includedScopes":[]}]},"contributions":{},"includedScopes":[]},"contributions":{},"includedScopes":[]},"contributions":{},"includedScopes":[]},"contributions":{},"includedScopes":[]},"sentences":[{"id":"faab9c5d-a2fb-4006-a5cb-5736481949eb","metadata":[],"scope":{"containerScope":{"containerScope":{"containerScope":{"containerScope":{"containerScope":{"containerScope":{"containerScope":{"containerScope":{"contributions":{},"includedScopes":[]},"contributions":{},"includedScopes":[]},"contributions":{},"includedScopes":[{"contributions":{},"includedScopes":[]},{"contributions":{},"includedScopes":[]},{"contributions":{},"includedScopes":[]}]},"contributions":{},"includedScopes":[{"containerScope":{"containerScope":{"containerScope":{"contributions":{},"includedScopes":[]},"contributions":{},"includedScopes":[]},"contributions":{},"includedScopes":[]},"contributions":{},"includedScopes":[]}]},"contributions":{},"includedScopes":[]},"contributions":{},"includedScopes":[]},"contributions":{},"includedScopes":[]},"contributions":{},"includedScopes":[]},"contributions":{},"includedScopes":[]},"sourceMap":{"end":{"column":63,"line":16,"offset":412},"start":{"column":4,"line":16,"offset":353}},"value":{"args":[{"id":"64dade49-5f3e-4605-97ec-3663fcbec81d","metadata":[],"scope":{"containerScope":{"containerScope":{"containerScope":{"containerScope":{"containerScope":{"containerScope":{"containerScope":{"containerScope":{"containerScope":{"containerScope":{"contributions":{},"includedScopes":[]},"contributions":{},"includedScopes":[]},"contributions":{},"includedScopes":[{"contributions":{},"includedScopes":[]},{"contributions":{},"includedScopes":[]},{"contributions":{},"includedScopes":[]}]},"contributions":{},"includedScopes":[{"containerScope":{"containerScope":{"containerScope":{"contributions":{},"includedScopes":[]},"contributions":{},"includedScopes":[]},"contributions":{},"includedScopes":[]},"contributions":{},"includedScopes":[]}]},"contributions":{},"includedScopes":[]},"contributions":{},"includedScopes":[]},"contributions":{},"includedScopes":[]},"contributions":{},"includedScopes":[]},"contributions":{},"includedScopes":[]},"contributions":{},"includedScopes":[]},"contributions":{},"includedScopes":[]},"sourceMap":{"end":{"column":62,"line":16,"offset":411},"start":{"column":61,"line":16,"offset":410}},"value":0}],"id":"d568f8ce-8e16-42f1-ab5f-32f0570a7677","message":"truncate","metadata":[],"receiver":{"args":[{"args":[{"id":"703283a9-11e8-4adc-b4c2-0dc5048ca388","metadata":[],"scope":{"containerScope":{"containerScope":{"containerScope":{"containerScope":{"containerScope":{"containerScope":{"containerScope":{"containerScope":{"containerScope":{"containerScope":{"containerScope":{"containerScope":{"contributions":{},"includedScopes":[]},"contributions":{},"includedScopes":[]},"contributions":{},"includedScopes":[{"contributions":{},"includedScopes":[]},{"contributions":{},"includedScopes":[]},{"contributions":{},"includedScopes":[]}]},"contributions":{},"includedScopes":[{"containerScope":{"containerScope":{"containerScope":{"contributions":{},"includedScopes":[]},"contributions":{},"includedScopes":[]},"contributions":{},"includedScopes":[]},"contributions":{},"includedScopes":[]}]},"contributions":{},"includedScopes":[]},"contributions":{},"includedScopes":[]},"contributions":{},"includedScopes":[]},"contributions":{},"includedScopes":[]},"contributions":{},"includedScopes":[]},"contributions":{},"includedScopes":[]},"contributions":{},"includedScopes":[]},"contributions":{},"includedScopes":[]},"contributions":{},"includedScopes":[]},"sourceMap":{"end":{"column":50,"line":16,"offset":399},"start":{"column":49,"line":16,"offset":398}},"value":1}],"id":"06f6eba4-eed1-49ce-8207-b2eafa2dced4","message":"+","metadata":[],"receiver":{"id":"f0ad9617-52dd-4892-adf1-2ac21ae11a22","metadata":[],"name":"maxRocks","scope":{"containerScope":{"containerScope":{"containerScope":{"containerScope":{"containerScope":{"containerScope":{"containerScope":{"containerScope":{"containerScope":{"containerScope":{"containerScope":{"containerScope":{"contributions":{},"includedScopes":[]},"contributions":{},"includedScopes":[]},"contributions":{},"includedScopes":[{"contributions":{},"includedScopes":[]},{"contributions":{},"includedScopes":[]},{"contributions":{},"includedScopes":[]}]},"contributions":{},"includedScopes":[{"containerScope":{"containerScope":{"containerScope":{"contributions":{},"includedScopes":[]},"contributions":{},"includedScopes":[]},"contributions":{},"includedScopes":[]},"contributions":{},"includedScopes":[]}]},"contributions":{},"includedScopes":[]},"contributions":{},"includedScopes":[]},"contributions":{},"includedScopes":[]},"contributions":{},"includedScopes":[]},"contributions":{},"includedScopes":[]},"contributions":{},"includedScopes":[]},"contributions":{},"includedScopes":[]},"contributions":{},"includedScopes":[]},"contributions":{},"includedScopes":[]},"sourceMap":{"end":{"column":48,"line":16,"offset":397},"start":{"column":40,"line":16,"offset":389}}},"scope":{"containerScope":{"containerScope":{"containerScope":{"containerScope":{"containerScope":{"containerScope":{"containerScope":{"containerScope":{"containerScope":{"containerScope":{"containerScope":{"contributions":{},"includedScopes":[]},"contributions":{},"includedScopes":[]},"contributions":{},"includedScopes":[{"contributions":{},"includedScopes":[]},{"contributions":{},"includedScopes":[]},{"contributions":{},"includedScopes":[]}]},"contributions":{},"includedScopes":[{"containerScope":{"containerScope":{"containerScope":{"contributions":{},"includedScopes":[]},"contributions":{},"includedScopes":[]},"contributions":{},"includedScopes":[]},"contributions":{},"includedScopes":[]}]},"contributions":{},"includedScopes":[]},"contributions":{},"includedScopes":[]},"contributions":{},"includedScopes":[]},"contributions":{},"includedScopes":[]},"contributions":{},"includedScopes":[]},"contributions":{},"includedScopes":[]},"contributions":{},"includedScopes":[]},"contributions":{},"includedScopes":[]},"sourceMap":{"end":{"column":50,"line":16,"offset":399},"start":{"column":40,"line":16,"offset":389}}}],"id":"019a3ad0-5840-449b-8c95-b01b1c2849b6","message":"randomUpTo","metadata":[],"receiver":{"id":"f3dcdfec-c805-42d6-99cf-86a91d058392","metadata":[],"name":"minRocks","scope":{"containerScope":{"containerScope":{"containerScope":{"containerScope":{"containerScope":{"containerScope":{"containerScope":{"containerScope":{"containerScope":{"containerScope":{"containerScope":{"contributions":{},"includedScopes":[]},"contributions":{},"includedScopes":[]},"contributions":{},"includedScopes":[{"contributions":{},"includedScopes":[]},{"contributions":{},"includedScopes":[]},{"contributions":{},"includedScopes":[]}]},"contributions":{},"includedScopes":[{"containerScope":{"containerScope":{"containerScope":{"contributions":{},"includedScopes":[]},"contributions":{},"includedScopes":[]},"contributions":{},"includedScopes":[]},"contributions":{},"includedScopes":[]}]},"contributions":{},"includedScopes":[]},"contributions":{},"includedScopes":[]},"contributions":{},"includedScopes":[]},"contributions":{},"includedScopes":[]},"contributions":{},"includedScopes":[]},"contributions":{},"includedScopes":[]},"contributions":{},"includedScopes":[]},"contributions":{},"includedScopes":[]},"sourceMap":{"end":{"column":28,"line":16,"offset":377},"start":{"column":20,"line":16,"offset":369}}},"scope":{"containerScope":{"containerScope":{"containerScope":{"containerScope":{"containerScope":{"containerScope":{"containerScope":{"containerScope":{"containerScope":{"containerScope":{"contributions":{},"includedScopes":[]},"contributions":{},"includedScopes":[]},"contributions":{},"includedScopes":[{"contributions":{},"includedScopes":[]},{"contributions":{},"includedScopes":[]},{"contributions":{},"includedScopes":[]}]},"contributions":{},"includedScopes":[{"containerScope":{"containerScope":{"containerScope":{"contributions":{},"includedScopes":[]},"contributions":{},"includedScopes":[]},"contributions":{},"includedScopes":[]},"contributions":{},"includedScopes":[]}]},"contributions":{},"includedScopes":[]},"contributions":{},"includedScopes":[]},"contributions":{},"includedScopes":[]},"contributions":{},"includedScopes":[]},"contributions":{},"includedScopes":[]},"contributions":{},"includedScopes":[]},"contributions":{},"includedScopes":[]},"sourceMap":{"end":{"column":51,"line":16,"offset":400},"start":{"column":20,"line":16,"offset":369}}},"scope":{"containerScope":{"containerScope":{"containerScope":{"containerScope":{"containerScope":{"containerScope":{"containerScope":{"containerScope":{"containerScope":{"contributions":{},"includedScopes":[]},"contributions":{},"includedScopes":[]},"contributions":{},"includedScopes":[{"contributions":{},"includedScopes":[]},{"contributions":{},"includedScopes":[]},{"contributions":{},"includedScopes":[]}]},"contributions":{},"includedScopes":[{"containerScope":{"containerScope":{"containerScope":{"contributions":{},"includedScopes":[]},"contributions":{},"includedScopes":[]},"contributions":{},"includedScopes":[]},"contributions":{},"includedScopes":[]}]},"contributions":{},"includedScopes":[]},"contributions":{},"includedScopes":[]},"contributions":{},"includedScopes":[]},"contributions":{},"includedScopes":[]},"contributions":{},"includedScopes":[]},"contributions":{},"includedScopes":[]},"sourceMap":{"end":{"column":63,"line":16,"offset":412},"start":{"column":20,"line":16,"offset":369}}},"variable":{"id":"d2c06888-10fe-4bc7-8290-4db3ba45135a","metadata":[],"name":"numberOfRocks","scope":{"containerScope":{"containerScope":{"containerScope":{"containerScope":{"containerScope":{"containerScope":{"containerScope":{"containerScope":{"containerScope":{"contributions":{},"includedScopes":[]},"contributions":{},"includedScopes":[]},"contributions":{},"includedScopes":[{"contributions":{},"includedScopes":[]},{"contributions":{},"includedScopes":[]},{"contributions":{},"includedScopes":[]}]},"contributions":{},"includedScopes":[{"containerScope":{"containerScope":{"containerScope":{"contributions":{},"includedScopes":[]},"contributions":{},"includedScopes":[]},"contributions":{},"includedScopes":[]},"contributions":{},"includedScopes":[]}]},"contributions":{},"includedScopes":[]},"contributions":{},"includedScopes":[]},"contributions":{},"includedScopes":[]},"contributions":{},"includedScopes":[]},"contributions":{},"includedScopes":[]},"contributions":{},"includedScopes":[]},"sourceMap":{"end":{"column":17,"line":16,"offset":366},"start":{"column":4,"line":16,"offset":353}}}}],"sourceMap":{"end":{"column":4,"line":17,"offset":417},"start":{"column":7,"line":15,"offset":347}}},"id":"52045906-9024-4ee9-a595-712d28ca0114","metadata":[],"scope":{"containerScope":{"containerScope":{"containerScope":{"containerScope":{"containerScope":{"containerScope":{"contributions":{},"includedScopes":[]},"contributions":{},"includedScopes":[]},"contributions":{},"includedScopes":[{"contributions":{},"includedScopes":[]},{"contributions":{},"includedScopes":[]},{"contributions":{},"includedScopes":[]}]},"contributions":{},"includedScopes":[{"containerScope":{"containerScope":{"containerScope":{"contributions":{},"includedScopes":[]},"contributions":{},"includedScopes":[]},"contributions":{},"includedScopes":[]},"contributions":{},"includedScopes":[]}]},"contributions":{},"includedScopes":[]},"contributions":{},"includedScopes":[]},"contributions":{},"includedScopes":[]},"sourceMap":{"end":{"column":4,"line":17,"offset":417},"start":{"column":3,"line":12,"offset":245}},"thenBody":{"id":"f893be31-4e1d-4c8d-a3df-d23458e06e81","metadata":[],"problems":[],"scope":{"containerScope":{"containerScope":{"containerScope":{"containerScope":{"containerScope":{"containerScope":{"containerScope":{"contributions":{},"includedScopes":[]},"contributions":{},"includedScopes":[]},"contributions":{},"includedScopes":[{"contributions":{},"includedScopes":[]},{"contributions":{},"includedScopes":[]},{"contributions":{},"includedScopes":[]}]},"contributions":{},"includedScopes":[{"containerScope":{"containerScope":{"containerScope":{"contributions":{},"includedScopes":[]},"contributions":{},"includedScopes":[]},"contributions":{},"includedScopes":[]},"contributions":{},"includedScopes":[]}]},"contributions":{},"includedScopes":[]},"contributions":{},"includedScopes":[]},"contributions":{},"includedScopes":[]},"contributions":{},"includedScopes":[]},"sentences":[{"id":"9ac45f68-33ab-4e4f-8e17-9cc0b731fe6c","metadata":[],"scope":{"containerScope":{"containerScope":{"containerScope":{"containerScope":{"containerScope":{"containerScope":{"containerScope":{"containerScope":{"contributions":{},"includedScopes":[]},"contributions":{},"includedScopes":[]},"contributions":{},"includedScopes":[{"contributions":{},"includedScopes":[]},{"contributions":{},"includedScopes":[]},{"contributions":{},"includedScopes":[]}]},"contributions":{},"includedScopes":[{"containerScope":{"containerScope":{"containerScope":{"contributions":{},"includedScopes":[]},"contributions":{},"includedScopes":[]},"contributions":{},"includedScopes":[]},"contributions":{},"includedScopes":[]}]},"contributions":{},"includedScopes":[]},"contributions":{},"includedScopes":[]},"contributions":{},"includedScopes":[]},"contributions":{},"includedScopes":[]},"contributions":{},"includedScopes":[]},"sourceMap":{"end":{"column":63,"line":13,"offset":334},"start":{"column":4,"line":13,"offset":275}},"value":{"args":[{"id":"2e034b75-88fb-49a0-95f3-1d866abcbabc","metadata":[],"scope":{"containerScope":{"containerScope":{"containerScope":{"containerScope":{"containerScope":{"containerScope":{"containerScope":{"containerScope":{"containerScope":{"containerScope":{"contributions":{},"includedScopes":[]},"contributions":{},"includedScopes":[]},"contributions":{},"includedScopes":[{"contributions":{},"includedScopes":[]},{"contributions":{},"includedScopes":[]},{"contributions":{},"includedScopes":[]}]},"contributions":{},"includedScopes":[{"containerScope":{"containerScope":{"containerScope":{"contributions":{},"includedScopes":[]},"contributions":{},"includedScopes":[]},"contributions":{},"includedScopes":[]},"contributions":{},"includedScopes":[]}]},"contributions":{},"includedScopes":[]},"contributions":{},"includedScopes":[]},"contributions":{},"includedScopes":[]},"contributions":{},"includedScopes":[]},"contributions":{},"includedScopes":[]},"contributions":{},"includedScopes":[]},"contributions":{},"includedScopes":[]},"sourceMap":{"end":{"column":62,"line":13,"offset":333},"start":{"column":61,"line":13,"offset":332}},"value":0}],"id":"bc1f6803-c5d4-4702-9c63-f335c6cc91f2","message":"truncate","metadata":[],"receiver":{"args":[{"args":[{"id":"1f747bca-233e-4858-a480-278c21625801","metadata":[],"scope":{"containerScope":{"containerScope":{"containerScope":{"containerScope":{"containerScope":{"containerScope":{"containerScope":{"containerScope":{"containerScope":{"containerScope":{"containerScope":{"containerScope":{"contributions":{},"includedScopes":[]},"contributions":{},"includedScopes":[]},"contributions":{},"includedScopes":[{"contributions":{},"includedScopes":[]},{"contributions":{},"includedScopes":[]},{"contributions":{},"includedScopes":[]}]},"contributions":{},"includedScopes":[{"containerScope":{"containerScope":{"containerScope":{"contributions":{},"includedScopes":[]},"contributions":{},"includedScopes":[]},"contributions":{},"includedScopes":[]},"contributions":{},"includedScopes":[]}]},"contributions":{},"includedScopes":[]},"contributions":{},"includedScopes":[]},"contributions":{},"includedScopes":[]},"contributions":{},"includedScopes":[]},"contributions":{},"includedScopes":[]},"contributions":{},"includedScopes":[]},"contributions":{},"includedScopes":[]},"contributions":{},"includedScopes":[]},"contributions":{},"includedScopes":[]},"sourceMap":{"end":{"column":50,"line":13,"offset":321},"start":{"column":49,"line":13,"offset":320}},"value":1}],"id":"22a1b74b-af83-465a-b850-263ecd135cb0","message":"+","metadata":[],"receiver":{"id":"53d0d0e3-fbc4-4c6a-a681-6251ea02f7ba","metadata":[],"name":"minRocks","scope":{"containerScope":{"containerScope":{"containerScope":{"containerScope":{"containerScope":{"containerScope":{"containerScope":{"containerScope":{"containerScope":{"containerScope":{"containerScope":{"containerScope":{"contributions":{},"includedScopes":[]},"contributions":{},"includedScopes":[]},"contributions":{},"includedScopes":[{"contributions":{},"includedScopes":[]},{"contributions":{},"includedScopes":[]},{"contributions":{},"includedScopes":[]}]},"contributions":{},"includedScopes":[{"containerScope":{"containerScope":{"containerScope":{"contributions":{},"includedScopes":[]},"contributions":{},"includedScopes":[]},"contributions":{},"includedScopes":[]},"contributions":{},"includedScopes":[]}]},"contributions":{},"includedScopes":[]},"contributions":{},"includedScopes":[]},"contributions":{},"includedScopes":[]},"contributions":{},"includedScopes":[]},"contributions":{},"includedScopes":[]},"contributions":{},"includedScopes":[]},"contributions":{},"includedScopes":[]},"contributions":{},"includedScopes":[]},"contributions":{},"includedScopes":[]},"sourceMap":{"end":{"column":48,"line":13,"offset":319},"start":{"column":40,"line":13,"offset":311}}},"scope":{"containerScope":{"containerScope":{"containerScope":{"containerScope":{"containerScope":{"containerScope":{"containerScope":{"containerScope":{"containerScope":{"containerScope":{"containerScope":{"contributions":{},"includedScopes":[]},"contributions":{},"includedScopes":[]},"contributions":{},"includedScopes":[{"contributions":{},"includedScopes":[]},{"contributions":{},"includedScopes":[]},{"contributions":{},"includedScopes":[]}]},"contributions":{},"includedScopes":[{"containerScope":{"containerScope":{"containerScope":{"contributions":{},"includedScopes":[]},"contributions":{},"includedScopes":[]},"contributions":{},"includedScopes":[]},"contributions":{},"includedScopes":[]}]},"contributions":{},"includedScopes":[]},"contributions":{},"includedScopes":[]},"contributions":{},"includedScopes":[]},"contributions":{},"includedScopes":[]},"contributions":{},"includedScopes":[]},"contributions":{},"includedScopes":[]},"contributions":{},"includedScopes":[]},"contributions":{},"includedScopes":[]},"sourceMap":{"end":{"column":50,"line":13,"offset":321},"start":{"column":40,"line":13,"offset":311}}}],"id":"16d38dd4-ab06-4608-8bba-0a43f693633b","message":"randomUpTo","metadata":[],"receiver":{"id":"3bb990b9-95cb-4cea-8a18-1b31398fe843","metadata":[],"name":"maxRocks","scope":{"containerScope":{"containerScope":{"containerScope":{"containerScope":{"containerScope":{"containerScope":{"containerScope":{"containerScope":{"containerScope":{"containerScope":{"containerScope":{"contributions":{},"includedScopes":[]},"contributions":{},"includedScopes":[]},"contributions":{},"includedScopes":[{"contributions":{},"includedScopes":[]},{"contributions":{},"includedScopes":[]},{"contributions":{},"includedScopes":[]}]},"contributions":{},"includedScopes":[{"containerScope":{"containerScope":{"containerScope":{"contributions":{},"includedScopes":[]},"contributions":{},"includedScopes":[]},"contributions":{},"includedScopes":[]},"contributions":{},"includedScopes":[]}]},"contributions":{},"includedScopes":[]},"contributions":{},"includedScopes":[]},"contributions":{},"includedScopes":[]},"contributions":{},"includedScopes":[]},"contributions":{},"includedScopes":[]},"contributions":{},"includedScopes":[]},"contributions":{},"includedScopes":[]},"contributions":{},"includedScopes":[]},"sourceMap":{"end":{"column":28,"line":13,"offset":299},"start":{"column":20,"line":13,"offset":291}}},"scope":{"containerScope":{"containerScope":{"containerScope":{"containerScope":{"containerScope":{"containerScope":{"containerScope":{"containerScope":{"containerScope":{"containerScope":{"contributions":{},"includedScopes":[]},"contributions":{},"includedScopes":[]},"contributions":{},"includedScopes":[{"contributions":{},"includedScopes":[]},{"contributions":{},"includedScopes":[]},{"contributions":{},"includedScopes":[]}]},"contributions":{},"includedScopes":[{"containerScope":{"containerScope":{"containerScope":{"contributions":{},"includedScopes":[]},"contributions":{},"includedScopes":[]},"contributions":{},"includedScopes":[]},"contributions":{},"includedScopes":[]}]},"contributions":{},"includedScopes":[]},"contributions":{},"includedScopes":[]},"contributions":{},"includedScopes":[]},"contributions":{},"includedScopes":[]},"contributions":{},"includedScopes":[]},"contributions":{},"includedScopes":[]},"contributions":{},"includedScopes":[]},"sourceMap":{"end":{"column":51,"line":13,"offset":322},"start":{"column":20,"line":13,"offset":291}}},"scope":{"containerScope":{"containerScope":{"containerScope":{"containerScope":{"containerScope":{"containerScope":{"containerScope":{"containerScope":{"containerScope":{"contributions":{},"includedScopes":[]},"contributions":{},"includedScopes":[]},"contributions":{},"includedScopes":[{"contributions":{},"includedScopes":[]},{"contributions":{},"includedScopes":[]},{"contributions":{},"includedScopes":[]}]},"contributions":{},"includedScopes":[{"containerScope":{"containerScope":{"containerScope":{"contributions":{},"includedScopes":[]},"contributions":{},"includedScopes":[]},"contributions":{},"includedScopes":[]},"contributions":{},"includedScopes":[]}]},"contributions":{},"includedScopes":[]},"contributions":{},"includedScopes":[]},"contributions":{},"includedScopes":[]},"contributions":{},"includedScopes":[]},"contributions":{},"includedScopes":[]},"contributions":{},"includedScopes":[]},"sourceMap":{"end":{"column":63,"line":13,"offset":334},"start":{"column":20,"line":13,"offset":291}}},"variable":{"id":"1b74677a-9836-424c-ab80-47418ac263f6","metadata":[],"name":"numberOfRocks","scope":{"containerScope":{"containerScope":{"containerScope":{"containerScope":{"containerScope":{"containerScope":{"containerScope":{"containerScope":{"containerScope":{"contributions":{},"includedScopes":[]},"contributions":{},"includedScopes":[]},"contributions":{},"includedScopes":[{"contributions":{},"includedScopes":[]},{"contributions":{},"includedScopes":[]},{"contributions":{},"includedScopes":[]}]},"contributions":{},"includedScopes":[{"containerScope":{"containerScope":{"containerScope":{"contributions":{},"includedScopes":[]},"contributions":{},"includedScopes":[]},"contributions":{},"includedScopes":[]},"contributions":{},"includedScopes":[]}]},"contributions":{},"includedScopes":[]},"contributions":{},"includedScopes":[]},"contributions":{},"includedScopes":[]},"contributions":{},"includedScopes":[]},"contributions":{},"includedScopes":[]},"contributions":{},"includedScopes":[]},"sourceMap":{"end":{"column":17,"line":13,"offset":288},"start":{"column":4,"line":13,"offset":275}}}}],"sourceMap":{"end":{"column":4,"line":14,"offset":339},"start":{"column":27,"line":12,"offset":269}}}},{"args":[{"id":"5811d39d-96b3-47a4-a9ff-2e43577e9711","metadata":[],"name":"start","scope":{"containerScope":{"containerScope":{"containerScope":{"containerScope":{"containerScope":{"containerScope":{"containerScope":{"contributions":{},"includedScopes":[]},"contributions":{},"includedScopes":[]},"contributions":{},"includedScopes":[{"contributions":{},"includedScopes":[]},{"contributions":{},"includedScopes":[]},{"contributions":{},"includedScopes":[]}]},"contributions":{},"includedScopes":[{"containerScope":{"containerScope":{"containerScope":{"contributions":{},"includedScopes":[]},"contributions":{},"includedScopes":[]},"contributions":{},"includedScopes":[]},"contributions":{},"includedScopes":[]}]},"contributions":{},"includedScopes":[]},"contributions":{},"includedScopes":[]},"contributions":{},"includedScopes":[]},"contributions":{},"includedScopes":[]},"sourceMap":{"end":{"column":22,"line":19,"offset":444},"start":{"column":13,"line":19,"offset":435}},"value":{"id":"bb39cbec-fe7d-4bba-bcc8-e34e954c6f7e","metadata":[],"scope":{"containerScope":{"containerScope":{"containerScope":{"containerScope":{"containerScope":{"containerScope":{"containerScope":{"containerScope":{"contributions":{},"includedScopes":[]},"contributions":{},"includedScopes":[]},"contributions":{},"includedScopes":[{"contributions":{},"includedScopes":[]},{"contributions":{},"includedScopes":[]},{"contributions":{},"includedScopes":[]}]},"contributions":{},"includedScopes":[{"containerScope":{"containerScope":{"containerScope":{"contributions":{},"includedScopes":[]},"contributions":{},"includedScopes":[]},"contributions":{},"includedScopes":[]},"contributions":{},"includedScopes":[]}]},"contributions":{},"includedScopes":[]},"contributions":{},"includedScopes":[]},"contributions":{},"includedScopes":[]},"contributions":{},"includedScopes":[]},"contributions":{},"includedScopes":[]},"sourceMap":{"end":{"column":22,"line":19,"offset":444},"start":{"column":21,"line":19,"offset":443}},"value":0}},{"id":"2904de32-d936-4ed7-9136-123bd5ff1c35","metadata":[],"name":"end","scope":{"containerScope":{"containerScope":{"containerScope":{"containerScope":{"containerScope":{"containerScope":{"containerScope":{"contributions":{},"includedScopes":[]},"contributions":{},"includedScopes":[]},"contributions":{},"includedScopes":[{"contributions":{},"includedScopes":[]},{"contributions":{},"includedScopes":[]},{"contributions":{},"includedScopes":[]}]},"contributions":{},"includedScopes":[{"containerScope":{"containerScope":{"containerScope":{"contributions":{},"includedScopes":[]},"contributions":{},"includedScopes":[]},"contributions":{},"includedScopes":[]},"contributions":{},"includedScopes":[]}]},"contributions":{},"includedScopes":[]},"contributions":{},"includedScopes":[]},"contributions":{},"includedScopes":[]},"contributions":{},"includedScopes":[]},"sourceMap":{"end":{"column":43,"line":19,"offset":465},"start":{"column":24,"line":19,"offset":446}},"value":{"id":"56bf67cd-47fe-444e-b2f4-436892f52a4a","metadata":[],"name":"numberOfRocks","scope":{"containerScope":{"containerScope":{"containerScope":{"containerScope":{"containerScope":{"containerScope":{"containerScope":{"containerScope":{"contributions":{},"includedScopes":[]},"contributions":{},"includedScopes":[]},"contributions":{},"includedScopes":[{"contributions":{},"includedScopes":[]},{"contributions":{},"includedScopes":[]},{"contributions":{},"includedScopes":[]}]},"contributions":{},"includedScopes":[{"containerScope":{"containerScope":{"containerScope":{"contributions":{},"includedScopes":[]},"contributions":{},"includedScopes":[]},"contributions":{},"includedScopes":[]},"contributions":{},"includedScopes":[]}]},"contributions":{},"includedScopes":[]},"contributions":{},"includedScopes":[]},"contributions":{},"includedScopes":[]},"contributions":{},"includedScopes":[]},"contributions":{},"includedScopes":[]},"sourceMap":{"end":{"column":43,"line":19,"offset":465},"start":{"column":30,"line":19,"offset":452}}}}],"id":"f8841ace-6e97-4fc2-aff2-177b02b4352b","instantiated":{"id":"8c908ff0-2714-43c9-979a-ced9ef6b41c1","metadata":[],"name":"Range","scope":{"containerScope":{"containerScope":{"containerScope":{"containerScope":{"containerScope":{"containerScope":{"containerScope":{"contributions":{},"includedScopes":[]},"contributions":{},"includedScopes":[]},"contributions":{},"includedScopes":[{"contributions":{},"includedScopes":[]},{"contributions":{},"includedScopes":[]},{"contributions":{},"includedScopes":[]}]},"contributions":{},"includedScopes":[{"containerScope":{"containerScope":{"containerScope":{"contributions":{},"includedScopes":[]},"contributions":{},"includedScopes":[]},"contributions":{},"includedScopes":[]},"contributions":{},"includedScopes":[]}]},"contributions":{},"includedScopes":[]},"contributions":{},"includedScopes":[]},"contributions":{},"includedScopes":[]},"contributions":{},"includedScopes":[]},"sourceMap":{"end":{"column":12,"line":19,"offset":434},"start":{"column":7,"line":19,"offset":429}}},"metadata":[],"scope":{"containerScope":{"containerScope":{"containerScope":{"containerScope":{"containerScope":{"containerScope":{"contributions":{},"includedScopes":[]},"contributions":{},"includedScopes":[]},"contributions":{},"includedScopes":[{"contributions":{},"includedScopes":[]},{"contributions":{},"includedScopes":[]},{"contributions":{},"includedScopes":[]}]},"contributions":{},"includedScopes":[{"containerScope":{"containerScope":{"containerScope":{"contributions":{},"includedScopes":[]},"contributions":{},"includedScopes":[]},"contributions":{},"includedScopes":[]},"contributions":{},"includedScopes":[]}]},"contributions":{},"includedScopes":[]},"contributions":{},"includedScopes":[]},"contributions":{},"includedScopes":[]},"sourceMap":{"end":{"column":44,"line":19,"offset":466},"start":{"column":3,"line":19,"offset":425}}}],"sourceMap":{"end":{"column":3,"line":20,"offset":514},"start":{"column":40,"line":9,"offset":213}}},"stack":"Error: Failed to print, found malformed node\n    at c:\\Users\\Guido\\.vscode\\extensions\\uqbar.wollok-lsp-ide-0.5.3\\out\\server\\src\\server.js:68:3585\n    at c:\\Users\\Guido\\.vscode\\extensions\\uqbar.wollok-lsp-ide-0.5.3\\out\\server\\src\\server.js:68:5370\n    at c:\\Users\\Guido\\.vscode\\extensions\\uqbar.wollok-lsp-ide-0.5.3\\out\\server\\src\\server.js:38:6131\n    at c:\\Users\\Guido\\.vscode\\extensions\\uqbar.wollok-lsp-ide-0.5.3\\out\\server\\src\\server.js:68:3664\n    at Gbn (c:\\Users\\Guido\\.vscode\\extensions\\uqbar.wollok-lsp-ide-0.5.3\\out\\server\\src\\server.js:68:3396)\n    at c:\\Users\\Guido\\.vscode\\extensions\\uqbar.wollok-lsp-ide-0.5.3\\out\\server\\src\\server.js:2393:847\n    at c:\\Users\\Guido\\.vscode\\extensions\\uqbar.wollok-lsp-ide-0.5.3\\out\\server\\src\\server.js:2393:8440\n    at c:\\Users\\Guido\\.vscode\\extensions\\uqbar.wollok-lsp-ide-0.5.3\\out\\server\\src\\server.js:37:74770\n    at Ye (c:\\Users\\Guido\\.vscode\\extensions\\uqbar.wollok-lsp-ide-0.5.3\\out\\server\\src\\server.js:7:8527)\n    at qt (c:\\Users\\Guido\\.vscode\\extensions\\uqbar.wollok-lsp-ide-0.5.3\\out\\server\\src\\server.js:7:6189)","timestamp":"2025-11-22T21:21:56.978Z"}
{"level":"info","message":"⌛ Building environment","timeElapsed":620,"timestamp":"2025-11-22T21:21:58.298Z"}
{"level":"info","message":"⌛ Autocomplete - Body","timeElapsed":156,"timestamp":"2025-11-22T21:21:58.469Z"}
{"level":"info","message":"⌛ Building environment","timeElapsed":674,"timestamp":"2025-11-22T21:21:59.160Z"}
{"level":"info","message":"⌛ Building environment","timeElapsed":576,"timestamp":"2025-11-22T21:21:59.738Z"}
{"level":"info","message":"⌛ Validating src/obstacles.wlk","timeElapsed":654,"timestamp":"2025-11-22T21:22:00.393Z"}
{"level":"info","message":"⌛ Building environment","timeElapsed":469,"timestamp":"2025-11-22T21:22:00.864Z"}
{"level":"info","message":"⌛ Building environment","timeElapsed":604,"timestamp":"2025-11-22T21:22:01.477Z"}
{"level":"info","message":"⌛ Building environment","timeElapsed":378,"timestamp":"2025-11-22T21:22:01.906Z"}
{"level":"info","message":"⌛ Validating src/obstacles.wlk","timeElapsed":629,"timestamp":"2025-11-22T21:22:02.537Z"}
{"level":"info","message":"⌛ Building environment","timeElapsed":914,"timestamp":"2025-11-22T21:22:03.508Z"}
{"level":"info","message":"⌛ Validating src/obstacles.wlk","timeElapsed":540,"timestamp":"2025-11-22T21:22:04.127Z"}
{"level":"info","message":"⌛ Validating src/obstacles.wlk","timeElapsed":1370,"timestamp":"2025-11-22T21:22:06.044Z"}
{"level":"info","message":"⌛ Validating src/obstacles.wlk","timeElapsed":587,"timestamp":"2025-11-22T21:22:06.634Z"}
{"level":"info","message":"⌛ Validating src/obstacles.wlk","timeElapsed":609,"timestamp":"2025-11-22T21:22:07.262Z"}
{"level":"info","message":"⌛ Validating src/obstacles.wlk","timeElapsed":596,"timestamp":"2025-11-22T21:22:07.917Z"}
{"level":"info","message":"⌛ Building environment","timeElapsed":701,"timestamp":"2025-11-22T21:22:33.963Z"}
{"level":"info","message":"⌛ Validating src/obstacles.wlk","timeElapsed":516,"timestamp":"2025-11-22T21:22:34.499Z"}
{"level":"info","message":"⌛ Building environment","timeElapsed":564,"timestamp":"2025-11-22T21:22:39.863Z"}
{"level":"info","message":"⌛ Building environment","timeElapsed":830,"timestamp":"2025-11-22T21:22:40.749Z"}
{"level":"info","message":"⌛ Validating src/obstacles.wlk","timeElapsed":846,"timestamp":"2025-11-22T21:22:41.629Z"}
{"level":"info","message":"⌛ Building environment","timeElapsed":564,"timestamp":"2025-11-22T21:22:42.206Z"}
{"level":"info","message":"⌛ Validating src/obstacles.wlk","timeElapsed":755,"timestamp":"2025-11-22T21:22:43.009Z"}
{"level":"info","message":"⌛ Validating src/obstacles.wlk","timeElapsed":411,"timestamp":"2025-11-22T21:22:43.520Z"}
{"level":"info","message":"⌛ Building environment","timeElapsed":684,"timestamp":"2025-11-22T21:22:46.458Z"}
{"level":"info","message":"⌛ Validating src/obstacles.wlk","timeElapsed":733,"timestamp":"2025-11-22T21:22:47.207Z"}
{"level":"info","message":"⌛ Building environment","timeElapsed":556,"timestamp":"2025-11-22T21:22:47.764Z"}
{"level":"info","message":"⌛ Building environment","timeElapsed":752,"timestamp":"2025-11-22T21:22:48.697Z"}
{"level":"error","message":"✘ Failed to rebuild document Failed to parse src/obstacles.wlk: \n-- PARSING FAILED --------------------------------------------------\n\n  48 |         })\n  49 | \n> 50 |     }\n     |     ^\n  51 | \t\n  52 | \tmethod createChests(minChests, maxChests){\n\nExpected one of the following: \n\n'@', 'class', 'const', 'describe', 'mixin', 'object', 'only', 'package', 'program', 'test', 'var', '{', EOF, comment, not \"}\r\n\t\r\n\t\", whitespace\n","stack":"Error: Failed to parse src/obstacles.wlk: \n-- PARSING FAILED --------------------------------------------------\n\n  48 |         })\n  49 | \n> 50 |     }\n     |     ^\n  51 | \t\n  52 | \tmethod createChests(minChests, maxChests){\n\nExpected one of the following: \n\n'@', 'class', 'const', 'describe', 'mixin', 'object', 'only', 'package', 'program', 'test', 'var', '{', EOF, comment, not \"}\r\n\t\r\n\t\", whitespace\n\n    at c:\\Users\\Guido\\.vscode\\extensions\\uqbar.wollok-lsp-ide-0.5.3\\out\\server\\src\\server.js:2348:13026\n    at Array.map (<anonymous>)\n    at W1n (c:\\Users\\Guido\\.vscode\\extensions\\uqbar.wollok-lsp-ide-0.5.3\\out\\server\\src\\server.js:2348:12950)\n    at U2.buildEnvironmentFrom (c:\\Users\\Guido\\.vscode\\extensions\\uqbar.wollok-lsp-ide-0.5.3\\out\\server\\src\\server.js:2393:5254)\n    at U2.updateEnvironmentWith (c:\\Users\\Guido\\.vscode\\extensions\\uqbar.wollok-lsp-ide-0.5.3\\out\\server\\src\\server.js:2393:4989)\n    at JF (c:\\Users\\Guido\\.vscode\\extensions\\uqbar.wollok-lsp-ide-0.5.3\\out\\server\\src\\server.js:2393:7383)\n    at F3.invoke (c:\\Users\\Guido\\.vscode\\extensions\\uqbar.wollok-lsp-ide-0.5.3\\out\\server\\src\\server.js:3:157334)\n    at o.fire (c:\\Users\\Guido\\.vscode\\extensions\\uqbar.wollok-lsp-ide-0.5.3\\out\\server\\src\\server.js:3:158104)\n    at c:\\Users\\Guido\\.vscode\\extensions\\uqbar.wollok-lsp-ide-0.5.3\\out\\server\\src\\server.js:37:57871\n    at Zr (c:\\Users\\Guido\\.vscode\\extensions\\uqbar.wollok-lsp-ide-0.5.3\\out\\server\\src\\server.js:8:1561)","timestamp":"2025-11-22T21:22:48.850Z"}
{"level":"error","message":"✘ Failed to rebuild document Failed to parse src/obstacles.wlk: \n-- PARSING FAILED --------------------------------------------------\n\n  48 |         })\n  49 | \n> 50 |     }\n     |     ^\n  51 | \t\n  52 | \tmethod createChests(minChests, maxChests){\n\nExpected one of the following: \n\n'@', 'class', 'const', 'describe', 'mixin', 'object', 'only', 'package', 'program', 'test', 'var', '{', EOF, comment, not \"}\r\n\t\r\n\t\", whitespace\n","stack":"Error: Failed to parse src/obstacles.wlk: \n-- PARSING FAILED --------------------------------------------------\n\n  48 |         })\n  49 | \n> 50 |     }\n     |     ^\n  51 | \t\n  52 | \tmethod createChests(minChests, maxChests){\n\nExpected one of the following: \n\n'@', 'class', 'const', 'describe', 'mixin', 'object', 'only', 'package', 'program', 'test', 'var', '{', EOF, comment, not \"}\r\n\t\r\n\t\", whitespace\n\n    at c:\\Users\\Guido\\.vscode\\extensions\\uqbar.wollok-lsp-ide-0.5.3\\out\\server\\src\\server.js:2348:13026\n    at Array.map (<anonymous>)\n    at W1n (c:\\Users\\Guido\\.vscode\\extensions\\uqbar.wollok-lsp-ide-0.5.3\\out\\server\\src\\server.js:2348:12950)\n    at U2.buildEnvironmentFrom (c:\\Users\\Guido\\.vscode\\extensions\\uqbar.wollok-lsp-ide-0.5.3\\out\\server\\src\\server.js:2393:5254)\n    at U2.updateEnvironmentWith (c:\\Users\\Guido\\.vscode\\extensions\\uqbar.wollok-lsp-ide-0.5.3\\out\\server\\src\\server.js:2393:4989)\n    at JF (c:\\Users\\Guido\\.vscode\\extensions\\uqbar.wollok-lsp-ide-0.5.3\\out\\server\\src\\server.js:2393:7383)\n    at F3.invoke (c:\\Users\\Guido\\.vscode\\extensions\\uqbar.wollok-lsp-ide-0.5.3\\out\\server\\src\\server.js:3:157334)\n    at o.fire (c:\\Users\\Guido\\.vscode\\extensions\\uqbar.wollok-lsp-ide-0.5.3\\out\\server\\src\\server.js:3:158104)\n    at c:\\Users\\Guido\\.vscode\\extensions\\uqbar.wollok-lsp-ide-0.5.3\\out\\server\\src\\server.js:37:57871\n    at Zr (c:\\Users\\Guido\\.vscode\\extensions\\uqbar.wollok-lsp-ide-0.5.3\\out\\server\\src\\server.js:8:1561)","timestamp":"2025-11-22T21:22:48.909Z"}
{"level":"info","message":"⌛ Validating src/obstacles.wlk","timeElapsed":1540,"timestamp":"2025-11-22T21:22:50.450Z"}
{"level":"info","message":"⌛ Building environment","timeElapsed":795,"timestamp":"2025-11-22T21:22:51.246Z"}
{"level":"error","message":"✘ Completions for node Variable ([23:3, 23:8] - src/obstacles.wlk) failed: Error: n [Variable]{caccef} at src/obstacles.wlk:23 exhausted all cases without a match n [Variable]{caccef} at src/obstacles.wlk:23 exhausted all cases without a match","stack":"Error: n [Variable]{caccef} at src/obstacles.wlk:23 exhausted all cases without a match\n    at c:\\Users\\Guido\\.vscode\\extensions\\uqbar.wollok-lsp-ide-0.5.3\\out\\server\\src\\server.js:38:6142\n    at D2 (c:\\Users\\Guido\\.vscode\\extensions\\uqbar.wollok-lsp-ide-0.5.3\\out\\server\\src\\server.js:2384:42)\n    at c:\\Users\\Guido\\.vscode\\extensions\\uqbar.wollok-lsp-ide-0.5.3\\out\\server\\src\\server.js:2384:2988\n    at c:\\Users\\Guido\\.vscode\\extensions\\uqbar.wollok-lsp-ide-0.5.3\\out\\server\\src\\server.js:2393:8440\n    at c:\\Users\\Guido\\.vscode\\extensions\\uqbar.wollok-lsp-ide-0.5.3\\out\\server\\src\\server.js:37:74872\n    at Ye (c:\\Users\\Guido\\.vscode\\extensions\\uqbar.wollok-lsp-ide-0.5.3\\out\\server\\src\\server.js:7:8527)\n    at qt (c:\\Users\\Guido\\.vscode\\extensions\\uqbar.wollok-lsp-ide-0.5.3\\out\\server\\src\\server.js:7:6189)\n    at ot (c:\\Users\\Guido\\.vscode\\extensions\\uqbar.wollok-lsp-ide-0.5.3\\out\\server\\src\\server.js:7:6378)\n    at Immediate._onImmediate (c:\\Users\\Guido\\.vscode\\extensions\\uqbar.wollok-lsp-ide-0.5.3\\out\\server\\src\\server.js:7:6142)\n    at process.processImmediate (node:internal/timers:485:21)","timestamp":"2025-11-22T21:22:51.448Z"}
{"level":"info","message":"⌛ Autocomplete - Variable","timeElapsed":188,"timestamp":"2025-11-22T21:22:51.460Z"}
{"level":"info","message":"⌛ Building environment","timeElapsed":661,"timestamp":"2025-11-22T21:22:52.129Z"}
{"level":"info","message":"⌛ Building environment","timeElapsed":1504,"timestamp":"2025-11-22T21:22:53.634Z"}
{"level":"info","message":"⌛ Building environment","timeElapsed":413,"timestamp":"2025-11-22T21:22:54.075Z"}
{"level":"info","message":"⌛ Building environment","timeElapsed":475,"timestamp":"2025-11-22T21:22:54.609Z"}
{"level":"info","message":"⌛ Validating src/obstacles.wlk","timeElapsed":540,"timestamp":"2025-11-22T21:22:55.153Z"}
{"level":"info","message":"⌛ Building environment","timeElapsed":1190,"timestamp":"2025-11-22T21:22:56.362Z"}
{"level":"info","message":"⌛ Building environment","timeElapsed":683,"timestamp":"2025-11-22T21:22:57.072Z"}
{"level":"info","message":"⌛ Building environment","timeElapsed":462,"timestamp":"2025-11-22T21:22:57.596Z"}
{"level":"info","message":"⌛ Building environment","timeElapsed":487,"timestamp":"2025-11-22T21:22:58.140Z"}
{"level":"info","message":"⌛ Building environment","timeElapsed":421,"timestamp":"2025-11-22T21:22:58.563Z"}
{"level":"info","message":"⌛ Building environment","timeElapsed":495,"timestamp":"2025-11-22T21:22:59.060Z"}
{"level":"info","message":"⌛ Building environment","timeElapsed":531,"timestamp":"2025-11-22T21:22:59.662Z"}
{"level":"info","message":"⌛ Building environment","timeElapsed":645,"timestamp":"2025-11-22T21:23:00.325Z"}
{"level":"info","message":"⌛ Building environment","timeElapsed":460,"timestamp":"2025-11-22T21:23:00.850Z"}
{"level":"info","message":"⌛ Building environment","timeElapsed":565,"timestamp":"2025-11-22T21:23:01.481Z"}
{"level":"info","message":"⌛ Validating src/obstacles.wlk","timeElapsed":1422,"timestamp":"2025-11-22T21:23:03.002Z"}
{"level":"info","message":"⌛ Building environment","timeElapsed":1078,"timestamp":"2025-11-22T21:23:04.129Z"}
{"level":"info","message":"⌛ Building environment","timeElapsed":436,"timestamp":"2025-11-22T21:23:04.633Z"}
{"level":"info","message":"⌛ Validating src/obstacles.wlk","timeElapsed":552,"timestamp":"2025-11-22T21:23:05.209Z"}
{"level":"info","message":"⌛ Building environment","timeElapsed":421,"timestamp":"2025-11-22T21:23:05.663Z"}
{"level":"info","message":"⌛ Validating src/obstacles.wlk","timeElapsed":468,"timestamp":"2025-11-22T21:23:06.201Z"}
{"level":"info","message":"⌛ Validating src/obstacles.wlk","timeElapsed":571,"timestamp":"2025-11-22T21:23:06.778Z"}
{"level":"info","message":"⌛ Validating src/obstacles.wlk","timeElapsed":449,"timestamp":"2025-11-22T21:23:07.244Z"}
{"level":"info","message":"⌛ Validating src/obstacles.wlk","timeElapsed":486,"timestamp":"2025-11-22T21:23:07.942Z"}
{"level":"info","message":"⌛ Validating src/obstacles.wlk","timeElapsed":476,"timestamp":"2025-11-22T21:23:08.539Z"}
{"level":"info","message":"⌛ Validating src/obstacles.wlk","timeElapsed":478,"timestamp":"2025-11-22T21:23:09.019Z"}
{"level":"info","message":"⌛ Validating src/obstacles.wlk","timeElapsed":476,"timestamp":"2025-11-22T21:23:09.606Z"}
{"level":"info","message":"⌛ Validating src/obstacles.wlk","timeElapsed":494,"timestamp":"2025-11-22T21:23:10.101Z"}
{"level":"info","message":"⌛ Validating src/obstacles.wlk","timeElapsed":444,"timestamp":"2025-11-22T21:23:10.585Z"}
{"level":"info","message":"⌛ Validating src/obstacles.wlk","timeElapsed":463,"timestamp":"2025-11-22T21:23:11.064Z"}
{"level":"info","message":"⌛ Validating src/obstacles.wlk","timeElapsed":624,"timestamp":"2025-11-22T21:23:11.832Z"}
{"level":"info","message":"⌛ Validating src/obstacles.wlk","timeElapsed":534,"timestamp":"2025-11-22T21:23:12.517Z"}
{"level":"info","message":"⌛ Validating src/obstacles.wlk","timeElapsed":445,"timestamp":"2025-11-22T21:23:12.982Z"}
{"level":"info","message":"⌛ Validating src/obstacles.wlk","timeElapsed":746,"timestamp":"2025-11-22T21:23:13.913Z"}
{"level":"info","message":"⌛ Validating src/obstacles.wlk","timeElapsed":563,"timestamp":"2025-11-22T21:23:14.506Z"}
{"level":"info","message":"⌛ Validating src/obstacles.wlk","timeElapsed":466,"timestamp":"2025-11-22T21:23:15.008Z"}
{"level":"info","message":"⌛ Building environment","timeElapsed":593,"timestamp":"2025-11-22T21:23:16.430Z"}
{"level":"error","message":"✘ Completions for node If ([36:13, 47:14] - src/obstacles.wlk) failed: Error: [If]{fd4d2a} at src/obstacles.wlk:36 exhausted all cases without a match [If]{fd4d2a} at src/obstacles.wlk:36 exhausted all cases without a match","stack":"Error: [If]{fd4d2a} at src/obstacles.wlk:36 exhausted all cases without a match\n    at c:\\Users\\Guido\\.vscode\\extensions\\uqbar.wollok-lsp-ide-0.5.3\\out\\server\\src\\server.js:38:6142\n    at D2 (c:\\Users\\Guido\\.vscode\\extensions\\uqbar.wollok-lsp-ide-0.5.3\\out\\server\\src\\server.js:2384:42)\n    at Qh (c:\\Users\\Guido\\.vscode\\extensions\\uqbar.wollok-lsp-ide-0.5.3\\out\\server\\src\\server.js:2384:1092)\n    at v6n (c:\\Users\\Guido\\.vscode\\extensions\\uqbar.wollok-lsp-ide-0.5.3\\out\\server\\src\\server.js:2384:818)\n    at c:\\Users\\Guido\\.vscode\\extensions\\uqbar.wollok-lsp-ide-0.5.3\\out\\server\\src\\server.js:38:6131\n    at D2 (c:\\Users\\Guido\\.vscode\\extensions\\uqbar.wollok-lsp-ide-0.5.3\\out\\server\\src\\server.js:2384:42)\n    at c:\\Users\\Guido\\.vscode\\extensions\\uqbar.wollok-lsp-ide-0.5.3\\out\\server\\src\\server.js:2384:2988\n    at c:\\Users\\Guido\\.vscode\\extensions\\uqbar.wollok-lsp-ide-0.5.3\\out\\server\\src\\server.js:2393:8440\n    at c:\\Users\\Guido\\.vscode\\extensions\\uqbar.wollok-lsp-ide-0.5.3\\out\\server\\src\\server.js:37:74872\n    at Ye (c:\\Users\\Guido\\.vscode\\extensions\\uqbar.wollok-lsp-ide-0.5.3\\out\\server\\src\\server.js:7:8527)","timestamp":"2025-11-22T21:23:16.565Z"}
{"level":"error","message":"✘ Completions for node Return (undefined - src/obstacles.wlk) failed: Error: [Return]{368981} at src/obstacles.wlk:-- exhausted all cases without a match [Return]{368981} at src/obstacles.wlk:-- exhausted all cases without a match","stack":"Error: [Return]{368981} at src/obstacles.wlk:-- exhausted all cases without a match\n    at c:\\Users\\Guido\\.vscode\\extensions\\uqbar.wollok-lsp-ide-0.5.3\\out\\server\\src\\server.js:38:6142\n    at D2 (c:\\Users\\Guido\\.vscode\\extensions\\uqbar.wollok-lsp-ide-0.5.3\\out\\server\\src\\server.js:2384:42)\n    at Qh (c:\\Users\\Guido\\.vscode\\extensions\\uqbar.wollok-lsp-ide-0.5.3\\out\\server\\src\\server.js:2384:1092)\n    at D2 (c:\\Users\\Guido\\.vscode\\extensions\\uqbar.wollok-lsp-ide-0.5.3\\out\\server\\src\\server.js:2384:544)\n    at Qh (c:\\Users\\Guido\\.vscode\\extensions\\uqbar.wollok-lsp-ide-0.5.3\\out\\server\\src\\server.js:2384:1092)\n    at v6n (c:\\Users\\Guido\\.vscode\\extensions\\uqbar.wollok-lsp-ide-0.5.3\\out\\server\\src\\server.js:2384:818)\n    at c:\\Users\\Guido\\.vscode\\extensions\\uqbar.wollok-lsp-ide-0.5.3\\out\\server\\src\\server.js:38:6131\n    at D2 (c:\\Users\\Guido\\.vscode\\extensions\\uqbar.wollok-lsp-ide-0.5.3\\out\\server\\src\\server.js:2384:42)\n    at c:\\Users\\Guido\\.vscode\\extensions\\uqbar.wollok-lsp-ide-0.5.3\\out\\server\\src\\server.js:2384:2988\n    at c:\\Users\\Guido\\.vscode\\extensions\\uqbar.wollok-lsp-ide-0.5.3\\out\\server\\src\\server.js:2393:8440","timestamp":"2025-11-22T21:23:16.567Z"}
{"level":"info","message":"⌛ Building environment","timeElapsed":532,"timestamp":"2025-11-22T21:23:17.109Z"}
{"level":"info","message":"⌛ Building environment","timeElapsed":523,"timestamp":"2025-11-22T21:23:17.642Z"}
{"level":"info","message":"⌛ Building environment","timeElapsed":508,"timestamp":"2025-11-22T21:23:18.191Z"}
{"level":"info","message":"⌛ Building environment","timeElapsed":590,"timestamp":"2025-11-22T21:23:18.785Z"}
{"level":"info","message":"⌛ Building environment","timeElapsed":408,"timestamp":"2025-11-22T21:23:19.263Z"}
{"level":"info","message":"⌛ Building environment","timeElapsed":452,"timestamp":"2025-11-22T21:23:19.727Z"}
{"level":"info","message":"⌛ Building environment","timeElapsed":757,"timestamp":"2025-11-22T21:23:20.600Z"}
{"level":"info","message":"⌛ Validating src/obstacles.wlk","timeElapsed":575,"timestamp":"2025-11-22T21:23:21.248Z"}
{"level":"info","message":"⌛ Validating src/obstacles.wlk","timeElapsed":425,"timestamp":"2025-11-22T21:23:21.868Z"}
{"level":"info","message":"⌛ Validating src/obstacles.wlk","timeElapsed":425,"timestamp":"2025-11-22T21:23:22.460Z"}
{"level":"info","message":"⌛ Validating src/obstacles.wlk","timeElapsed":547,"timestamp":"2025-11-22T21:23:23.040Z"}
{"level":"info","message":"⌛ Validating src/obstacles.wlk","timeElapsed":566,"timestamp":"2025-11-22T21:23:23.761Z"}
{"level":"info","message":"⌛ Validating src/obstacles.wlk","timeElapsed":554,"timestamp":"2025-11-22T21:23:24.465Z"}
{"level":"info","message":"⌛ Building environment","timeElapsed":480,"timestamp":"2025-11-22T21:23:25.141Z"}
{"level":"error","message":"✘ Completions for node If ([39:20, 47:14] - src/obstacles.wlk) failed: Error: [If]{81fe9d} at src/obstacles.wlk:39 exhausted all cases without a match [If]{81fe9d} at src/obstacles.wlk:39 exhausted all cases without a match","stack":"Error: [If]{81fe9d} at src/obstacles.wlk:39 exhausted all cases without a match\n    at c:\\Users\\Guido\\.vscode\\extensions\\uqbar.wollok-lsp-ide-0.5.3\\out\\server\\src\\server.js:38:6142\n    at D2 (c:\\Users\\Guido\\.vscode\\extensions\\uqbar.wollok-lsp-ide-0.5.3\\out\\server\\src\\server.js:2384:42)\n    at Qh (c:\\Users\\Guido\\.vscode\\extensions\\uqbar.wollok-lsp-ide-0.5.3\\out\\server\\src\\server.js:2384:1092)\n    at v6n (c:\\Users\\Guido\\.vscode\\extensions\\uqbar.wollok-lsp-ide-0.5.3\\out\\server\\src\\server.js:2384:818)\n    at c:\\Users\\Guido\\.vscode\\extensions\\uqbar.wollok-lsp-ide-0.5.3\\out\\server\\src\\server.js:38:6131\n    at D2 (c:\\Users\\Guido\\.vscode\\extensions\\uqbar.wollok-lsp-ide-0.5.3\\out\\server\\src\\server.js:2384:42)\n    at c:\\Users\\Guido\\.vscode\\extensions\\uqbar.wollok-lsp-ide-0.5.3\\out\\server\\src\\server.js:2384:2988\n    at c:\\Users\\Guido\\.vscode\\extensions\\uqbar.wollok-lsp-ide-0.5.3\\out\\server\\src\\server.js:2393:8440\n    at c:\\Users\\Guido\\.vscode\\extensions\\uqbar.wollok-lsp-ide-0.5.3\\out\\server\\src\\server.js:37:74872\n    at Ye (c:\\Users\\Guido\\.vscode\\extensions\\uqbar.wollok-lsp-ide-0.5.3\\out\\server\\src\\server.js:7:8527)","timestamp":"2025-11-22T21:23:25.251Z"}
{"level":"error","message":"✘ Completions for node If ([36:13, 47:14] - src/obstacles.wlk) failed: Error: [If]{d11fbb} at src/obstacles.wlk:36 exhausted all cases without a match [If]{d11fbb} at src/obstacles.wlk:36 exhausted all cases without a match","stack":"Error: [If]{d11fbb} at src/obstacles.wlk:36 exhausted all cases without a match\n    at c:\\Users\\Guido\\.vscode\\extensions\\uqbar.wollok-lsp-ide-0.5.3\\out\\server\\src\\server.js:38:6142\n    at D2 (c:\\Users\\Guido\\.vscode\\extensions\\uqbar.wollok-lsp-ide-0.5.3\\out\\server\\src\\server.js:2384:42)\n    at Qh (c:\\Users\\Guido\\.vscode\\extensions\\uqbar.wollok-lsp-ide-0.5.3\\out\\server\\src\\server.js:2384:1092)\n    at v6n (c:\\Users\\Guido\\.vscode\\extensions\\uqbar.wollok-lsp-ide-0.5.3\\out\\server\\src\\server.js:2384:818)\n    at c:\\Users\\Guido\\.vscode\\extensions\\uqbar.wollok-lsp-ide-0.5.3\\out\\server\\src\\server.js:38:6131\n    at D2 (c:\\Users\\Guido\\.vscode\\extensions\\uqbar.wollok-lsp-ide-0.5.3\\out\\server\\src\\server.js:2384:42)\n    at Qh (c:\\Users\\Guido\\.vscode\\extensions\\uqbar.wollok-lsp-ide-0.5.3\\out\\server\\src\\server.js:2384:1092)\n    at D2 (c:\\Users\\Guido\\.vscode\\extensions\\uqbar.wollok-lsp-ide-0.5.3\\out\\server\\src\\server.js:2384:544)\n    at Qh (c:\\Users\\Guido\\.vscode\\extensions\\uqbar.wollok-lsp-ide-0.5.3\\out\\server\\src\\server.js:2384:1092)\n    at v6n (c:\\Users\\Guido\\.vscode\\extensions\\uqbar.wollok-lsp-ide-0.5.3\\out\\server\\src\\server.js:2384:818)","timestamp":"2025-11-22T21:23:25.252Z"}
{"level":"error","message":"✘ Completions for node Return (undefined - src/obstacles.wlk) failed: Error: [Return]{f841bf} at src/obstacles.wlk:-- exhausted all cases without a match [Return]{f841bf} at src/obstacles.wlk:-- exhausted all cases without a match","stack":"Error: [Return]{f841bf} at src/obstacles.wlk:-- exhausted all cases without a match\n    at c:\\Users\\Guido\\.vscode\\extensions\\uqbar.wollok-lsp-ide-0.5.3\\out\\server\\src\\server.js:38:6142\n    at D2 (c:\\Users\\Guido\\.vscode\\extensions\\uqbar.wollok-lsp-ide-0.5.3\\out\\server\\src\\server.js:2384:42)\n    at Qh (c:\\Users\\Guido\\.vscode\\extensions\\uqbar.wollok-lsp-ide-0.5.3\\out\\server\\src\\server.js:2384:1092)\n    at D2 (c:\\Users\\Guido\\.vscode\\extensions\\uqbar.wollok-lsp-ide-0.5.3\\out\\server\\src\\server.js:2384:544)\n    at Qh (c:\\Users\\Guido\\.vscode\\extensions\\uqbar.wollok-lsp-ide-0.5.3\\out\\server\\src\\server.js:2384:1092)\n    at v6n (c:\\Users\\Guido\\.vscode\\extensions\\uqbar.wollok-lsp-ide-0.5.3\\out\\server\\src\\server.js:2384:818)\n    at c:\\Users\\Guido\\.vscode\\extensions\\uqbar.wollok-lsp-ide-0.5.3\\out\\server\\src\\server.js:38:6131\n    at D2 (c:\\Users\\Guido\\.vscode\\extensions\\uqbar.wollok-lsp-ide-0.5.3\\out\\server\\src\\server.js:2384:42)\n    at Qh (c:\\Users\\Guido\\.vscode\\extensions\\uqbar.wollok-lsp-ide-0.5.3\\out\\server\\src\\server.js:2384:1092)\n    at D2 (c:\\Users\\Guido\\.vscode\\extensions\\uqbar.wollok-lsp-ide-0.5.3\\out\\server\\src\\server.js:2384:544)","timestamp":"2025-11-22T21:23:25.252Z"}
{"level":"info","message":"⌛ Autocomplete - Body","timeElapsed":108,"timestamp":"2025-11-22T21:23:25.260Z"}
{"level":"info","message":"⌛ Validating src/obstacles.wlk","timeElapsed":634,"timestamp":"2025-11-22T21:23:25.897Z"}
{"level":"info","message":"⌛ Building environment","timeElapsed":777,"timestamp":"2025-11-22T21:23:26.716Z"}
{"level":"info","message":"⌛ Building environment","timeElapsed":447,"timestamp":"2025-11-22T21:23:27.230Z"}
{"level":"info","message":"⌛ Building environment","timeElapsed":1078,"timestamp":"2025-11-22T21:23:28.311Z"}
{"level":"info","message":"⌛ Building environment","timeElapsed":1092,"timestamp":"2025-11-22T21:23:29.462Z"}
{"level":"info","message":"⌛ Validating src/obstacles.wlk","timeElapsed":595,"timestamp":"2025-11-22T21:23:30.122Z"}
{"level":"info","message":"⌛ Building environment","timeElapsed":577,"timestamp":"2025-11-22T21:23:30.700Z"}
{"level":"info","message":"⌛ Building environment","timeElapsed":494,"timestamp":"2025-11-22T21:23:31.202Z"}
{"level":"info","message":"⌛ Building environment","timeElapsed":377,"timestamp":"2025-11-22T21:23:31.658Z"}
{"level":"info","message":"⌛ Validating src/obstacles.wlk","timeElapsed":466,"timestamp":"2025-11-22T21:23:33.033Z"}
{"level":"info","message":"⌛ Building environment","timeElapsed":449,"timestamp":"2025-11-22T21:23:33.610Z"}
{"level":"error","message":"✘ Completions for node If ([42:20, 47:14] - src/obstacles.wlk) failed: Error: [If]{00371c} at src/obstacles.wlk:42 exhausted all cases without a match [If]{00371c} at src/obstacles.wlk:42 exhausted all cases without a match","stack":"Error: [If]{00371c} at src/obstacles.wlk:42 exhausted all cases without a match\n    at c:\\Users\\Guido\\.vscode\\extensions\\uqbar.wollok-lsp-ide-0.5.3\\out\\server\\src\\server.js:38:6142\n    at D2 (c:\\Users\\Guido\\.vscode\\extensions\\uqbar.wollok-lsp-ide-0.5.3\\out\\server\\src\\server.js:2384:42)\n    at Qh (c:\\Users\\Guido\\.vscode\\extensions\\uqbar.wollok-lsp-ide-0.5.3\\out\\server\\src\\server.js:2384:1092)\n    at v6n (c:\\Users\\Guido\\.vscode\\extensions\\uqbar.wollok-lsp-ide-0.5.3\\out\\server\\src\\server.js:2384:818)\n    at c:\\Users\\Guido\\.vscode\\extensions\\uqbar.wollok-lsp-ide-0.5.3\\out\\server\\src\\server.js:38:6131\n    at D2 (c:\\Users\\Guido\\.vscode\\extensions\\uqbar.wollok-lsp-ide-0.5.3\\out\\server\\src\\server.js:2384:42)\n    at c:\\Users\\Guido\\.vscode\\extensions\\uqbar.wollok-lsp-ide-0.5.3\\out\\server\\src\\server.js:2384:2988\n    at c:\\Users\\Guido\\.vscode\\extensions\\uqbar.wollok-lsp-ide-0.5.3\\out\\server\\src\\server.js:2393:8440\n    at c:\\Users\\Guido\\.vscode\\extensions\\uqbar.wollok-lsp-ide-0.5.3\\out\\server\\src\\server.js:37:74872\n    at Ye (c:\\Users\\Guido\\.vscode\\extensions\\uqbar.wollok-lsp-ide-0.5.3\\out\\server\\src\\server.js:7:8527)","timestamp":"2025-11-22T21:23:33.783Z"}
{"level":"error","message":"✘ Completions for node If ([39:20, 47:14] - src/obstacles.wlk) failed: Error: [If]{55c7ff} at src/obstacles.wlk:39 exhausted all cases without a match [If]{55c7ff} at src/obstacles.wlk:39 exhausted all cases without a match","stack":"Error: [If]{55c7ff} at src/obstacles.wlk:39 exhausted all cases without a match\n    at c:\\Users\\Guido\\.vscode\\extensions\\uqbar.wollok-lsp-ide-0.5.3\\out\\server\\src\\server.js:38:6142\n    at D2 (c:\\Users\\Guido\\.vscode\\extensions\\uqbar.wollok-lsp-ide-0.5.3\\out\\server\\src\\server.js:2384:42)\n    at Qh (c:\\Users\\Guido\\.vscode\\extensions\\uqbar.wollok-lsp-ide-0.5.3\\out\\server\\src\\server.js:2384:1092)\n    at v6n (c:\\Users\\Guido\\.vscode\\extensions\\uqbar.wollok-lsp-ide-0.5.3\\out\\server\\src\\server.js:2384:818)\n    at c:\\Users\\Guido\\.vscode\\extensions\\uqbar.wollok-lsp-ide-0.5.3\\out\\server\\src\\server.js:38:6131\n    at D2 (c:\\Users\\Guido\\.vscode\\extensions\\uqbar.wollok-lsp-ide-0.5.3\\out\\server\\src\\server.js:2384:42)\n    at Qh (c:\\Users\\Guido\\.vscode\\extensions\\uqbar.wollok-lsp-ide-0.5.3\\out\\server\\src\\server.js:2384:1092)\n    at D2 (c:\\Users\\Guido\\.vscode\\extensions\\uqbar.wollok-lsp-ide-0.5.3\\out\\server\\src\\server.js:2384:544)\n    at Qh (c:\\Users\\Guido\\.vscode\\extensions\\uqbar.wollok-lsp-ide-0.5.3\\out\\server\\src\\server.js:2384:1092)\n    at v6n (c:\\Users\\Guido\\.vscode\\extensions\\uqbar.wollok-lsp-ide-0.5.3\\out\\server\\src\\server.js:2384:818)","timestamp":"2025-11-22T21:23:33.784Z"}
{"level":"error","message":"✘ Completions for node If ([36:13, 47:14] - src/obstacles.wlk) failed: Error: [If]{cbcddb} at src/obstacles.wlk:36 exhausted all cases without a match [If]{cbcddb} at src/obstacles.wlk:36 exhausted all cases without a match","stack":"Error: [If]{cbcddb} at src/obstacles.wlk:36 exhausted all cases without a match\n    at c:\\Users\\Guido\\.vscode\\extensions\\uqbar.wollok-lsp-ide-0.5.3\\out\\server\\src\\server.js:38:6142\n    at D2 (c:\\Users\\Guido\\.vscode\\extensions\\uqbar.wollok-lsp-ide-0.5.3\\out\\server\\src\\server.js:2384:42)\n    at Qh (c:\\Users\\Guido\\.vscode\\extensions\\uqbar.wollok-lsp-ide-0.5.3\\out\\server\\src\\server.js:2384:1092)\n    at v6n (c:\\Users\\Guido\\.vscode\\extensions\\uqbar.wollok-lsp-ide-0.5.3\\out\\server\\src\\server.js:2384:818)\n    at c:\\Users\\Guido\\.vscode\\extensions\\uqbar.wollok-lsp-ide-0.5.3\\out\\server\\src\\server.js:38:6131\n    at D2 (c:\\Users\\Guido\\.vscode\\extensions\\uqbar.wollok-lsp-ide-0.5.3\\out\\server\\src\\server.js:2384:42)\n    at Qh (c:\\Users\\Guido\\.vscode\\extensions\\uqbar.wollok-lsp-ide-0.5.3\\out\\server\\src\\server.js:2384:1092)\n    at D2 (c:\\Users\\Guido\\.vscode\\extensions\\uqbar.wollok-lsp-ide-0.5.3\\out\\server\\src\\server.js:2384:544)\n    at Qh (c:\\Users\\Guido\\.vscode\\extensions\\uqbar.wollok-lsp-ide-0.5.3\\out\\server\\src\\server.js:2384:1092)\n    at v6n (c:\\Users\\Guido\\.vscode\\extensions\\uqbar.wollok-lsp-ide-0.5.3\\out\\server\\src\\server.js:2384:818)","timestamp":"2025-11-22T21:23:33.784Z"}
{"level":"error","message":"✘ Completions for node Return (undefined - src/obstacles.wlk) failed: Error: [Return]{bb53fa} at src/obstacles.wlk:-- exhausted all cases without a match [Return]{bb53fa} at src/obstacles.wlk:-- exhausted all cases without a match","stack":"Error: [Return]{bb53fa} at src/obstacles.wlk:-- exhausted all cases without a match\n    at c:\\Users\\Guido\\.vscode\\extensions\\uqbar.wollok-lsp-ide-0.5.3\\out\\server\\src\\server.js:38:6142\n    at D2 (c:\\Users\\Guido\\.vscode\\extensions\\uqbar.wollok-lsp-ide-0.5.3\\out\\server\\src\\server.js:2384:42)\n    at Qh (c:\\Users\\Guido\\.vscode\\extensions\\uqbar.wollok-lsp-ide-0.5.3\\out\\server\\src\\server.js:2384:1092)\n    at D2 (c:\\Users\\Guido\\.vscode\\extensions\\uqbar.wollok-lsp-ide-0.5.3\\out\\server\\src\\server.js:2384:544)\n    at Qh (c:\\Users\\Guido\\.vscode\\extensions\\uqbar.wollok-lsp-ide-0.5.3\\out\\server\\src\\server.js:2384:1092)\n    at v6n (c:\\Users\\Guido\\.vscode\\extensions\\uqbar.wollok-lsp-ide-0.5.3\\out\\server\\src\\server.js:2384:818)\n    at c:\\Users\\Guido\\.vscode\\extensions\\uqbar.wollok-lsp-ide-0.5.3\\out\\server\\src\\server.js:38:6131\n    at D2 (c:\\Users\\Guido\\.vscode\\extensions\\uqbar.wollok-lsp-ide-0.5.3\\out\\server\\src\\server.js:2384:42)\n    at Qh (c:\\Users\\Guido\\.vscode\\extensions\\uqbar.wollok-lsp-ide-0.5.3\\out\\server\\src\\server.js:2384:1092)\n    at D2 (c:\\Users\\Guido\\.vscode\\extensions\\uqbar.wollok-lsp-ide-0.5.3\\out\\server\\src\\server.js:2384:544)","timestamp":"2025-11-22T21:23:33.784Z"}
{"level":"info","message":"⌛ Autocomplete - Body","timeElapsed":167,"timestamp":"2025-11-22T21:23:33.801Z"}
{"level":"info","message":"⌛ Building environment","timeElapsed":513,"timestamp":"2025-11-22T21:23:34.315Z"}
{"level":"info","message":"⌛ Building environment","timeElapsed":554,"timestamp":"2025-11-22T21:23:34.873Z"}
{"level":"info","message":"⌛ Building environment","timeElapsed":441,"timestamp":"2025-11-22T21:23:35.341Z"}
{"level":"info","message":"⌛ Building environment","timeElapsed":745,"timestamp":"2025-11-22T21:23:36.143Z"}
{"level":"info","message":"⌛ Validating src/obstacles.wlk","timeElapsed":550,"timestamp":"2025-11-22T21:23:36.714Z"}
{"level":"info","message":"⌛ Validating src/obstacles.wlk","timeElapsed":628,"timestamp":"2025-11-22T21:23:37.401Z"}
{"level":"info","message":"⌛ Building environment","timeElapsed":726,"timestamp":"2025-11-22T21:23:38.140Z"}
{"level":"info","message":"⌛ Building environment","timeElapsed":544,"timestamp":"2025-11-22T21:23:38.709Z"}
{"level":"info","message":"⌛ Validating src/obstacles.wlk","timeElapsed":619,"timestamp":"2025-11-22T21:23:39.398Z"}
{"level":"info","message":"⌛ Building environment","timeElapsed":401,"timestamp":"2025-11-22T21:23:39.800Z"}
{"level":"info","message":"⌛ Building environment","timeElapsed":466,"timestamp":"2025-11-22T21:23:40.276Z"}
{"level":"info","message":"⌛ Validating src/obstacles.wlk","timeElapsed":822,"timestamp":"2025-11-22T21:23:41.226Z"}
{"level":"info","message":"⌛ Validating src/obstacles.wlk","timeElapsed":1525,"timestamp":"2025-11-22T21:23:43.311Z"}
{"level":"info","message":"⌛ Validating src/obstacles.wlk","timeElapsed":433,"timestamp":"2025-11-22T21:23:43.840Z"}
{"level":"info","message":"⌛ Validating src/obstacles.wlk","timeElapsed":627,"timestamp":"2025-11-22T21:23:44.562Z"}
{"level":"info","message":"⌛ Building environment","timeElapsed":480,"timestamp":"2025-11-22T21:23:45.043Z"}
{"level":"error","message":"✘ Completions for node If ([42:20, 47:14] - src/obstacles.wlk) failed: Error: [If]{0a81b2} at src/obstacles.wlk:42 exhausted all cases without a match [If]{0a81b2} at src/obstacles.wlk:42 exhausted all cases without a match","stack":"Error: [If]{0a81b2} at src/obstacles.wlk:42 exhausted all cases without a match\n    at c:\\Users\\Guido\\.vscode\\extensions\\uqbar.wollok-lsp-ide-0.5.3\\out\\server\\src\\server.js:38:6142\n    at D2 (c:\\Users\\Guido\\.vscode\\extensions\\uqbar.wollok-lsp-ide-0.5.3\\out\\server\\src\\server.js:2384:42)\n    at Qh (c:\\Users\\Guido\\.vscode\\extensions\\uqbar.wollok-lsp-ide-0.5.3\\out\\server\\src\\server.js:2384:1092)\n    at v6n (c:\\Users\\Guido\\.vscode\\extensions\\uqbar.wollok-lsp-ide-0.5.3\\out\\server\\src\\server.js:2384:818)\n    at c:\\Users\\Guido\\.vscode\\extensions\\uqbar.wollok-lsp-ide-0.5.3\\out\\server\\src\\server.js:38:6131\n    at D2 (c:\\Users\\Guido\\.vscode\\extensions\\uqbar.wollok-lsp-ide-0.5.3\\out\\server\\src\\server.js:2384:42)\n    at c:\\Users\\Guido\\.vscode\\extensions\\uqbar.wollok-lsp-ide-0.5.3\\out\\server\\src\\server.js:2384:2988\n    at c:\\Users\\Guido\\.vscode\\extensions\\uqbar.wollok-lsp-ide-0.5.3\\out\\server\\src\\server.js:2393:8440\n    at c:\\Users\\Guido\\.vscode\\extensions\\uqbar.wollok-lsp-ide-0.5.3\\out\\server\\src\\server.js:37:74872\n    at Ye (c:\\Users\\Guido\\.vscode\\extensions\\uqbar.wollok-lsp-ide-0.5.3\\out\\server\\src\\server.js:7:8527)","timestamp":"2025-11-22T21:23:45.222Z"}
{"level":"error","message":"✘ Completions for node If ([39:20, 47:14] - src/obstacles.wlk) failed: Error: [If]{a3b856} at src/obstacles.wlk:39 exhausted all cases without a match [If]{a3b856} at src/obstacles.wlk:39 exhausted all cases without a match","stack":"Error: [If]{a3b856} at src/obstacles.wlk:39 exhausted all cases without a match\n    at c:\\Users\\Guido\\.vscode\\extensions\\uqbar.wollok-lsp-ide-0.5.3\\out\\server\\src\\server.js:38:6142\n    at D2 (c:\\Users\\Guido\\.vscode\\extensions\\uqbar.wollok-lsp-ide-0.5.3\\out\\server\\src\\server.js:2384:42)\n    at Qh (c:\\Users\\Guido\\.vscode\\extensions\\uqbar.wollok-lsp-ide-0.5.3\\out\\server\\src\\server.js:2384:1092)\n    at v6n (c:\\Users\\Guido\\.vscode\\extensions\\uqbar.wollok-lsp-ide-0.5.3\\out\\server\\src\\server.js:2384:818)\n    at c:\\Users\\Guido\\.vscode\\extensions\\uqbar.wollok-lsp-ide-0.5.3\\out\\server\\src\\server.js:38:6131\n    at D2 (c:\\Users\\Guido\\.vscode\\extensions\\uqbar.wollok-lsp-ide-0.5.3\\out\\server\\src\\server.js:2384:42)\n    at Qh (c:\\Users\\Guido\\.vscode\\extensions\\uqbar.wollok-lsp-ide-0.5.3\\out\\server\\src\\server.js:2384:1092)\n    at D2 (c:\\Users\\Guido\\.vscode\\extensions\\uqbar.wollok-lsp-ide-0.5.3\\out\\server\\src\\server.js:2384:544)\n    at Qh (c:\\Users\\Guido\\.vscode\\extensions\\uqbar.wollok-lsp-ide-0.5.3\\out\\server\\src\\server.js:2384:1092)\n    at v6n (c:\\Users\\Guido\\.vscode\\extensions\\uqbar.wollok-lsp-ide-0.5.3\\out\\server\\src\\server.js:2384:818)","timestamp":"2025-11-22T21:23:45.222Z"}
{"level":"error","message":"✘ Completions for node If ([36:13, 47:14] - src/obstacles.wlk) failed: Error: [If]{cf90c9} at src/obstacles.wlk:36 exhausted all cases without a match [If]{cf90c9} at src/obstacles.wlk:36 exhausted all cases without a match","stack":"Error: [If]{cf90c9} at src/obstacles.wlk:36 exhausted all cases without a match\n    at c:\\Users\\Guido\\.vscode\\extensions\\uqbar.wollok-lsp-ide-0.5.3\\out\\server\\src\\server.js:38:6142\n    at D2 (c:\\Users\\Guido\\.vscode\\extensions\\uqbar.wollok-lsp-ide-0.5.3\\out\\server\\src\\server.js:2384:42)\n    at Qh (c:\\Users\\Guido\\.vscode\\extensions\\uqbar.wollok-lsp-ide-0.5.3\\out\\server\\src\\server.js:2384:1092)\n    at v6n (c:\\Users\\Guido\\.vscode\\extensions\\uqbar.wollok-lsp-ide-0.5.3\\out\\server\\src\\server.js:2384:818)\n    at c:\\Users\\Guido\\.vscode\\extensions\\uqbar.wollok-lsp-ide-0.5.3\\out\\server\\src\\server.js:38:6131\n    at D2 (c:\\Users\\Guido\\.vscode\\extensions\\uqbar.wollok-lsp-ide-0.5.3\\out\\server\\src\\server.js:2384:42)\n    at Qh (c:\\Users\\Guido\\.vscode\\extensions\\uqbar.wollok-lsp-ide-0.5.3\\out\\server\\src\\server.js:2384:1092)\n    at D2 (c:\\Users\\Guido\\.vscode\\extensions\\uqbar.wollok-lsp-ide-0.5.3\\out\\server\\src\\server.js:2384:544)\n    at Qh (c:\\Users\\Guido\\.vscode\\extensions\\uqbar.wollok-lsp-ide-0.5.3\\out\\server\\src\\server.js:2384:1092)\n    at v6n (c:\\Users\\Guido\\.vscode\\extensions\\uqbar.wollok-lsp-ide-0.5.3\\out\\server\\src\\server.js:2384:818)","timestamp":"2025-11-22T21:23:45.224Z"}
{"level":"error","message":"✘ Completions for node Return (undefined - src/obstacles.wlk) failed: Error: [Return]{f1ba69} at src/obstacles.wlk:-- exhausted all cases without a match [Return]{f1ba69} at src/obstacles.wlk:-- exhausted all cases without a match","stack":"Error: [Return]{f1ba69} at src/obstacles.wlk:-- exhausted all cases without a match\n    at c:\\Users\\Guido\\.vscode\\extensions\\uqbar.wollok-lsp-ide-0.5.3\\out\\server\\src\\server.js:38:6142\n    at D2 (c:\\Users\\Guido\\.vscode\\extensions\\uqbar.wollok-lsp-ide-0.5.3\\out\\server\\src\\server.js:2384:42)\n    at Qh (c:\\Users\\Guido\\.vscode\\extensions\\uqbar.wollok-lsp-ide-0.5.3\\out\\server\\src\\server.js:2384:1092)\n    at D2 (c:\\Users\\Guido\\.vscode\\extensions\\uqbar.wollok-lsp-ide-0.5.3\\out\\server\\src\\server.js:2384:544)\n    at Qh (c:\\Users\\Guido\\.vscode\\extensions\\uqbar.wollok-lsp-ide-0.5.3\\out\\server\\src\\server.js:2384:1092)\n    at v6n (c:\\Users\\Guido\\.vscode\\extensions\\uqbar.wollok-lsp-ide-0.5.3\\out\\server\\src\\server.js:2384:818)\n    at c:\\Users\\Guido\\.vscode\\extensions\\uqbar.wollok-lsp-ide-0.5.3\\out\\server\\src\\server.js:38:6131\n    at D2 (c:\\Users\\Guido\\.vscode\\extensions\\uqbar.wollok-lsp-ide-0.5.3\\out\\server\\src\\server.js:2384:42)\n    at Qh (c:\\Users\\Guido\\.vscode\\extensions\\uqbar.wollok-lsp-ide-0.5.3\\out\\server\\src\\server.js:2384:1092)\n    at D2 (c:\\Users\\Guido\\.vscode\\extensions\\uqbar.wollok-lsp-ide-0.5.3\\out\\server\\src\\server.js:2384:544)","timestamp":"2025-11-22T21:23:45.226Z"}
{"level":"info","message":"⌛ Autocomplete - Body","timeElapsed":174,"timestamp":"2025-11-22T21:23:45.232Z"}
{"level":"info","message":"⌛ Building environment","timeElapsed":698,"timestamp":"2025-11-22T21:23:45.934Z"}
{"level":"info","message":"⌛ Building environment","timeElapsed":971,"timestamp":"2025-11-22T21:23:46.914Z"}
{"level":"info","message":"⌛ Building environment","timeElapsed":950,"timestamp":"2025-11-22T21:23:47.867Z"}
{"level":"info","message":"⌛ Building environment","timeElapsed":733,"timestamp":"2025-11-22T21:23:48.713Z"}
{"level":"info","message":"⌛ Building environment","timeElapsed":435,"timestamp":"2025-11-22T21:23:49.264Z"}
{"level":"info","message":"⌛ Validating src/obstacles.wlk","timeElapsed":461,"timestamp":"2025-11-22T21:23:49.730Z"}
{"level":"info","message":"⌛ Building environment","timeElapsed":381,"timestamp":"2025-11-22T21:23:50.183Z"}
{"level":"info","message":"⌛ Validating src/obstacles.wlk","timeElapsed":471,"timestamp":"2025-11-22T21:23:50.712Z"}
{"level":"info","message":"⌛ Building environment","timeElapsed":427,"timestamp":"2025-11-22T21:23:51.141Z"}
{"level":"info","message":"⌛ Building environment","timeElapsed":809,"timestamp":"2025-11-22T21:23:52.000Z"}
{"level":"info","message":"⌛ Validating src/obstacles.wlk","timeElapsed":568,"timestamp":"2025-11-22T21:23:53.529Z"}
{"level":"info","message":"⌛ Validating src/obstacles.wlk","timeElapsed":616,"timestamp":"2025-11-22T21:23:54.317Z"}
{"level":"info","message":"⌛ Validating src/obstacles.wlk","timeElapsed":534,"timestamp":"2025-11-22T21:23:54.861Z"}
{"level":"info","message":"⌛ Validating src/obstacles.wlk","timeElapsed":590,"timestamp":"2025-11-22T21:23:55.501Z"}
{"level":"info","message":"⌛ Validating src/obstacles.wlk","timeElapsed":979,"timestamp":"2025-11-22T21:23:56.481Z"}
{"level":"info","message":"⌛ Validating src/obstacles.wlk","timeElapsed":718,"timestamp":"2025-11-22T21:23:57.244Z"}
{"level":"info","message":"⌛ Validating src/obstacles.wlk","timeElapsed":653,"timestamp":"2025-11-22T21:23:57.913Z"}
{"level":"info","message":"⌛ Building environment","timeElapsed":919,"timestamp":"2025-11-22T21:23:59.064Z"}
{"level":"info","message":"⌛ Validating src/obstacles.wlk","timeElapsed":622,"timestamp":"2025-11-22T21:23:59.722Z"}
{"level":"info","message":"⌛ Building environment","timeElapsed":515,"timestamp":"2025-11-22T21:24:00.248Z"}
{"level":"info","message":"⌛ Autocomplete - Reference","timeElapsed":106,"timestamp":"2025-11-22T21:24:00.394Z"}
{"level":"info","message":"⌛ Building environment","timeElapsed":499,"timestamp":"2025-11-22T21:24:01.083Z"}
{"level":"error","message":"✘ Failed to rebuild document Failed to parse src/obstacles.wlk: \n-- PARSING FAILED --------------------------------------------------\n\n  80 | \t\t\tobstacle.show()\n  81 | \t\t\tobstacles.remove(obstacle)\n> 82 | \t\t} else {\n     |   ^\n  83 | \t\t\tself.placeRecursively(obstacle)\n  84 | \t\t}\n\nExpected one of the following: \n\n'@', 'class', 'const', 'describe', 'mixin', 'object', 'only', 'package', 'program', 'test', 'var', '{', EOF, comment, not \"} \", whitespace\n","stack":"Error: Failed to parse src/obstacles.wlk: \n-- PARSING FAILED --------------------------------------------------\n\n  80 | \t\t\tobstacle.show()\n  81 | \t\t\tobstacles.remove(obstacle)\n> 82 | \t\t} else {\n     |   ^\n  83 | \t\t\tself.placeRecursively(obstacle)\n  84 | \t\t}\n\nExpected one of the following: \n\n'@', 'class', 'const', 'describe', 'mixin', 'object', 'only', 'package', 'program', 'test', 'var', '{', EOF, comment, not \"} \", whitespace\n\n    at c:\\Users\\Guido\\.vscode\\extensions\\uqbar.wollok-lsp-ide-0.5.3\\out\\server\\src\\server.js:2348:13026\n    at Array.map (<anonymous>)\n    at W1n (c:\\Users\\Guido\\.vscode\\extensions\\uqbar.wollok-lsp-ide-0.5.3\\out\\server\\src\\server.js:2348:12950)\n    at U2.buildEnvironmentFrom (c:\\Users\\Guido\\.vscode\\extensions\\uqbar.wollok-lsp-ide-0.5.3\\out\\server\\src\\server.js:2393:5254)\n    at U2.updateEnvironmentWith (c:\\Users\\Guido\\.vscode\\extensions\\uqbar.wollok-lsp-ide-0.5.3\\out\\server\\src\\server.js:2393:4989)\n    at JF (c:\\Users\\Guido\\.vscode\\extensions\\uqbar.wollok-lsp-ide-0.5.3\\out\\server\\src\\server.js:2393:7383)\n    at F3.invoke (c:\\Users\\Guido\\.vscode\\extensions\\uqbar.wollok-lsp-ide-0.5.3\\out\\server\\src\\server.js:3:157334)\n    at o.fire (c:\\Users\\Guido\\.vscode\\extensions\\uqbar.wollok-lsp-ide-0.5.3\\out\\server\\src\\server.js:3:158104)\n    at c:\\Users\\Guido\\.vscode\\extensions\\uqbar.wollok-lsp-ide-0.5.3\\out\\server\\src\\server.js:37:57871\n    at Zr (c:\\Users\\Guido\\.vscode\\extensions\\uqbar.wollok-lsp-ide-0.5.3\\out\\server\\src\\server.js:8:1561)","timestamp":"2025-11-22T21:24:01.444Z"}
{"level":"error","message":"✘ Failed to rebuild document Failed to parse src/obstacles.wlk: \n-- PARSING FAILED --------------------------------------------------\n\n  80 | \t\t\tobstacle.show()\n  81 | \t\t\tobstacles.remove(obstacle)\n> 82 | \t\t} else {\n     |   ^\n  83 | \t\t\tself.placeRecursively(obstacle)\n  84 | \t\t}\n\nExpected one of the following: \n\n'@', 'class', 'const', 'describe', 'mixin', 'object', 'only', 'package', 'program', 'test', 'var', '{', EOF, comment, not \"} \", whitespace\n","stack":"Error: Failed to parse src/obstacles.wlk: \n-- PARSING FAILED --------------------------------------------------\n\n  80 | \t\t\tobstacle.show()\n  81 | \t\t\tobstacles.remove(obstacle)\n> 82 | \t\t} else {\n     |   ^\n  83 | \t\t\tself.placeRecursively(obstacle)\n  84 | \t\t}\n\nExpected one of the following: \n\n'@', 'class', 'const', 'describe', 'mixin', 'object', 'only', 'package', 'program', 'test', 'var', '{', EOF, comment, not \"} \", whitespace\n\n    at c:\\Users\\Guido\\.vscode\\extensions\\uqbar.wollok-lsp-ide-0.5.3\\out\\server\\src\\server.js:2348:13026\n    at Array.map (<anonymous>)\n    at W1n (c:\\Users\\Guido\\.vscode\\extensions\\uqbar.wollok-lsp-ide-0.5.3\\out\\server\\src\\server.js:2348:12950)\n    at U2.buildEnvironmentFrom (c:\\Users\\Guido\\.vscode\\extensions\\uqbar.wollok-lsp-ide-0.5.3\\out\\server\\src\\server.js:2393:5254)\n    at U2.updateEnvironmentWith (c:\\Users\\Guido\\.vscode\\extensions\\uqbar.wollok-lsp-ide-0.5.3\\out\\server\\src\\server.js:2393:4989)\n    at JF (c:\\Users\\Guido\\.vscode\\extensions\\uqbar.wollok-lsp-ide-0.5.3\\out\\server\\src\\server.js:2393:7383)\n    at F3.invoke (c:\\Users\\Guido\\.vscode\\extensions\\uqbar.wollok-lsp-ide-0.5.3\\out\\server\\src\\server.js:3:157334)\n    at o.fire (c:\\Users\\Guido\\.vscode\\extensions\\uqbar.wollok-lsp-ide-0.5.3\\out\\server\\src\\server.js:3:158104)\n    at c:\\Users\\Guido\\.vscode\\extensions\\uqbar.wollok-lsp-ide-0.5.3\\out\\server\\src\\server.js:37:57871\n    at Zr (c:\\Users\\Guido\\.vscode\\extensions\\uqbar.wollok-lsp-ide-0.5.3\\out\\server\\src\\server.js:8:1561)","timestamp":"2025-11-22T21:24:01.730Z"}
{"level":"info","message":"⌛ Building environment","timeElapsed":551,"timestamp":"2025-11-22T21:24:02.297Z"}
{"level":"info","message":"⌛ Building environment","timeElapsed":464,"timestamp":"2025-11-22T21:24:02.767Z"}
{"level":"info","message":"⌛ Validating src/obstacles.wlk","timeElapsed":614,"timestamp":"2025-11-22T21:24:03.470Z"}
{"level":"info","message":"⌛ Building environment","timeElapsed":706,"timestamp":"2025-11-22T21:24:04.178Z"}
{"level":"info","message":"⌛ Building environment","timeElapsed":586,"timestamp":"2025-11-22T21:24:04.785Z"}
{"level":"info","message":"⌛ Building environment","timeElapsed":722,"timestamp":"2025-11-22T21:24:05.514Z"}
{"level":"info","message":"⌛ Building environment","timeElapsed":480,"timestamp":"2025-11-22T21:24:06.000Z"}
{"level":"info","message":"⌛ Building environment","timeElapsed":479,"timestamp":"2025-11-22T21:24:06.484Z"}
{"level":"info","message":"⌛ Validating src/obstacles.wlk","timeElapsed":542,"timestamp":"2025-11-22T21:24:07.112Z"}
{"level":"info","message":"⌛ Building environment","timeElapsed":459,"timestamp":"2025-11-22T21:24:07.602Z"}
{"level":"info","message":"⌛ Building environment","timeElapsed":405,"timestamp":"2025-11-22T21:24:08.036Z"}
{"level":"info","message":"⌛ Building environment","timeElapsed":568,"timestamp":"2025-11-22T21:24:08.618Z"}
{"level":"info","message":"⌛ Building environment","timeElapsed":417,"timestamp":"2025-11-22T21:24:09.043Z"}
{"level":"info","message":"⌛ Building environment","timeElapsed":538,"timestamp":"2025-11-22T21:24:09.587Z"}
{"level":"info","message":"⌛ Building environment","timeElapsed":1582,"timestamp":"2025-11-22T21:24:11.231Z"}
{"level":"info","message":"⌛ Building environment","timeElapsed":721,"timestamp":"2025-11-22T21:24:11.963Z"}
{"level":"info","message":"⌛ Validating src/obstacles.wlk","timeElapsed":518,"timestamp":"2025-11-22T21:24:12.533Z"}
{"level":"info","message":"⌛ Building environment","timeElapsed":614,"timestamp":"2025-11-22T21:24:13.162Z"}
{"level":"info","message":"⌛ Validating src/obstacles.wlk","timeElapsed":755,"timestamp":"2025-11-22T21:24:13.973Z"}
{"level":"info","message":"⌛ Validating src/obstacles.wlk","timeElapsed":630,"timestamp":"2025-11-22T21:24:14.605Z"}
{"level":"info","message":"⌛ Validating src/obstacles.wlk","timeElapsed":568,"timestamp":"2025-11-22T21:24:15.202Z"}
{"level":"info","message":"⌛ Validating src/obstacles.wlk","timeElapsed":1149,"timestamp":"2025-11-22T21:24:16.445Z"}
{"level":"info","message":"⌛ Building environment","timeElapsed":682,"timestamp":"2025-11-22T21:24:17.129Z"}
{"level":"info","message":"⌛ Building environment","timeElapsed":494,"timestamp":"2025-11-22T21:24:17.694Z"}
{"level":"info","message":"⌛ Building environment","timeElapsed":603,"timestamp":"2025-11-22T21:24:18.302Z"}
{"level":"info","message":"⌛ Building environment","timeElapsed":730,"timestamp":"2025-11-22T21:24:19.045Z"}
{"level":"info","message":"⌛ Building environment","timeElapsed":533,"timestamp":"2025-11-22T21:24:19.658Z"}
{"level":"info","message":"⌛ Building environment","timeElapsed":667,"timestamp":"2025-11-22T21:24:20.330Z"}
{"level":"info","message":"⌛ Building environment","timeElapsed":582,"timestamp":"2025-11-22T21:24:20.982Z"}
{"level":"info","message":"⌛ Building environment","timeElapsed":717,"timestamp":"2025-11-22T21:24:21.699Z"}
{"level":"info","message":"⌛ Building environment","timeElapsed":497,"timestamp":"2025-11-22T21:24:22.249Z"}
{"level":"info","message":"⌛ Building environment","timeElapsed":537,"timestamp":"2025-11-22T21:24:22.793Z"}
{"level":"info","message":"⌛ Validating src/obstacles.wlk","timeElapsed":420,"timestamp":"2025-11-22T21:24:23.267Z"}
{"level":"info","message":"⌛ Building environment","timeElapsed":511,"timestamp":"2025-11-22T21:24:23.844Z"}
{"level":"info","message":"⌛ Building environment","timeElapsed":442,"timestamp":"2025-11-22T21:24:24.342Z"}
{"level":"info","message":"⌛ Building environment","timeElapsed":551,"timestamp":"2025-11-22T21:24:24.982Z"}
{"level":"info","message":"⌛ Building environment","timeElapsed":571,"timestamp":"2025-11-22T21:24:25.601Z"}
{"level":"info","message":"⌛ Building environment","timeElapsed":526,"timestamp":"2025-11-22T21:24:26.176Z"}
{"level":"info","message":"⌛ Building environment","timeElapsed":537,"timestamp":"2025-11-22T21:24:26.716Z"}
{"level":"info","message":"⌛ Building environment","timeElapsed":459,"timestamp":"2025-11-22T21:24:27.182Z"}
{"level":"info","message":"⌛ Building environment","timeElapsed":578,"timestamp":"2025-11-22T21:24:27.837Z"}
{"level":"info","message":"⌛ Building environment","timeElapsed":662,"timestamp":"2025-11-22T21:24:28.576Z"}
{"level":"info","message":"⌛ Building environment","timeElapsed":875,"timestamp":"2025-11-22T21:24:29.564Z"}
{"level":"info","message":"⌛ Validating src/obstacles.wlk","timeElapsed":1657,"timestamp":"2025-11-22T21:24:31.240Z"}
{"level":"info","message":"⌛ Building environment","timeElapsed":495,"timestamp":"2025-11-22T21:24:31.736Z"}
{"level":"info","message":"⌛ Building environment","timeElapsed":509,"timestamp":"2025-11-22T21:24:32.251Z"}
{"level":"info","message":"⌛ Building environment","timeElapsed":538,"timestamp":"2025-11-22T21:24:32.831Z"}
{"level":"info","message":"⌛ Validating src/obstacles.wlk","timeElapsed":476,"timestamp":"2025-11-22T21:24:33.308Z"}
{"level":"info","message":"⌛ Building environment","timeElapsed":553,"timestamp":"2025-11-22T21:24:33.861Z"}
{"level":"info","message":"⌛ Validating src/obstacles.wlk","timeElapsed":869,"timestamp":"2025-11-22T21:24:34.792Z"}
{"level":"info","message":"⌛ Validating src/obstacles.wlk","timeElapsed":464,"timestamp":"2025-11-22T21:24:35.651Z"}
{"level":"info","message":"⌛ Validating src/obstacles.wlk","timeElapsed":481,"timestamp":"2025-11-22T21:24:36.134Z"}
{"level":"info","message":"⌛ Validating src/obstacles.wlk","timeElapsed":516,"timestamp":"2025-11-22T21:24:36.658Z"}
{"level":"info","message":"⌛ Validating src/obstacles.wlk","timeElapsed":419,"timestamp":"2025-11-22T21:24:37.189Z"}
{"level":"info","message":"⌛ Validating src/obstacles.wlk","timeElapsed":416,"timestamp":"2025-11-22T21:24:37.734Z"}
{"level":"info","message":"⌛ Validating src/obstacles.wlk","timeElapsed":530,"timestamp":"2025-11-22T21:24:38.363Z"}
{"level":"info","message":"⌛ Validating src/obstacles.wlk","timeElapsed":552,"timestamp":"2025-11-22T21:24:38.932Z"}
{"level":"info","message":"⌛ Validating src/obstacles.wlk","timeElapsed":623,"timestamp":"2025-11-22T21:24:39.561Z"}
{"level":"info","message":"⌛ Validating src/obstacles.wlk","timeElapsed":608,"timestamp":"2025-11-22T21:24:40.186Z"}
{"level":"info","message":"⌛ Validating src/obstacles.wlk","timeElapsed":925,"timestamp":"2025-11-22T21:24:41.131Z"}
{"level":"info","message":"⌛ Validating src/obstacles.wlk","timeElapsed":468,"timestamp":"2025-11-22T21:24:41.629Z"}
{"level":"info","message":"⌛ Validating src/obstacles.wlk","timeElapsed":516,"timestamp":"2025-11-22T21:24:42.163Z"}
{"level":"info","message":"⌛ Validating src/obstacles.wlk","timeElapsed":614,"timestamp":"2025-11-22T21:24:42.933Z"}
{"level":"info","message":"⌛ Building environment","timeElapsed":465,"timestamp":"2025-11-22T21:24:43.403Z"}
{"level":"info","message":"⌛ Validating src/obstacles.wlk","timeElapsed":537,"timestamp":"2025-11-22T21:24:44.050Z"}
{"level":"info","message":"⌛ Building environment","timeElapsed":2052,"timestamp":"2025-11-22T21:24:47.369Z"}
{"level":"info","message":"⌛ Validating src/obstacles.wlk","timeElapsed":690,"timestamp":"2025-11-22T21:24:48.111Z"}
{"level":"info","message":"⌛ Building environment","timeElapsed":407,"timestamp":"2025-11-22T21:24:48.520Z"}
{"level":"info","message":"⌛ Building environment","timeElapsed":433,"timestamp":"2025-11-22T21:24:49.585Z"}
{"level":"info","message":"⌛ Validating src/obstacles.wlk","timeElapsed":646,"timestamp":"2025-11-22T21:24:50.378Z"}
{"level":"info","message":"⌛ Validating src/obstacles.wlk","timeElapsed":965,"timestamp":"2025-11-22T21:24:51.601Z"}
{"level":"info","message":"⌛ Validating src/obstacles.wlk","timeElapsed":930,"timestamp":"2025-11-22T21:24:52.567Z"}
{"level":"info","message":"⌛ Building environment","timeElapsed":958,"timestamp":"2025-11-22T21:24:53.702Z"}
{"level":"info","message":"⌛ Validating src/obstacles.wlk","timeElapsed":538,"timestamp":"2025-11-22T21:24:54.641Z"}
{"level":"info","message":"⌛ Building environment","timeElapsed":481,"timestamp":"2025-11-22T21:24:55.182Z"}
{"level":"info","message":"⌛ Validating src/obstacles.wlk","timeElapsed":487,"timestamp":"2025-11-22T21:24:55.671Z"}
{"level":"info","message":"⌛ Validating src/obstacles.wlk","timeElapsed":449,"timestamp":"2025-11-22T21:24:56.178Z"}
{"level":"info","message":"⌛ Building environment","timeElapsed":416,"timestamp":"2025-11-22T21:24:56.651Z"}
{"level":"info","message":"⌛ Validating src/obstacles.wlk","timeElapsed":924,"timestamp":"2025-11-22T21:24:57.578Z"}
{"level":"info","message":"⌛ Building environment","timeElapsed":359,"timestamp":"2025-11-22T21:24:58.004Z"}
{"level":"info","message":"⌛ Validating src/obstacles.wlk","timeElapsed":557,"timestamp":"2025-11-22T21:24:58.637Z"}
{"level":"info","message":"⌛ Validating src/obstacles.wlk","timeElapsed":812,"timestamp":"2025-11-22T21:24:59.652Z"}
{"level":"info","message":"⌛ Validating src/obstacles.wlk","timeElapsed":681,"timestamp":"2025-11-22T21:25:00.334Z"}
{"level":"info","message":"⌛ Validating src/obstacles.wlk","timeElapsed":525,"timestamp":"2025-11-22T21:25:00.919Z"}
{"level":"info","message":"⌛ Validating src/obstacles.wlk","timeElapsed":460,"timestamp":"2025-11-22T21:25:01.395Z"}
{"level":"info","message":"⌛ Validating src/obstacles.wlk","timeElapsed":449,"timestamp":"2025-11-22T21:25:01.860Z"}
{"level":"info","message":"⌛ Validating src/obstacles.wlk","timeElapsed":794,"timestamp":"2025-11-22T21:25:02.779Z"}
{"level":"info","message":"⌛ Validating src/obstacles.wlk","timeElapsed":499,"timestamp":"2025-11-22T21:25:03.299Z"}
{"level":"info","message":"⌛ Validating src/obstacles.wlk","timeElapsed":1562,"timestamp":"2025-11-22T21:25:04.870Z"}
{"level":"info","message":"⌛ Validating src/obstacles.wlk","timeElapsed":801,"timestamp":"2025-11-22T21:25:05.931Z"}
{"level":"info","message":"⌛ Validating src/obstacles.wlk","timeElapsed":756,"timestamp":"2025-11-22T21:25:06.700Z"}
{"level":"info","message":"⌛ Validating src/obstacles.wlk","timeElapsed":419,"timestamp":"2025-11-22T21:25:07.123Z"}
{"level":"info","message":"⌛ Validating src/obstacles.wlk","timeElapsed":2145,"timestamp":"2025-11-22T21:25:09.408Z"}
{"level":"info","message":"⌛ Validating src/obstacles.wlk","timeElapsed":399,"timestamp":"2025-11-22T21:25:10.113Z"}
{"level":"info","message":"⌛ Validating src/obstacles.wlk","timeElapsed":513,"timestamp":"2025-11-22T21:25:10.713Z"}
{"level":"info","message":"⌛ Validating src/obstacles.wlk","timeElapsed":396,"timestamp":"2025-11-22T21:25:11.116Z"}
{"level":"info","message":"⌛ Validating src/obstacles.wlk","timeElapsed":485,"timestamp":"2025-11-22T21:25:11.629Z"}
{"level":"info","message":"⌛ Building environment","timeElapsed":568,"timestamp":"2025-11-22T21:25:12.537Z"}
{"level":"info","message":"⌛ Autocomplete - Body","timeElapsed":106,"timestamp":"2025-11-22T21:25:12.651Z"}
{"level":"info","message":"⌛ Building environment","timeElapsed":447,"timestamp":"2025-11-22T21:25:13.102Z"}
{"level":"info","message":"⌛ Building environment","timeElapsed":478,"timestamp":"2025-11-22T21:25:13.581Z"}
{"level":"info","message":"⌛ Building environment","timeElapsed":454,"timestamp":"2025-11-22T21:25:14.039Z"}
{"level":"info","message":"⌛ Building environment","timeElapsed":380,"timestamp":"2025-11-22T21:25:14.434Z"}
{"level":"info","message":"⌛ Building environment","timeElapsed":469,"timestamp":"2025-11-22T21:25:14.970Z"}
{"level":"info","message":"⌛ Building environment","timeElapsed":381,"timestamp":"2025-11-22T21:25:15.410Z"}
{"level":"info","message":"⌛ Building environment","timeElapsed":469,"timestamp":"2025-11-22T21:25:15.922Z"}
{"level":"info","message":"⌛ Validating src/obstacles.wlk","timeElapsed":383,"timestamp":"2025-11-22T21:25:16.350Z"}
{"level":"info","message":"⌛ Building environment","timeElapsed":447,"timestamp":"2025-11-22T21:25:16.797Z"}
{"level":"info","message":"⌛ Building environment","timeElapsed":399,"timestamp":"2025-11-22T21:25:17.198Z"}
{"level":"info","message":"⌛ Building environment","timeElapsed":373,"timestamp":"2025-11-22T21:25:17.648Z"}
{"level":"info","message":"⌛ Validating src/obstacles.wlk","timeElapsed":463,"timestamp":"2025-11-22T21:25:18.712Z"}
{"level":"info","message":"⌛ Validating src/obstacles.wlk","timeElapsed":427,"timestamp":"2025-11-22T21:25:19.164Z"}
{"level":"info","message":"⌛ Validating src/obstacles.wlk","timeElapsed":394,"timestamp":"2025-11-22T21:25:19.641Z"}
{"level":"info","message":"⌛ Building environment","timeElapsed":688,"timestamp":"2025-11-22T21:25:20.370Z"}
{"level":"info","message":"⌛ Validating src/obstacles.wlk","timeElapsed":463,"timestamp":"2025-11-22T21:25:20.914Z"}
{"level":"info","message":"⌛ Validating src/obstacles.wlk","timeElapsed":438,"timestamp":"2025-11-22T21:25:21.507Z"}
{"level":"info","message":"⌛ Validating src/obstacles.wlk","timeElapsed":575,"timestamp":"2025-11-22T21:25:22.161Z"}
{"level":"info","message":"⌛ Validating src/obstacles.wlk","timeElapsed":540,"timestamp":"2025-11-22T21:25:22.721Z"}
{"level":"info","message":"⌛ Validating src/obstacles.wlk","timeElapsed":420,"timestamp":"2025-11-22T21:25:23.591Z"}
{"level":"info","message":"⌛ Validating src/obstacles.wlk","timeElapsed":440,"timestamp":"2025-11-22T21:25:24.033Z"}
{"level":"info","message":"⌛ Validating src/obstacles.wlk","timeElapsed":402,"timestamp":"2025-11-22T21:25:24.441Z"}
{"level":"info","message":"⌛ Validating src/obstacles.wlk","timeElapsed":399,"timestamp":"2025-11-22T21:25:24.845Z"}
{"level":"info","message":"⌛ Validating src/obstacles.wlk","timeElapsed":469,"timestamp":"2025-11-22T21:25:25.322Z"}
{"level":"info","message":"⌛ Validating src/obstacles.wlk","timeElapsed":388,"timestamp":"2025-11-22T21:25:25.719Z"}
{"level":"info","message":"⌛ Validating src/obstacles.wlk","timeElapsed":451,"timestamp":"2025-11-22T21:25:26.179Z"}
{"level":"info","message":"⌛ Validating src/obstacles.wlk","timeElapsed":395,"timestamp":"2025-11-22T21:25:26.594Z"}
{"level":"info","message":"⌛ Validating src/obstacles.wlk","timeElapsed":424,"timestamp":"2025-11-22T21:25:27.024Z"}
{"level":"info","message":"⌛ Validating src/obstacles.wlk","timeElapsed":368,"timestamp":"2025-11-22T21:25:27.411Z"}
{"level":"info","message":"⌛ Validating src/obstacles.wlk","timeElapsed":437,"timestamp":"2025-11-22T21:25:27.875Z"}
{"level":"info","message":"⌛ Validating src/obstacles.wlk","timeElapsed":449,"timestamp":"2025-11-22T21:25:28.363Z"}
{"level":"info","message":"⌛ Building environment","timeElapsed":325,"timestamp":"2025-11-22T21:25:40.852Z"}
{"level":"info","message":"⌛ Validating src/player.wlk","timeElapsed":855,"timestamp":"2025-11-22T21:25:41.709Z"}
{"level":"info","message":"⌛ Building environment","timeElapsed":488,"timestamp":"2025-11-22T21:25:43.983Z"}
{"level":"info","message":"⌛ Building environment","timeElapsed":394,"timestamp":"2025-11-22T21:25:44.379Z"}
{"level":"info","message":"⌛ Validating src/player.wlk","timeElapsed":651,"timestamp":"2025-11-22T21:25:45.049Z"}
{"level":"info","message":"⌛ Validating src/player.wlk","timeElapsed":724,"timestamp":"2025-11-22T21:25:45.773Z"}
{"level":"info","message":"⌛ Building environment","timeElapsed":407,"timestamp":"2025-11-22T21:25:46.196Z"}
{"level":"info","message":"⌛ Autocomplete - Reference","timeElapsed":136,"timestamp":"2025-11-22T21:25:46.406Z"}
{"level":"info","message":"⌛ Building environment","timeElapsed":398,"timestamp":"2025-11-22T21:25:46.848Z"}
{"level":"info","message":"⌛ Building environment","timeElapsed":372,"timestamp":"2025-11-22T21:25:47.245Z"}
{"level":"info","message":"⌛ Building environment","timeElapsed":426,"timestamp":"2025-11-22T21:25:47.736Z"}
{"level":"info","message":"⌛ Validating src/player.wlk","timeElapsed":695,"timestamp":"2025-11-22T21:25:48.498Z"}
{"level":"info","message":"⌛ Validating src/player.wlk","timeElapsed":739,"timestamp":"2025-11-22T21:25:49.295Z"}
{"level":"info","message":"⌛ Validating src/player.wlk","timeElapsed":736,"timestamp":"2025-11-22T21:25:50.053Z"}
{"level":"info","message":"⌛ Building environment","timeElapsed":339,"timestamp":"2025-11-22T21:25:50.404Z"}
{"level":"info","message":"⌛ Autocomplete - Singleton","timeElapsed":106,"timestamp":"2025-11-22T21:25:50.535Z"}
{"level":"info","message":"⌛ Building environment","timeElapsed":564,"timestamp":"2025-11-22T21:25:51.164Z"}
{"level":"info","message":"⌛ Validating src/player.wlk","timeElapsed":693,"timestamp":"2025-11-22T21:25:51.923Z"}
{"level":"info","message":"⌛ Building environment","timeElapsed":362,"timestamp":"2025-11-22T21:25:52.293Z"}
{"level":"info","message":"⌛ Building environment","timeElapsed":690,"timestamp":"2025-11-22T21:25:52.989Z"}
{"level":"info","message":"⌛ Building environment","timeElapsed":523,"timestamp":"2025-11-22T21:25:53.513Z"}
{"level":"info","message":"⌛ Building environment","timeElapsed":358,"timestamp":"2025-11-22T21:25:53.897Z"}
{"level":"info","message":"⌛ Building environment","timeElapsed":449,"timestamp":"2025-11-22T21:25:54.352Z"}
{"level":"info","message":"⌛ Validating src/player.wlk","timeElapsed":514,"timestamp":"2025-11-22T21:25:54.903Z"}
{"level":"info","message":"⌛ Building environment","timeElapsed":578,"timestamp":"2025-11-22T21:25:55.487Z"}
{"level":"info","message":"⌛ Autocomplete - Singleton","timeElapsed":109,"timestamp":"2025-11-22T21:25:55.598Z"}
{"level":"info","message":"⌛ Building environment","timeElapsed":333,"timestamp":"2025-11-22T21:25:55.935Z"}
{"level":"info","message":"⌛ Building environment","timeElapsed":272,"timestamp":"2025-11-22T21:25:56.219Z"}
{"level":"info","message":"⌛ Validating src/player.wlk","timeElapsed":513,"timestamp":"2025-11-22T21:25:56.795Z"}
{"level":"info","message":"⌛ Building environment","timeElapsed":1352,"timestamp":"2025-11-22T21:25:58.156Z"}
{"level":"info","message":"⌛ Building environment","timeElapsed":379,"timestamp":"2025-11-22T21:25:58.540Z"}
{"level":"info","message":"⌛ Validating src/player.wlk","timeElapsed":572,"timestamp":"2025-11-22T21:25:59.171Z"}
{"level":"info","message":"⌛ Building environment","timeElapsed":347,"timestamp":"2025-11-22T21:25:59.520Z"}
{"level":"info","message":"⌛ Building environment","timeElapsed":331,"timestamp":"2025-11-22T21:25:59.853Z"}
{"level":"info","message":"⌛ Validating src/player.wlk","timeElapsed":478,"timestamp":"2025-11-22T21:26:00.362Z"}
{"level":"info","message":"⌛ Building environment","timeElapsed":350,"timestamp":"2025-11-22T21:26:00.713Z"}
{"level":"info","message":"⌛ Validating src/player.wlk","timeElapsed":1649,"timestamp":"2025-11-22T21:26:02.380Z"}
{"level":"info","message":"⌛ Validating src/player.wlk","timeElapsed":483,"timestamp":"2025-11-22T21:26:02.867Z"}
{"level":"info","message":"⌛ Validating src/player.wlk","timeElapsed":664,"timestamp":"2025-11-22T21:26:03.537Z"}
{"level":"info","message":"⌛ Validating src/player.wlk","timeElapsed":649,"timestamp":"2025-11-22T21:26:04.219Z"}
{"level":"info","message":"⌛ Validating src/player.wlk","timeElapsed":613,"timestamp":"2025-11-22T21:26:04.847Z"}
{"level":"info","message":"⌛ Validating src/player.wlk","timeElapsed":710,"timestamp":"2025-11-22T21:26:05.582Z"}
{"level":"info","message":"⌛ Validating src/player.wlk","timeElapsed":469,"timestamp":"2025-11-22T21:26:06.071Z"}
{"level":"info","message":"⌛ Validating src/player.wlk","timeElapsed":444,"timestamp":"2025-11-22T21:26:06.538Z"}
{"level":"info","message":"⌛ Validating src/player.wlk","timeElapsed":480,"timestamp":"2025-11-22T21:26:07.038Z"}
{"level":"info","message":"⌛ Validating src/player.wlk","timeElapsed":428,"timestamp":"2025-11-22T21:26:07.490Z"}
{"level":"info","message":"⌛ Validating src/player.wlk","timeElapsed":407,"timestamp":"2025-11-22T21:26:07.910Z"}
{"level":"info","message":"⌛ Building environment","timeElapsed":593,"timestamp":"2025-11-22T21:26:19.307Z"}
{"level":"info","message":"⌛ Validating src/map.wlk","timeElapsed":545,"timestamp":"2025-11-22T21:26:19.884Z"}
{"level":"info","message":"⌛ Building environment","timeElapsed":3654,"timestamp":"2025-11-22T21:26:55.018Z"}
{"level":"info","message":"⌛ Validating src/core.wlk","timeElapsed":840,"timestamp":"2025-11-22T21:26:56.099Z"}
{"level":"info","message":"⌛ Validating src/inventory.wlk","timeElapsed":737,"timestamp":"2025-11-22T21:26:56.840Z"}
{"level":"info","message":"⌛ Validating src/hud.wlk","timeElapsed":1132,"timestamp":"2025-11-22T21:26:57.981Z"}
{"level":"info","message":"⌛ Validating src/entitys.wlk","timeElapsed":1056,"timestamp":"2025-11-22T21:26:59.037Z"}
{"level":"info","message":"⌛ Validating src/enemy.wlk","timeElapsed":1200,"timestamp":"2025-11-22T21:27:00.254Z"}
{"level":"info","message":"⌛ Validating src/items.wlk","timeElapsed":1114,"timestamp":"2025-11-22T21:27:01.369Z"}
{"level":"info","message":"⌛ Validating src/keys.wlk","timeElapsed":972,"timestamp":"2025-11-22T21:27:02.367Z"}
{"level":"info","message":"⌛ Validating src/map.wlk","timeElapsed":902,"timestamp":"2025-11-22T21:27:03.273Z"}
{"level":"info","message":"⌛ Validating src/obstacles.wlk","timeElapsed":1425,"timestamp":"2025-11-22T21:27:04.807Z"}
{"level":"info","message":"⌛ Validating src/player.wlk","timeElapsed":1179,"timestamp":"2025-11-22T21:27:05.989Z"}
{"level":"info","message":"⌛ Validating src/program.wpgm","timeElapsed":1144,"timestamp":"2025-11-22T21:27:07.134Z"}
{"level":"info","message":"⌛ Validating src/utilities.wlk","timeElapsed":900,"timestamp":"2025-11-22T21:27:08.038Z"}
{"level":"info","message":"⌛ Building environment","timeElapsed":3110,"timestamp":"2025-11-22T21:27:11.154Z"}
{"level":"info","message":"⌛ Validating src/core.wlk","timeElapsed":1600,"timestamp":"2025-11-22T21:27:12.774Z"}
{"level":"info","message":"⌛ Validating src/inventory.wlk","timeElapsed":1071,"timestamp":"2025-11-22T21:27:13.848Z"}
{"level":"info","message":"⌛ Validating src/hud.wlk","timeElapsed":1185,"timestamp":"2025-11-22T21:27:15.042Z"}
{"level":"info","message":"⌛ Validating src/entitys.wlk","timeElapsed":985,"timestamp":"2025-11-22T21:27:16.034Z"}
{"level":"info","message":"⌛ Validating src/enemy.wlk","timeElapsed":940,"timestamp":"2025-11-22T21:27:16.974Z"}
{"level":"info","message":"⌛ Validating src/items.wlk","timeElapsed":931,"timestamp":"2025-11-22T21:27:17.908Z"}
{"level":"info","message":"⌛ Validating src/keys.wlk","timeElapsed":731,"timestamp":"2025-11-22T21:27:18.640Z"}
{"level":"info","message":"⌛ Validating src/map.wlk","timeElapsed":1193,"timestamp":"2025-11-22T21:27:19.852Z"}
{"level":"info","message":"⌛ Validating src/obstacles.wlk","timeElapsed":852,"timestamp":"2025-11-22T21:27:20.709Z"}
{"level":"info","message":"⌛ Validating src/player.wlk","timeElapsed":1284,"timestamp":"2025-11-22T21:27:22.000Z"}
{"level":"info","message":"🚀 Program executed \u001b[3m\u001b[34msrc.program.run\u001b[39m\u001b[23m on \u001b[3m\u001b[34md:\\Guido\\Documents\\Objetos 1\\Nueva carpeta\\ads\\CrazyCave\\CrazyCave\u001b[39m\u001b[23m","ok":true,"timeElapsed":6651,"timestamp":"2025-11-22T21:27:22.133Z"}
{"level":"info","message":"⌛ Validating src/program.wpgm","timeElapsed":1528,"timestamp":"2025-11-22T21:27:23.534Z"}
{"level":"info","message":"⌛ Validating src/utilities.wlk","timeElapsed":717,"timestamp":"2025-11-22T21:27:24.253Z"}
{"level":"info","message":"⌛ Building environment","timeElapsed":706,"timestamp":"2025-11-22T21:30:15.964Z"}
{"level":"info","message":"⌛ Validating src/core.wlk","timeElapsed":879,"timestamp":"2025-11-22T21:30:17.161Z"}
{"exitCode":"SIGHUP","level":"info","message":"👾 Game executed src.program.run on d:\\Guido\\Documents\\Objetos 1\\Nueva carpeta\\ads\\CrazyCave\\CrazyCave","timeElapsed":197867,"timestamp":"2025-11-22T21:30:33.343Z"}
{"level":"info","message":"🚀 Program executed \u001b[3m\u001b[34msrc.program.run\u001b[39m\u001b[23m on \u001b[3m\u001b[34md:\\Guido\\Documents\\Objetos 1\\Nueva carpeta\\ads\\CrazyCave\\CrazyCave\u001b[39m\u001b[23m","ok":true,"timeElapsed":4959,"timestamp":"2025-11-22T21:30:57.201Z"}
{"exitCode":"SIGHUP","level":"info","message":"👾 Game executed src.program.run on d:\\Guido\\Documents\\Objetos 1\\Nueva carpeta\\ads\\CrazyCave\\CrazyCave","timeElapsed":103863,"timestamp":"2025-11-22T21:32:36.103Z"}
{"level":"info","message":"⌛ Building environment","timeElapsed":671,"timestamp":"2025-11-22T21:34:43.772Z"}
{"level":"info","message":"⌛ Validating src/core.wlk","timeElapsed":617,"timestamp":"2025-11-22T21:34:44.605Z"}
{"level":"info","message":"🚀 Program executed \u001b[3m\u001b[34msrc.program.run\u001b[39m\u001b[23m on \u001b[3m\u001b[34md:\\Guido\\Documents\\Objetos 1\\Nueva carpeta\\ads\\CrazyCave\\CrazyCave\u001b[39m\u001b[23m","ok":true,"timeElapsed":7397,"timestamp":"2025-11-22T21:35:15.205Z"}
{"level":"info","message":"⌛ Building environment","timeElapsed":1333,"timestamp":"2025-11-22T21:36:28.395Z"}
{"level":"info","message":"⌛ Validating src/entitys.wlk","timeElapsed":1198,"timestamp":"2025-11-22T21:36:30.039Z"}
{"level":"info","message":"⌛ Building environment","timeElapsed":1179,"timestamp":"2025-11-22T21:36:50.520Z"}
{"level":"info","message":"⌛ Validating src/entitys.wlk","timeElapsed":697,"timestamp":"2025-11-22T21:36:51.941Z"}
{"level":"info","message":"⌛ Building environment","timeElapsed":1929,"timestamp":"2025-11-22T21:36:55.523Z"}
{"level":"info","message":"⌛ Validating src/entitys.wlk","timeElapsed":1186,"timestamp":"2025-11-22T21:36:57.125Z"}
{"level":"info","message":"⌛ Building environment","timeElapsed":1154,"timestamp":"2025-11-22T21:37:00.610Z"}
{"level":"info","message":"⌛ Validating src/entitys.wlk","timeElapsed":1262,"timestamp":"2025-11-22T21:37:02.867Z"}
{"level":"info","message":"⌛ Building environment","timeElapsed":2177,"timestamp":"2025-11-22T21:37:27.179Z"}
{"level":"info","message":"⌛ Validating src/entitys.wlk","timeElapsed":610,"timestamp":"2025-11-22T21:37:28.205Z"}
{"level":"info","message":"⌛ Building environment","timeElapsed":1568,"timestamp":"2025-11-22T21:37:34.497Z"}
{"level":"info","message":"⌛ Validating src/entitys.wlk","timeElapsed":1056,"timestamp":"2025-11-22T21:37:36.043Z"}
{"level":"info","message":"⌛ Building environment","timeElapsed":1501,"timestamp":"2025-11-22T21:37:39.805Z"}
{"level":"info","message":"⌛ Validating src/entitys.wlk","timeElapsed":1099,"timestamp":"2025-11-22T21:37:41.307Z"}
{"level":"info","message":"⌛ Building environment","timeElapsed":1483,"timestamp":"2025-11-22T21:37:45.132Z"}
{"level":"info","message":"⌛ Validating src/entitys.wlk","timeElapsed":1021,"timestamp":"2025-11-22T21:37:46.525Z"}
{"level":"info","message":"⌛ Building environment","timeElapsed":1918,"timestamp":"2025-11-22T21:37:52.573Z"}
{"level":"info","message":"⌛ Validating src/entitys.wlk","timeElapsed":1941,"timestamp":"2025-11-22T21:37:55.249Z"}
{"level":"info","message":"⌛ Building environment","timeElapsed":1858,"timestamp":"2025-11-22T21:38:03.033Z"}
{"level":"info","message":"⌛ Validating src/entitys.wlk","timeElapsed":1239,"timestamp":"2025-11-22T21:38:04.980Z"}
{"level":"info","message":"⌛ Building environment","timeElapsed":3022,"timestamp":"2025-11-22T21:38:08.405Z"}
{"level":"info","message":"⌛ Building environment","timeElapsed":1632,"timestamp":"2025-11-22T21:38:11.179Z"}
{"level":"info","message":"⌛ Validating src/entitys.wlk","timeElapsed":867,"timestamp":"2025-11-22T21:38:12.800Z"}
{"level":"info","message":"⌛ Building environment","timeElapsed":1201,"timestamp":"2025-11-22T21:38:14.074Z"}
{"level":"info","message":"⌛ Validating src/entitys.wlk","timeElapsed":791,"timestamp":"2025-11-22T21:38:15.050Z"}
{"level":"info","message":"⌛ Validating src/entitys.wlk","timeElapsed":679,"timestamp":"2025-11-22T21:38:16.654Z"}
{"level":"info","message":"⌛ Building environment","timeElapsed":1922,"timestamp":"2025-11-22T21:38:19.506Z"}
{"level":"info","message":"⌛ Validating src/entitys.wlk","timeElapsed":903,"timestamp":"2025-11-22T21:38:20.942Z"}
{"level":"info","message":"⌛ Building environment","timeElapsed":1942,"timestamp":"2025-11-22T21:38:24.108Z"}
{"level":"info","message":"⌛ Building environment","timeElapsed":1722,"timestamp":"2025-11-22T21:38:26.605Z"}
{"level":"info","message":"⌛ Building environment","timeElapsed":1016,"timestamp":"2025-11-22T21:38:28.241Z"}
{"level":"info","message":"⌛ Validating src/entitys.wlk","timeElapsed":1454,"timestamp":"2025-11-22T21:38:30.314Z"}
{"level":"info","message":"⌛ Validating src/entitys.wlk","timeElapsed":763,"timestamp":"2025-11-22T21:38:31.194Z"}
{"level":"info","message":"⌛ Validating src/entitys.wlk","timeElapsed":1059,"timestamp":"2025-11-22T21:38:32.523Z"}
{"level":"info","message":"⌛ Building environment","timeElapsed":804,"timestamp":"2025-11-22T21:38:47.695Z"}
{"level":"info","message":"⌛ Validating src/items.wlk","timeElapsed":1200,"timestamp":"2025-11-22T21:38:49.174Z"}
{"level":"info","message":"⌛ Building environment","timeElapsed":638,"timestamp":"2025-11-22T21:39:09.203Z"}
{"level":"info","message":"⌛ Validating src/hud.wlk","timeElapsed":1311,"timestamp":"2025-11-22T21:39:10.611Z"}
{"level":"info","message":"⌛ Building environment","timeElapsed":876,"timestamp":"2025-11-22T21:39:13.578Z"}
{"level":"info","message":"⌛ Validating src/hud.wlk","timeElapsed":844,"timestamp":"2025-11-22T21:39:14.709Z"}
{"level":"info","message":"⌛ Building environment","timeElapsed":1056,"timestamp":"2025-11-22T21:39:16.979Z"}
{"level":"info","message":"⌛ Validating src/hud.wlk","timeElapsed":977,"timestamp":"2025-11-22T21:39:18.079Z"}
{"level":"info","message":"⌛ Building environment","timeElapsed":1208,"timestamp":"2025-11-22T21:39:26.032Z"}
{"level":"info","message":"⌛ Validating src/hud.wlk","timeElapsed":1425,"timestamp":"2025-11-22T21:39:27.586Z"}
{"level":"info","message":"⌛ Building environment","timeElapsed":2170,"timestamp":"2025-11-22T21:39:30.167Z"}
{"level":"info","message":"⌛ Validating src/hud.wlk","timeElapsed":924,"timestamp":"2025-11-22T21:39:31.983Z"}
{"level":"info","message":"⌛ Building environment","timeElapsed":1302,"timestamp":"2025-11-22T21:39:33.403Z"}
{"level":"info","message":"⌛ Validating src/hud.wlk","timeElapsed":1120,"timestamp":"2025-11-22T21:39:35.304Z"}
{"level":"info","message":"⌛ Building environment","timeElapsed":611,"timestamp":"2025-11-22T21:39:36.211Z"}
{"level":"info","message":"⌛ Validating src/hud.wlk","timeElapsed":844,"timestamp":"2025-11-22T21:39:37.445Z"}
{"exitCode":"SIGHUP","level":"info","message":"👾 Game executed src.program.run on d:\\Guido\\Documents\\Objetos 1\\Nueva carpeta\\ads\\CrazyCave\\CrazyCave","timeElapsed":279936,"timestamp":"2025-11-22T21:39:47.742Z"}
{"level":"info","message":"🚀 Program executed \u001b[3m\u001b[34msrc.program.run\u001b[39m\u001b[23m on \u001b[3m\u001b[34md:\\Guido\\Documents\\Objetos 1\\Nueva carpeta\\ads\\CrazyCave\\CrazyCave\u001b[39m\u001b[23m","ok":true,"timeElapsed":4859,"timestamp":"2025-11-22T21:40:09.184Z"}
{"level":"info","message":"⌛ Building environment","timeElapsed":1066,"timestamp":"2025-11-22T21:42:57.273Z"}
{"level":"error","message":"✘ Completions for node Parameter ([29:63, 29:65] - src/map.wlk) failed: Error: [Parameter]{9ceaaa} at src/map.wlk:29 exhausted all cases without a match [Parameter]{9ceaaa} at src/map.wlk:29 exhausted all cases without a match","stack":"Error: [Parameter]{9ceaaa} at src/map.wlk:29 exhausted all cases without a match\n    at c:\\Users\\Guido\\.vscode\\extensions\\uqbar.wollok-lsp-ide-0.5.3\\out\\server\\src\\server.js:38:6142\n    at D2 (c:\\Users\\Guido\\.vscode\\extensions\\uqbar.wollok-lsp-ide-0.5.3\\out\\server\\src\\server.js:2384:42)\n    at c:\\Users\\Guido\\.vscode\\extensions\\uqbar.wollok-lsp-ide-0.5.3\\out\\server\\src\\server.js:2384:2988\n    at c:\\Users\\Guido\\.vscode\\extensions\\uqbar.wollok-lsp-ide-0.5.3\\out\\server\\src\\server.js:2393:8440\n    at c:\\Users\\Guido\\.vscode\\extensions\\uqbar.wollok-lsp-ide-0.5.3\\out\\server\\src\\server.js:37:74872\n    at Ye (c:\\Users\\Guido\\.vscode\\extensions\\uqbar.wollok-lsp-ide-0.5.3\\out\\server\\src\\server.js:7:8527)\n    at qt (c:\\Users\\Guido\\.vscode\\extensions\\uqbar.wollok-lsp-ide-0.5.3\\out\\server\\src\\server.js:7:6189)\n    at ot (c:\\Users\\Guido\\.vscode\\extensions\\uqbar.wollok-lsp-ide-0.5.3\\out\\server\\src\\server.js:7:6378)\n    at Immediate._onImmediate (c:\\Users\\Guido\\.vscode\\extensions\\uqbar.wollok-lsp-ide-0.5.3\\out\\server\\src\\server.js:7:6142)\n    at process.processImmediate (node:internal/timers:485:21)","timestamp":"2025-11-22T21:42:57.715Z"}
{"level":"info","message":"⌛ Autocomplete - Parameter","timeElapsed":262,"timestamp":"2025-11-22T21:42:57.733Z"}
{"level":"info","message":"⌛ Building environment","timeElapsed":843,"timestamp":"2025-11-22T21:42:58.602Z"}
{"level":"info","message":"⌛ Building environment","timeElapsed":905,"timestamp":"2025-11-22T21:42:59.509Z"}
{"level":"info","message":"⌛ Building environment","timeElapsed":1015,"timestamp":"2025-11-22T21:43:00.526Z"}
{"level":"info","message":"⌛ Building environment","timeElapsed":1136,"timestamp":"2025-11-22T21:43:01.671Z"}
{"level":"info","message":"⌛ Validating src/map.wlk","timeElapsed":846,"timestamp":"2025-11-22T21:43:02.586Z"}
{"level":"info","message":"⌛ Validating src/map.wlk","timeElapsed":664,"timestamp":"2025-11-22T21:43:03.437Z"}
{"level":"info","message":"⌛ Building environment","timeElapsed":869,"timestamp":"2025-11-22T21:43:04.388Z"}
{"level":"error","message":"✘ Completions for node Send ([29:73, 29:95] - src/map.wlk) failed: Error: [Send]{e0b342} at src/map.wlk:29 exhausted all cases without a match [Send]{e0b342} at src/map.wlk:29 exhausted all cases without a match","stack":"Error: [Send]{e0b342} at src/map.wlk:29 exhausted all cases without a match\n    at c:\\Users\\Guido\\.vscode\\extensions\\uqbar.wollok-lsp-ide-0.5.3\\out\\server\\src\\server.js:38:6142\n    at D2 (c:\\Users\\Guido\\.vscode\\extensions\\uqbar.wollok-lsp-ide-0.5.3\\out\\server\\src\\server.js:2384:42)\n    at Qh (c:\\Users\\Guido\\.vscode\\extensions\\uqbar.wollok-lsp-ide-0.5.3\\out\\server\\src\\server.js:2384:1092)\n    at k6n (c:\\Users\\Guido\\.vscode\\extensions\\uqbar.wollok-lsp-ide-0.5.3\\out\\server\\src\\server.js:2384:1248)\n    at c:\\Users\\Guido\\.vscode\\extensions\\uqbar.wollok-lsp-ide-0.5.3\\out\\server\\src\\server.js:38:6131\n    at D2 (c:\\Users\\Guido\\.vscode\\extensions\\uqbar.wollok-lsp-ide-0.5.3\\out\\server\\src\\server.js:2384:42)\n    at c:\\Users\\Guido\\.vscode\\extensions\\uqbar.wollok-lsp-ide-0.5.3\\out\\server\\src\\server.js:2384:2988\n    at c:\\Users\\Guido\\.vscode\\extensions\\uqbar.wollok-lsp-ide-0.5.3\\out\\server\\src\\server.js:2393:8440\n    at c:\\Users\\Guido\\.vscode\\extensions\\uqbar.wollok-lsp-ide-0.5.3\\out\\server\\src\\server.js:37:74872\n    at Ye (c:\\Users\\Guido\\.vscode\\extensions\\uqbar.wollok-lsp-ide-0.5.3\\out\\server\\src\\server.js:7:8527)","timestamp":"2025-11-22T21:43:04.599Z"}
{"level":"error","message":"✘ Completions for node Return (undefined - src/map.wlk) failed: Error: [Return]{031719} at src/map.wlk:-- exhausted all cases without a match [Return]{031719} at src/map.wlk:-- exhausted all cases without a match","stack":"Error: [Return]{031719} at src/map.wlk:-- exhausted all cases without a match\n    at c:\\Users\\Guido\\.vscode\\extensions\\uqbar.wollok-lsp-ide-0.5.3\\out\\server\\src\\server.js:38:6142\n    at D2 (c:\\Users\\Guido\\.vscode\\extensions\\uqbar.wollok-lsp-ide-0.5.3\\out\\server\\src\\server.js:2384:42)\n    at Qh (c:\\Users\\Guido\\.vscode\\extensions\\uqbar.wollok-lsp-ide-0.5.3\\out\\server\\src\\server.js:2384:1092)\n    at D2 (c:\\Users\\Guido\\.vscode\\extensions\\uqbar.wollok-lsp-ide-0.5.3\\out\\server\\src\\server.js:2384:544)\n    at Qh (c:\\Users\\Guido\\.vscode\\extensions\\uqbar.wollok-lsp-ide-0.5.3\\out\\server\\src\\server.js:2384:1092)\n    at k6n (c:\\Users\\Guido\\.vscode\\extensions\\uqbar.wollok-lsp-ide-0.5.3\\out\\server\\src\\server.js:2384:1248)\n    at c:\\Users\\Guido\\.vscode\\extensions\\uqbar.wollok-lsp-ide-0.5.3\\out\\server\\src\\server.js:38:6131\n    at D2 (c:\\Users\\Guido\\.vscode\\extensions\\uqbar.wollok-lsp-ide-0.5.3\\out\\server\\src\\server.js:2384:42)\n    at c:\\Users\\Guido\\.vscode\\extensions\\uqbar.wollok-lsp-ide-0.5.3\\out\\server\\src\\server.js:2384:2988\n    at c:\\Users\\Guido\\.vscode\\extensions\\uqbar.wollok-lsp-ide-0.5.3\\out\\server\\src\\server.js:2393:8440","timestamp":"2025-11-22T21:43:04.599Z"}
{"level":"info","message":"⌛ Autocomplete - Reference","timeElapsed":124,"timestamp":"2025-11-22T21:43:04.606Z"}
{"level":"info","message":"⌛ Validating src/map.wlk","timeElapsed":718,"timestamp":"2025-11-22T21:43:05.325Z"}
{"level":"info","message":"⌛ Building environment","timeElapsed":996,"timestamp":"2025-11-22T21:43:06.438Z"}
{"level":"info","message":"⌛ Building environment","timeElapsed":410,"timestamp":"2025-11-22T21:43:06.903Z"}
{"level":"info","message":"⌛ Building environment","timeElapsed":423,"timestamp":"2025-11-22T21:43:07.327Z"}
{"level":"info","message":"⌛ Building environment","timeElapsed":508,"timestamp":"2025-11-22T21:43:07.839Z"}
{"level":"info","message":"⌛ Validating src/map.wlk","timeElapsed":1605,"timestamp":"2025-11-22T21:43:09.500Z"}
{"level":"info","message":"⌛ Validating src/map.wlk","timeElapsed":1562,"timestamp":"2025-11-22T21:43:11.072Z"}
{"level":"info","message":"⌛ Validating src/map.wlk","timeElapsed":812,"timestamp":"2025-11-22T21:43:12.332Z"}
{"level":"info","message":"⌛ Validating src/map.wlk","timeElapsed":734,"timestamp":"2025-11-22T21:43:13.075Z"}
{"level":"info","message":"⌛ Validating src/map.wlk","timeElapsed":744,"timestamp":"2025-11-22T21:43:13.838Z"}
{"level":"info","message":"⌛ Validating src/map.wlk","timeElapsed":666,"timestamp":"2025-11-22T21:43:14.504Z"}
{"level":"info","message":"⌛ Validating src/map.wlk","timeElapsed":619,"timestamp":"2025-11-22T21:43:15.125Z"}
{"exitCode":"SIGHUP","level":"info","message":"👾 Game executed src.program.run on d:\\Guido\\Documents\\Objetos 1\\Nueva carpeta\\ads\\CrazyCave\\CrazyCave","timeElapsed":246788,"timestamp":"2025-11-22T21:44:11.105Z"}
{"level":"info","message":"⌛ Building environment","timeElapsed":748,"timestamp":"2025-11-22T21:45:30.048Z"}
{"level":"info","message":"⌛ Building environment","timeElapsed":645,"timestamp":"2025-11-22T21:45:30.845Z"}
{"level":"info","message":"⌛ Validating src/hud.wlk","timeElapsed":994,"timestamp":"2025-11-22T21:45:31.844Z"}
{"level":"info","message":"⌛ Validating src/hud.wlk","timeElapsed":565,"timestamp":"2025-11-22T21:45:32.599Z"}
{"level":"info","message":"⌛ Building environment","timeElapsed":815,"timestamp":"2025-11-22T21:45:34.004Z"}
{"level":"info","message":"⌛ Validating src/hud.wlk","timeElapsed":608,"timestamp":"2025-11-22T21:45:34.770Z"}
{"level":"error","message":"✘ Failed to get type description: Error: Failed to print, found malformed node Failed to print, found malformed node","node":{"id":"e5c53c62-e66d-43f9-aaf2-20dea603f662","members":[{"id":"83ecf897-213e-4233-b1d0-3f5081ca0af9","isConstant":true,"isProperty":false,"metadata":[],"name":"heartFull","scope":{"containerScope":{"containerScope":{"containerScope":{"containerScope":{"contributions":{},"includedScopes":[]},"contributions":{},"includedScopes":[]},"contributions":{},"includedScopes":[{"contributions":{},"includedScopes":[]},{"contributions":{},"includedScopes":[]},{"contributions":{},"includedScopes":[]}]},"contributions":{},"includedScopes":[{"containerScope":{"containerScope":{"containerScope":{"contributions":{},"includedScopes":[]},"contributions":{},"includedScopes":[]},"contributions":{},"includedScopes":[]},"contributions":{},"includedScopes":[]}]},"contributions":{},"includedScopes":[]},"sourceMap":{"end":{"column":31,"line":96,"offset":2358},"start":{"column":2,"line":96,"offset":2329}},"value":{"id":"f64e84c5-e6ad-48cf-a99b-7f4066f3602d","metadata":[],"scope":{"containerScope":{"containerScope":{"containerScope":{"containerScope":{"containerScope":{"contributions":{},"includedScopes":[]},"contributions":{},"includedScopes":[]},"contributions":{},"includedScopes":[{"contributions":{},"includedScopes":[]},{"contributions":{},"includedScopes":[]},{"contributions":{},"includedScopes":[]}]},"contributions":{},"includedScopes":[{"containerScope":{"containerScope":{"containerScope":{"contributions":{},"includedScopes":[]},"contributions":{},"includedScopes":[]},"contributions":{},"includedScopes":[]},"contributions":{},"includedScopes":[]}]},"contributions":{},"includedScopes":[]},"contributions":{},"includedScopes":[]},"sourceMap":{"end":{"column":31,"line":96,"offset":2358},"start":{"column":20,"line":96,"offset":2347}},"value":"Heart.png"}},{"id":"bd014c13-8be1-48b3-8299-48cba2d1e742","isConstant":true,"isProperty":false,"metadata":[],"name":"heartHalf","scope":{"containerScope":{"containerScope":{"containerScope":{"containerScope":{"contributions":{},"includedScopes":[]},"contributions":{},"includedScopes":[]},"contributions":{},"includedScopes":[{"contributions":{},"includedScopes":[]},{"contributions":{},"includedScopes":[]},{"contributions":{},"includedScopes":[]}]},"contributions":{},"includedScopes":[{"containerScope":{"containerScope":{"containerScope":{"contributions":{},"includedScopes":[]},"contributions":{},"includedScopes":[]},"contributions":{},"includedScopes":[]},"contributions":{},"includedScopes":[]}]},"contributions":{},"includedScopes":[]},"sourceMap":{"end":{"column":35,"line":97,"offset":2394},"start":{"column":2,"line":97,"offset":2361}},"value":{"id":"609831b1-0c7b-41c1-b46f-4db896b74bce","metadata":[],"scope":{"containerScope":{"containerScope":{"containerScope":{"containerScope":{"containerScope":{"contributions":{},"includedScopes":[]},"contributions":{},"includedScopes":[]},"contributions":{},"includedScopes":[{"contributions":{},"includedScopes":[]},{"contributions":{},"includedScopes":[]},{"contributions":{},"includedScopes":[]}]},"contributions":{},"includedScopes":[{"containerScope":{"containerScope":{"containerScope":{"contributions":{},"includedScopes":[]},"contributions":{},"includedScopes":[]},"contributions":{},"includedScopes":[]},"contributions":{},"includedScopes":[]}]},"contributions":{},"includedScopes":[]},"contributions":{},"includedScopes":[]},"sourceMap":{"end":{"column":35,"line":97,"offset":2394},"start":{"column":20,"line":97,"offset":2379}},"value":"HalfHeart.png"}},{"id":"885ac675-38ec-42a7-8685-30a7804ff303","isConstant":true,"isProperty":false,"metadata":[],"name":"heartEmpty","scope":{"containerScope":{"containerScope":{"containerScope":{"containerScope":{"contributions":{},"includedScopes":[]},"contributions":{},"includedScopes":[]},"contributions":{},"includedScopes":[{"contributions":{},"includedScopes":[]},{"contributions":{},"includedScopes":[]},{"contributions":{},"includedScopes":[]}]},"contributions":{},"includedScopes":[{"containerScope":{"containerScope":{"containerScope":{"contributions":{},"includedScopes":[]},"contributions":{},"includedScopes":[]},"contributions":{},"includedScopes":[]},"contributions":{},"includedScopes":[]}]},"contributions":{},"includedScopes":[]},"sourceMap":{"end":{"column":37,"line":98,"offset":2432},"start":{"column":2,"line":98,"offset":2397}},"value":{"id":"c39745c4-2e10-405e-806c-0eb242cafb8a","metadata":[],"scope":{"containerScope":{"containerScope":{"containerScope":{"containerScope":{"containerScope":{"contributions":{},"includedScopes":[]},"contributions":{},"includedScopes":[]},"contributions":{},"includedScopes":[{"contributions":{},"includedScopes":[]},{"contributions":{},"includedScopes":[]},{"contributions":{},"includedScopes":[]}]},"contributions":{},"includedScopes":[{"containerScope":{"containerScope":{"containerScope":{"contributions":{},"includedScopes":[]},"contributions":{},"includedScopes":[]},"contributions":{},"includedScopes":[]},"contributions":{},"includedScopes":[]}]},"contributions":{},"includedScopes":[]},"contributions":{},"includedScopes":[]},"sourceMap":{"end":{"column":37,"line":98,"offset":2432},"start":{"column":21,"line":98,"offset":2416}},"value":"EmptyHeart.png"}},{"id":"515f387b-b255-453e-8f7a-3bb934a3f280","isConstant":true,"isProperty":false,"metadata":[],"name":"heartVisual","scope":{"containerScope":{"containerScope":{"containerScope":{"containerScope":{"contributions":{},"includedScopes":[]},"contributions":{},"includedScopes":[]},"contributions":{},"includedScopes":[{"contributions":{},"includedScopes":[]},{"contributions":{},"includedScopes":[]},{"contributions":{},"includedScopes":[]}]},"contributions":{},"includedScopes":[{"containerScope":{"containerScope":{"containerScope":{"contributions":{},"includedScopes":[]},"contributions":{},"includedScopes":[]},"contributions":{},"includedScopes":[]},"contributions":{},"includedScopes":[]}]},"contributions":{},"includedScopes":[]},"sourceMap":{"end":{"column":24,"line":100,"offset":2460},"start":{"column":2,"line":100,"offset":2438}},"value":{"id":"941df1e7-96eb-4504-bc47-9842564fd172","metadata":[],"scope":{"containerScope":{"containerScope":{"containerScope":{"containerScope":{"containerScope":{"contributions":{},"includedScopes":[]},"contributions":{},"includedScopes":[]},"contributions":{},"includedScopes":[{"contributions":{},"includedScopes":[]},{"contributions":{},"includedScopes":[]},{"contributions":{},"includedScopes":[]}]},"contributions":{},"includedScopes":[{"containerScope":{"containerScope":{"containerScope":{"contributions":{},"includedScopes":[]},"contributions":{},"includedScopes":[]},"contributions":{},"includedScopes":[]},"contributions":{},"includedScopes":[]}]},"contributions":{},"includedScopes":[]},"contributions":{},"includedScopes":[]},"sourceMap":{"end":{"column":24,"line":100,"offset":2460},"start":{"column":22,"line":100,"offset":2458}},"value":[{"id":"78a71038-6215-4af4-a4e6-4a4a7442e7f5","metadata":[],"name":"wollok.lang.List","scope":{"containerScope":{"containerScope":{"containerScope":{"containerScope":{"containerScope":{"containerScope":{"contributions":{},"includedScopes":[]},"contributions":{},"includedScopes":[]},"contributions":{},"includedScopes":[{"contributions":{},"includedScopes":[]},{"contributions":{},"includedScopes":[]},{"contributions":{},"includedScopes":[]}]},"contributions":{},"includedScopes":[{"containerScope":{"containerScope":{"containerScope":{"contributions":{},"includedScopes":[]},"contributions":{},"includedScopes":[]},"contributions":{},"includedScopes":[]},"contributions":{},"includedScopes":[]}]},"contributions":{},"includedScopes":[]},"contributions":{},"includedScopes":[]},"contributions":{},"includedScopes":[]}},[]]}},{"id":"11a6b8d1-84f1-4c3a-a563-e0bb2d0c8fe3","isConstant":true,"isProperty":false,"metadata":[],"name":"startX","scope":{"containerScope":{"containerScope":{"containerScope":{"containerScope":{"contributions":{},"includedScopes":[]},"contributions":{},"includedScopes":[]},"contributions":{},"includedScopes":[{"contributions":{},"includedScopes":[]},{"contributions":{},"includedScopes":[]},{"contributions":{},"includedScopes":[]}]},"contributions":{},"includedScopes":[{"containerScope":{"containerScope":{"containerScope":{"contributions":{},"includedScopes":[]},"contributions":{},"includedScopes":[]},"contributions":{},"includedScopes":[]},"contributions":{},"includedScopes":[]}]},"contributions":{},"includedScopes":[]},"sourceMap":{"end":{"column":7,"line":103,"offset":2489},"start":{"column":2,"line":102,"offset":2466}},"value":{"id":"3c4f576e-7bd4-4036-be0d-1c5462b5ce09","metadata":[],"name":"const","scope":{"containerScope":{"containerScope":{"containerScope":{"containerScope":{"containerScope":{"contributions":{},"includedScopes":[]},"contributions":{},"includedScopes":[]},"contributions":{},"includedScopes":[{"contributions":{},"includedScopes":[]},{"contributions":{},"includedScopes":[]},{"contributions":{},"includedScopes":[]}]},"contributions":{},"includedScopes":[{"containerScope":{"containerScope":{"containerScope":{"contributions":{},"includedScopes":[]},"contributions":{},"includedScopes":[]},"contributions":{},"includedScopes":[]},"contributions":{},"includedScopes":[]}]},"contributions":{},"includedScopes":[]},"contributions":{},"includedScopes":[]},"sourceMap":{"end":{"column":7,"line":103,"offset":2489},"start":{"column":2,"line":103,"offset":2484}}}},{"body":{"id":"a9976b8c-b120-4315-a03a-79f0d320b061","metadata":[],"problems":[],"scope":{"containerScope":{"containerScope":{"containerScope":{"containerScope":{"containerScope":{"contributions":{},"includedScopes":[]},"contributions":{},"includedScopes":[]},"contributions":{},"includedScopes":[{"contributions":{},"includedScopes":[]},{"contributions":{},"includedScopes":[]},{"contributions":{},"includedScopes":[]}]},"contributions":{},"includedScopes":[{"containerScope":{"containerScope":{"containerScope":{"contributions":{},"includedScopes":[]},"contributions":{},"includedScopes":[]},"contributions":{},"includedScopes":[]},"contributions":{},"includedScopes":[]}]},"contributions":{},"includedScopes":[]},"contributions":{},"includedScopes":[]},"sentences":[{"id":"588f6bac-2fe8-4820-b79e-d30e58564090","isConstant":true,"metadata":[],"name":"heartsVisual","scope":{"containerScope":{"containerScope":{"containerScope":{"containerScope":{"containerScope":{"containerScope":{"contributions":{},"includedScopes":[]},"contributions":{},"includedScopes":[]},"contributions":{},"includedScopes":[{"contributions":{},"includedScopes":[]},{"contributions":{},"includedScopes":[]},{"contributions":{},"includedScopes":[]}]},"contributions":{},"includedScopes":[{"containerScope":{"containerScope":{"containerScope":{"contributions":{},"includedScopes":[]},"contributions":{},"includedScopes":[]},"contributions":{},"includedScopes":[]},"contributions":{},"includedScopes":[]}]},"contributions":{},"includedScopes":[]},"contributions":{},"includedScopes":[]},"contributions":{},"includedScopes":[]},"sourceMap":{"end":{"column":4,"line":109,"offset":2670},"start":{"column":3,"line":106,"offset":2562}},"value":{"args":[{"id":"6cdd82fa-92a2-4c9f-9e6b-60daa96c46c7","metadata":[],"name":"position","scope":{"containerScope":{"containerScope":{"containerScope":{"containerScope":{"containerScope":{"containerScope":{"containerScope":{"containerScope":{"contributions":{},"includedScopes":[]},"contributions":{},"includedScopes":[]},"contributions":{},"includedScopes":[{"contributions":{},"includedScopes":[]},{"contributions":{},"includedScopes":[]},{"contributions":{},"includedScopes":[]}]},"contributions":{},"includedScopes":[{"containerScope":{"containerScope":{"containerScope":{"contributions":{},"includedScopes":[]},"contributions":{},"includedScopes":[]},"contributions":{},"includedScopes":[]},"contributions":{},"includedScopes":[]}]},"contributions":{},"includedScopes":[]},"contributions":{},"includedScopes":[]},"contributions":{},"includedScopes":[]},"contributions":{},"includedScopes":[]},"contributions":{},"includedScopes":[]},"sourceMap":{"end":{"column":46,"line":107,"offset":2646},"start":{"column":4,"line":107,"offset":2604}},"value":{"args":[{"args":[{"id":"abba80ee-03c6-4b46-a503-d15d130be503","metadata":[],"name":"index","scope":{"containerScope":{"containerScope":{"containerScope":{"containerScope":{"containerScope":{"containerScope":{"containerScope":{"containerScope":{"containerScope":{"containerScope":{"containerScope":{"contributions":{},"includedScopes":[]},"contributions":{},"includedScopes":[]},"contributions":{},"includedScopes":[{"contributions":{},"includedScopes":[]},{"contributions":{},"includedScopes":[]},{"contributions":{},"includedScopes":[]}]},"contributions":{},"includedScopes":[{"containerScope":{"containerScope":{"containerScope":{"contributions":{},"includedScopes":[]},"contributions":{},"includedScopes":[]},"contributions":{},"includedScopes":[]},"contributions":{},"includedScopes":[]}]},"contributions":{},"includedScopes":[]},"contributions":{},"includedScopes":[]},"contributions":{},"includedScopes":[]},"contributions":{},"includedScopes":[]},"contributions":{},"includedScopes":[]},"contributions":{},"includedScopes":[]},"contributions":{},"includedScopes":[]},"contributions":{},"includedScopes":[]},"sourceMap":{"end":{"column":37,"line":107,"offset":2637},"start":{"column":32,"line":107,"offset":2632}}}],"id":"d62b7c9d-4987-400b-be99-e93ecd9f1b4f","message":"+","metadata":[],"receiver":{"id":"e28e1394-528e-4218-a205-29f5b38753c0","metadata":[],"name":"startX","scope":{"containerScope":{"containerScope":{"containerScope":{"containerScope":{"containerScope":{"containerScope":{"containerScope":{"containerScope":{"containerScope":{"containerScope":{"containerScope":{"contributions":{},"includedScopes":[]},"contributions":{},"includedScopes":[]},"contributions":{},"includedScopes":[{"contributions":{},"includedScopes":[]},{"contributions":{},"includedScopes":[]},{"contributions":{},"includedScopes":[]}]},"contributions":{},"includedScopes":[{"containerScope":{"containerScope":{"containerScope":{"contributions":{},"includedScopes":[]},"contributions":{},"includedScopes":[]},"contributions":{},"includedScopes":[]},"contributions":{},"includedScopes":[]}]},"contributions":{},"includedScopes":[]},"contributions":{},"includedScopes":[]},"contributions":{},"includedScopes":[]},"contributions":{},"includedScopes":[]},"contributions":{},"includedScopes":[]},"contributions":{},"includedScopes":[]},"contributions":{},"includedScopes":[]},"contributions":{},"includedScopes":[]},"sourceMap":{"end":{"column":29,"line":107,"offset":2629},"start":{"column":23,"line":107,"offset":2623}}},"scope":{"containerScope":{"containerScope":{"containerScope":{"containerScope":{"containerScope":{"containerScope":{"containerScope":{"containerScope":{"containerScope":{"containerScope":{"contributions":{},"includedScopes":[]},"contributions":{},"includedScopes":[]},"contributions":{},"includedScopes":[{"contributions":{},"includedScopes":[]},{"contributions":{},"includedScopes":[]},{"contributions":{},"includedScopes":[]}]},"contributions":{},"includedScopes":[{"containerScope":{"containerScope":{"containerScope":{"contributions":{},"includedScopes":[]},"contributions":{},"includedScopes":[]},"contributions":{},"includedScopes":[]},"contributions":{},"includedScopes":[]}]},"contributions":{},"includedScopes":[]},"contributions":{},"includedScopes":[]},"contributions":{},"includedScopes":[]},"contributions":{},"includedScopes":[]},"contributions":{},"includedScopes":[]},"contributions":{},"includedScopes":[]},"contributions":{},"includedScopes":[]},"sourceMap":{"end":{"column":37,"line":107,"offset":2637},"start":{"column":23,"line":107,"offset":2623}}},{"id":"0150d0ad-685a-478f-8377-c7e23b24533d","metadata":[],"name":"startY","scope":{"containerScope":{"containerScope":{"containerScope":{"containerScope":{"containerScope":{"containerScope":{"containerScope":{"containerScope":{"containerScope":{"containerScope":{"contributions":{},"includedScopes":[]},"contributions":{},"includedScopes":[]},"contributions":{},"includedScopes":[{"contributions":{},"includedScopes":[]},{"contributions":{},"includedScopes":[]},{"contributions":{},"includedScopes":[]}]},"contributions":{},"includedScopes":[{"containerScope":{"containerScope":{"containerScope":{"contributions":{},"includedScopes":[]},"contributions":{},"includedScopes":[]},"contributions":{},"includedScopes":[]},"contributions":{},"includedScopes":[]}]},"contributions":{},"includedScopes":[]},"contributions":{},"includedScopes":[]},"contributions":{},"includedScopes":[]},"contributions":{},"includedScopes":[]},"contributions":{},"includedScopes":[]},"contributions":{},"includedScopes":[]},"contributions":{},"includedScopes":[]},"sourceMap":{"end":{"column":45,"line":107,"offset":2645},"start":{"column":39,"line":107,"offset":2639}}}],"id":"e5d0069d-1b4d-4af4-bfa5-0433700190a2","message":"at","metadata":[],"receiver":{"id":"1670e957-75f8-4141-8e11-88d51ca3059f","metadata":[],"name":"game","scope":{"containerScope":{"containerScope":{"containerScope":{"containerScope":{"containerScope":{"containerScope":{"containerScope":{"containerScope":{"containerScope":{"containerScope":{"contributions":{},"includedScopes":[]},"contributions":{},"includedScopes":[]},"contributions":{},"includedScopes":[{"contributions":{},"includedScopes":[]},{"contributions":{},"includedScopes":[]},{"contributions":{},"includedScopes":[]}]},"contributions":{},"includedScopes":[{"containerScope":{"containerScope":{"containerScope":{"contributions":{},"includedScopes":[]},"contributions":{},"includedScopes":[]},"contributions":{},"includedScopes":[]},"contributions":{},"includedScopes":[]}]},"contributions":{},"includedScopes":[]},"contributions":{},"includedScopes":[]},"contributions":{},"includedScopes":[]},"contributions":{},"includedScopes":[]},"contributions":{},"includedScopes":[]},"contributions":{},"includedScopes":[]},"contributions":{},"includedScopes":[]},"sourceMap":{"end":{"column":19,"line":107,"offset":2619},"start":{"column":15,"line":107,"offset":2615}}},"scope":{"containerScope":{"containerScope":{"containerScope":{"containerScope":{"containerScope":{"containerScope":{"containerScope":{"containerScope":{"containerScope":{"contributions":{},"includedScopes":[]},"contributions":{},"includedScopes":[]},"contributions":{},"includedScopes":[{"contributions":{},"includedScopes":[]},{"contributions":{},"includedScopes":[]},{"contributions":{},"includedScopes":[]}]},"contributions":{},"includedScopes":[{"containerScope":{"containerScope":{"containerScope":{"contributions":{},"includedScopes":[]},"contributions":{},"includedScopes":[]},"contributions":{},"includedScopes":[]},"contributions":{},"includedScopes":[]}]},"contributions":{},"includedScopes":[]},"contributions":{},"includedScopes":[]},"contributions":{},"includedScopes":[]},"contributions":{},"includedScopes":[]},"contributions":{},"includedScopes":[]},"contributions":{},"includedScopes":[]},"sourceMap":{"end":{"column":46,"line":107,"offset":2646},"start":{"column":15,"line":107,"offset":2615}}}},{"id":"87d99bfd-41c5-4035-b8b6-e422caba855a","metadata":[],"name":"image","scope":{"containerScope":{"containerScope":{"containerScope":{"containerScope":{"containerScope":{"containerScope":{"containerScope":{"containerScope":{"contributions":{},"includedScopes":[]},"contributions":{},"includedScopes":[]},"contributions":{},"includedScopes":[{"contributions":{},"includedScopes":[]},{"contributions":{},"includedScopes":[]},{"contributions":{},"includedScopes":[]}]},"contributions":{},"includedScopes":[{"containerScope":{"containerScope":{"containerScope":{"contributions":{},"includedScopes":[]},"contributions":{},"includedScopes":[]},"contributions":{},"includedScopes":[]},"contributions":{},"includedScopes":[]}]},"contributions":{},"includedScopes":[]},"contributions":{},"includedScopes":[]},"contributions":{},"includedScopes":[]},"contributions":{},"includedScopes":[]},"contributions":{},"includedScopes":[]},"sourceMap":{"end":{"column":17,"line":108,"offset":2665},"start":{"column":4,"line":108,"offset":2652}},"value":{"id":"dce7d752-fdd4-450e-b0ac-98467424ee43","metadata":[],"name":"image","scope":{"containerScope":{"containerScope":{"containerScope":{"containerScope":{"containerScope":{"containerScope":{"containerScope":{"containerScope":{"containerScope":{"contributions":{},"includedScopes":[]},"contributions":{},"includedScopes":[]},"contributions":{},"includedScopes":[{"contributions":{},"includedScopes":[]},{"contributions":{},"includedScopes":[]},{"contributions":{},"includedScopes":[]}]},"contributions":{},"includedScopes":[{"containerScope":{"containerScope":{"containerScope":{"contributions":{},"includedScopes":[]},"contributions":{},"includedScopes":[]},"contributions":{},"includedScopes":[]},"contributions":{},"includedScopes":[]}]},"contributions":{},"includedScopes":[]},"contributions":{},"includedScopes":[]},"contributions":{},"includedScopes":[]},"contributions":{},"includedScopes":[]},"contributions":{},"includedScopes":[]},"contributions":{},"includedScopes":[]},"sourceMap":{"end":{"column":17,"line":108,"offset":2665},"start":{"column":12,"line":108,"offset":2660}}}}],"id":"a9e46afd-f382-47bc-bd81-5f9a116339a9","instantiated":{"id":"311d66a4-cdd1-4a73-ac69-64d9f5cfc4a3","metadata":[],"name":"HeartVisual","scope":{"containerScope":{"containerScope":{"containerScope":{"containerScope":{"containerScope":{"containerScope":{"containerScope":{"containerScope":{"contributions":{},"includedScopes":[]},"contributions":{},"includedScopes":[]},"contributions":{},"includedScopes":[{"contributions":{},"includedScopes":[]},{"contributions":{},"includedScopes":[]},{"contributions":{},"includedScopes":[]}]},"contributions":{},"includedScopes":[{"containerScope":{"containerScope":{"containerScope":{"contributions":{},"includedScopes":[]},"contributions":{},"includedScopes":[]},"contributions":{},"includedScopes":[]},"contributions":{},"includedScopes":[]}]},"contributions":{},"includedScopes":[]},"contributions":{},"includedScopes":[]},"contributions":{},"includedScopes":[]},"contributions":{},"includedScopes":[]},"contributions":{},"includedScopes":[]},"sourceMap":{"end":{"column":39,"line":106,"offset":2598},"start":{"column":28,"line":106,"offset":2587}}},"metadata":[],"scope":{"containerScope":{"containerScope":{"containerScope":{"containerScope":{"containerScope":{"containerScope":{"containerScope":{"contributions":{},"includedScopes":[]},"contributions":{},"includedScopes":[]},"contributions":{},"includedScopes":[{"contributions":{},"includedScopes":[]},{"contributions":{},"includedScopes":[]},{"contributions":{},"includedScopes":[]}]},"contributions":{},"includedScopes":[{"containerScope":{"containerScope":{"containerScope":{"contributions":{},"includedScopes":[]},"contributions":{},"includedScopes":[]},"contributions":{},"includedScopes":[]},"contributions":{},"includedScopes":[]}]},"contributions":{},"includedScopes":[]},"contributions":{},"includedScopes":[]},"contributions":{},"includedScopes":[]},"contributions":{},"includedScopes":[]},"sourceMap":{"end":{"column":4,"line":109,"offset":2670},"start":{"column":24,"line":106,"offset":2583}}}},{"args":[{"id":"f0e4d2f0-d7a3-4393-b854-1b1ddb2c96a6","metadata":[],"name":"heartsVisual","scope":{"containerScope":{"containerScope":{"containerScope":{"containerScope":{"containerScope":{"containerScope":{"containerScope":{"contributions":{},"includedScopes":[]},"contributions":{},"includedScopes":[]},"contributions":{},"includedScopes":[{"contributions":{},"includedScopes":[]},{"contributions":{},"includedScopes":[]},{"contributions":{},"includedScopes":[]}]},"contributions":{},"includedScopes":[{"containerScope":{"containerScope":{"containerScope":{"contributions":{},"includedScopes":[]},"contributions":{},"includedScopes":[]},"contributions":{},"includedScopes":[]},"contributions":{},"includedScopes":[]}]},"contributions":{},"includedScopes":[]},"contributions":{},"includedScopes":[]},"contributions":{},"includedScopes":[]},"contributions":{},"includedScopes":[]},"sourceMap":{"end":{"column":30,"line":110,"offset":2701},"start":{"column":18,"line":110,"offset":2689}}}],"id":"1bbd4dea-b393-4f89-97f5-7913348810dc","message":"addVisual","metadata":[],"receiver":{"id":"8cc5fa89-0d5f-4116-9070-3e03cdde11b1","metadata":[],"name":"game","scope":{"containerScope":{"containerScope":{"containerScope":{"containerScope":{"containerScope":{"containerScope":{"containerScope":{"contributions":{},"includedScopes":[]},"contributions":{},"includedScopes":[]},"contributions":{},"includedScopes":[{"contributions":{},"includedScopes":[]},{"contributions":{},"includedScopes":[]},{"contributions":{},"includedScopes":[]}]},"contributions":{},"includedScopes":[{"containerScope":{"containerScope":{"containerScope":{"contributions":{},"includedScopes":[]},"contributions":{},"includedScopes":[]},"contributions":{},"includedScopes":[]},"contributions":{},"includedScopes":[]}]},"contributions":{},"includedScopes":[]},"contributions":{},"includedScopes":[]},"contributions":{},"includedScopes":[]},"contributions":{},"includedScopes":[]},"sourceMap":{"end":{"column":7,"line":110,"offset":2678},"start":{"column":3,"line":110,"offset":2674}}},"scope":{"containerScope":{"containerScope":{"containerScope":{"containerScope":{"containerScope":{"containerScope":{"contributions":{},"includedScopes":[]},"contributions":{},"includedScopes":[]},"contributions":{},"includedScopes":[{"contributions":{},"includedScopes":[]},{"contributions":{},"includedScopes":[]},{"contributions":{},"includedScopes":[]}]},"contributions":{},"includedScopes":[{"containerScope":{"containerScope":{"containerScope":{"contributions":{},"includedScopes":[]},"contributions":{},"includedScopes":[]},"contributions":{},"includedScopes":[]},"contributions":{},"includedScopes":[]}]},"contributions":{},"includedScopes":[]},"contributions":{},"includedScopes":[]},"contributions":{},"includedScopes":[]},"sourceMap":{"end":{"column":31,"line":110,"offset":2702},"start":{"column":3,"line":110,"offset":2674}}},{"args":[{"id":"3ec89407-c3c0-4028-be36-c9da8808291f","metadata":[],"name":"heartsVisual","scope":{"containerScope":{"containerScope":{"containerScope":{"containerScope":{"containerScope":{"containerScope":{"containerScope":{"contributions":{},"includedScopes":[]},"contributions":{},"includedScopes":[]},"contributions":{},"includedScopes":[{"contributions":{},"includedScopes":[]},{"contributions":{},"includedScopes":[]},{"contributions":{},"includedScopes":[]}]},"contributions":{},"includedScopes":[{"containerScope":{"containerScope":{"containerScope":{"contributions":{},"includedScopes":[]},"contributions":{},"includedScopes":[]},"contributions":{},"includedScopes":[]},"contributions":{},"includedScopes":[]}]},"contributions":{},"includedScopes":[]},"contributions":{},"includedScopes":[]},"contributions":{},"includedScopes":[]},"contributions":{},"includedScopes":[]},"sourceMap":{"end":{"column":31,"line":111,"offset":2734},"start":{"column":19,"line":111,"offset":2722}}}],"id":"ab41ba38-78b9-448b-b2fa-ec241bdc7e93","message":"add","metadata":[],"receiver":{"id":"96b97437-be09-444c-9f83-c23c6316d6e2","metadata":[],"name":"heartVisual","scope":{"containerScope":{"containerScope":{"containerScope":{"containerScope":{"containerScope":{"containerScope":{"containerScope":{"contributions":{},"includedScopes":[]},"contributions":{},"includedScopes":[]},"contributions":{},"includedScopes":[{"contributions":{},"includedScopes":[]},{"contributions":{},"includedScopes":[]},{"contributions":{},"includedScopes":[]}]},"contributions":{},"includedScopes":[{"containerScope":{"containerScope":{"containerScope":{"contributions":{},"includedScopes":[]},"contributions":{},"includedScopes":[]},"contributions":{},"includedScopes":[]},"contributions":{},"includedScopes":[]}]},"contributions":{},"includedScopes":[]},"contributions":{},"includedScopes":[]},"contributions":{},"includedScopes":[]},"contributions":{},"includedScopes":[]},"sourceMap":{"end":{"column":14,"line":111,"offset":2717},"start":{"column":3,"line":111,"offset":2706}}},"scope":{"containerScope":{"containerScope":{"containerScope":{"containerScope":{"containerScope":{"containerScope":{"contributions":{},"includedScopes":[]},"contributions":{},"includedScopes":[]},"contributions":{},"includedScopes":[{"contributions":{},"includedScopes":[]},{"contributions":{},"includedScopes":[]},{"contributions":{},"includedScopes":[]}]},"contributions":{},"includedScopes":[{"containerScope":{"containerScope":{"containerScope":{"contributions":{},"includedScopes":[]},"contributions":{},"includedScopes":[]},"contributions":{},"includedScopes":[]},"contributions":{},"includedScopes":[]}]},"contributions":{},"includedScopes":[]},"contributions":{},"includedScopes":[]},"contributions":{},"includedScopes":[]},"sourceMap":{"end":{"column":32,"line":111,"offset":2735},"start":{"column":2,"line":111,"offset":2706}}}],"sourceMap":{"end":{"column":3,"line":112,"offset":2739},"start":{"column":39,"line":105,"offset":2557}}},"compiled":false,"id":"b0dac31b-b665-492b-92d4-7d0076c1dd4c","isOverride":false,"metadata":[],"name":"drawSingleHeart","parameters":[{"id":"1027d7fa-ee22-4b8e-b680-3e10c3469e93","isVarArg":false,"metadata":[],"name":"image","scope":{"containerScope":{"containerScope":{"containerScope":{"containerScope":{"containerScope":{"contributions":{},"includedScopes":[]},"contributions":{},"includedScopes":[]},"contributions":{},"includedScopes":[{"contributions":{},"includedScopes":[]},{"contributions":{},"includedScopes":[]},{"contributions":{},"includedScopes":[]}]},"contributions":{},"includedScopes":[{"containerScope":{"containerScope":{"containerScope":{"contributions":{},"includedScopes":[]},"contributions":{},"includedScopes":[]},"contributions":{},"includedScopes":[]},"contributions":{},"includedScopes":[]}]},"contributions":{},"includedScopes":[]},"contributions":{},"includedScopes":[]},"sourceMap":{"end":{"column":30,"line":105,"offset":2548},"start":{"column":25,"line":105,"offset":2543}}},{"id":"eb9c77c1-22a8-454a-9bbb-584d4f6a5c6f","isVarArg":false,"metadata":[],"name":"index","scope":{"containerScope":{"containerScope":{"containerScope":{"containerScope":{"containerScope":{"contributions":{},"includedScopes":[]},"contributions":{},"includedScopes":[]},"contributions":{},"includedScopes":[{"contributions":{},"includedScopes":[]},{"contributions":{},"includedScopes":[]},{"contributions":{},"includedScopes":[]}]},"contributions":{},"includedScopes":[{"containerScope":{"containerScope":{"containerScope":{"contributions":{},"includedScopes":[]},"contributions":{},"includedScopes":[]},"contributions":{},"includedScopes":[]},"contributions":{},"includedScopes":[]}]},"contributions":{},"includedScopes":[]},"contributions":{},"includedScopes":[]},"sourceMap":{"end":{"column":37,"line":105,"offset":2555},"start":{"column":32,"line":105,"offset":2550}}}],"problems":[],"scope":{"containerScope":{"containerScope":{"containerScope":{"containerScope":{"contributions":{},"includedScopes":[]},"contributions":{},"includedScopes":[]},"contributions":{},"includedScopes":[{"contributions":{},"includedScopes":[]},{"contributions":{},"includedScopes":[]},{"contributions":{},"includedScopes":[]}]},"contributions":{},"includedScopes":[{"containerScope":{"containerScope":{"containerScope":{"contributions":{},"includedScopes":[]},"contributions":{},"includedScopes":[]},"contributions":{},"includedScopes":[]},"contributions":{},"includedScopes":[]}]},"contributions":{},"includedScopes":[]},"sourceMap":{"end":{"column":3,"line":112,"offset":2739},"start":{"column":2,"line":105,"offset":2520}}},{"body":{"id":"38417c4f-13b6-41ec-bf62-b93cae1c0d34","metadata":[],"problems":[],"scope":{"containerScope":{"containerScope":{"containerScope":{"containerScope":{"containerScope":{"contributions":{},"includedScopes":[]},"contributions":{},"includedScopes":[]},"contributions":{},"includedScopes":[{"contributions":{},"includedScopes":[]},{"contributions":{},"includedScopes":[]},{"contributions":{},"includedScopes":[]}]},"contributions":{},"includedScopes":[{"containerScope":{"containerScope":{"containerScope":{"contributions":{},"includedScopes":[]},"contributions":{},"includedScopes":[]},"contributions":{},"includedScopes":[]},"contributions":{},"includedScopes":[]}]},"contributions":{},"includedScopes":[]},"contributions":{},"includedScopes":[]},"sentences":[{"condition":{"args":[{"id":"a7bc4aa9-31c8-4fa5-9a5f-a0611d91f826","metadata":[],"scope":{"containerScope":{"containerScope":{"containerScope":{"containerScope":{"containerScope":{"containerScope":{"containerScope":{"containerScope":{"contributions":{},"includedScopes":[]},"contributions":{},"includedScopes":[]},"contributions":{},"includedScopes":[{"contributions":{},"includedScopes":[]},{"contributions":{},"includedScopes":[]},{"contributions":{},"includedScopes":[]}]},"contributions":{},"includedScopes":[{"containerScope":{"containerScope":{"containerScope":{"contributions":{},"includedScopes":[]},"contributions":{},"includedScopes":[]},"contributions":{},"includedScopes":[]},"contributions":{},"includedScopes":[]}]},"contributions":{},"includedScopes":[]},"contributions":{},"includedScopes":[]},"contributions":{},"includedScopes":[]},"contributions":{},"includedScopes":[]},"contributions":{},"includedScopes":[]},"sourceMap":{"end":{"column":30,"line":115,"offset":2797},"start":{"column":26,"line":115,"offset":2793}},"value":null}],"id":"484148e5-80a8-4aa4-b844-65b8defa0c0a","message":"==","metadata":[],"receiver":{"args":[],"id":"891f7a25-d175-489d-8ba2-28697cb41159","message":"entity","metadata":[],"receiver":{"id":"b4b89530-2732-461b-9aa3-b354eab9b961","metadata":[],"name":"player","scope":{"containerScope":{"containerScope":{"containerScope":{"containerScope":{"containerScope":{"containerScope":{"containerScope":{"containerScope":{"containerScope":{"contributions":{},"includedScopes":[]},"contributions":{},"includedScopes":[]},"contributions":{},"includedScopes":[{"contributions":{},"includedScopes":[]},{"contributions":{},"includedScopes":[]},{"contributions":{},"includedScopes":[]}]},"contributions":{},"includedScopes":[{"containerScope":{"containerScope":{"containerScope":{"contributions":{},"includedScopes":[]},"contributions":{},"includedScopes":[]},"contributions":{},"includedScopes":[]},"contributions":{},"includedScopes":[]}]},"contributions":{},"includedScopes":[]},"contributions":{},"includedScopes":[]},"contributions":{},"includedScopes":[]},"contributions":{},"includedScopes":[]},"contributions":{},"includedScopes":[]},"contributions":{},"includedScopes":[]},"sourceMap":{"end":{"column":13,"line":115,"offset":2780},"start":{"column":7,"line":115,"offset":2774}}},"scope":{"containerScope":{"containerScope":{"containerScope":{"containerScope":{"containerScope":{"containerScope":{"containerScope":{"containerScope":{"contributions":{},"includedScopes":[]},"contributions":{},"includedScopes":[]},"contributions":{},"includedScopes":[{"contributions":{},"includedScopes":[]},{"contributions":{},"includedScopes":[]},{"contributions":{},"includedScopes":[]}]},"contributions":{},"includedScopes":[{"containerScope":{"containerScope":{"containerScope":{"contributions":{},"includedScopes":[]},"contributions":{},"includedScopes":[]},"contributions":{},"includedScopes":[]},"contributions":{},"includedScopes":[]}]},"contributions":{},"includedScopes":[]},"contributions":{},"includedScopes":[]},"contributions":{},"includedScopes":[]},"contributions":{},"includedScopes":[]},"contributions":{},"includedScopes":[]},"sourceMap":{"end":{"column":22,"line":115,"offset":2789},"start":{"column":7,"line":115,"offset":2774}}},"scope":{"containerScope":{"containerScope":{"containerScope":{"containerScope":{"containerScope":{"containerScope":{"containerScope":{"contributions":{},"includedScopes":[]},"contributions":{},"includedScopes":[]},"contributions":{},"includedScopes":[{"contributions":{},"includedScopes":[]},{"contributions":{},"includedScopes":[]},{"contributions":{},"includedScopes":[]}]},"contributions":{},"includedScopes":[{"containerScope":{"containerScope":{"containerScope":{"contributions":{},"includedScopes":[]},"contributions":{},"includedScopes":[]},"contributions":{},"includedScopes":[]},"contributions":{},"includedScopes":[]}]},"contributions":{},"includedScopes":[]},"contributions":{},"includedScopes":[]},"contributions":{},"includedScopes":[]},"contributions":{},"includedScopes":[]},"sourceMap":{"end":{"column":30,"line":115,"offset":2797},"start":{"column":7,"line":115,"offset":2774}}},"elseBody":{"id":"cdb12c05-2dda-4c13-93e1-c8e39452f2bf","metadata":[],"scope":{"containerScope":{"containerScope":{"containerScope":{"containerScope":{"containerScope":{"containerScope":{"containerScope":{"contributions":{},"includedScopes":[]},"contributions":{},"includedScopes":[]},"contributions":{},"includedScopes":[{"contributions":{},"includedScopes":[]},{"contributions":{},"includedScopes":[]},{"contributions":{},"includedScopes":[]}]},"contributions":{},"includedScopes":[{"containerScope":{"containerScope":{"containerScope":{"contributions":{},"includedScopes":[]},"contributions":{},"includedScopes":[]},"contributions":{},"includedScopes":[]},"contributions":{},"includedScopes":[]}]},"contributions":{},"includedScopes":[]},"contributions":{},"includedScopes":[]},"contributions":{},"includedScopes":[]},"contributions":{},"includedScopes":[]},"sentences":[]},"id":"4dc7ba4e-ba1b-424e-971e-dcb51737b34a","metadata":[],"scope":{"containerScope":{"containerScope":{"containerScope":{"containerScope":{"containerScope":{"containerScope":{"contributions":{},"includedScopes":[]},"contributions":{},"includedScopes":[]},"contributions":{},"includedScopes":[{"contributions":{},"includedScopes":[]},{"contributions":{},"includedScopes":[]},{"contributions":{},"includedScopes":[]}]},"contributions":{},"includedScopes":[{"containerScope":{"containerScope":{"containerScope":{"contributions":{},"includedScopes":[]},"contributions":{},"includedScopes":[]},"contributions":{},"includedScopes":[]},"contributions":{},"includedScopes":[]}]},"contributions":{},"includedScopes":[]},"contributions":{},"includedScopes":[]},"contributions":{},"includedScopes":[]},"sourceMap":{"end":{"column":4,"line":116,"offset":2805},"start":{"column":3,"line":115,"offset":2770}},"thenBody":{"id":"7eb399ee-b392-47fa-935a-ae0f159ea38f","metadata":[],"problems":[],"scope":{"containerScope":{"containerScope":{"containerScope":{"containerScope":{"containerScope":{"containerScope":{"containerScope":{"contributions":{},"includedScopes":[]},"contributions":{},"includedScopes":[]},"contributions":{},"includedScopes":[{"contributions":{},"includedScopes":[]},{"contributions":{},"includedScopes":[]},{"contributions":{},"includedScopes":[]}]},"contributions":{},"includedScopes":[{"containerScope":{"containerScope":{"containerScope":{"contributions":{},"includedScopes":[]},"contributions":{},"includedScopes":[]},"contributions":{},"includedScopes":[]},"contributions":{},"includedScopes":[]}]},"contributions":{},"includedScopes":[]},"contributions":{},"includedScopes":[]},"contributions":{},"includedScopes":[]},"contributions":{},"includedScopes":[]},"sentences":[],"sourceMap":{"end":{"column":4,"line":116,"offset":2805},"start":{"column":32,"line":115,"offset":2799}}}},{"args":[{"id":"c50e92ef-c3c0-4b06-95cd-7d9b70f95f82","members":[{"body":{"id":"d2868b2f-3915-4d76-929e-721cceffd813","metadata":[],"scope":{"containerScope":{"containerScope":{"containerScope":{"containerScope":{"containerScope":{"containerScope":{"containerScope":{"containerScope":{"containerScope":{"contributions":{},"includedScopes":[]},"contributions":{},"includedScopes":[]},"contributions":{},"includedScopes":[{"contributions":{},"includedScopes":[]},{"contributions":{},"includedScopes":[]},{"contributions":{},"includedScopes":[]}]},"contributions":{},"includedScopes":[{"containerScope":{"containerScope":{"containerScope":{"contributions":{},"includedScopes":[]},"contributions":{},"includedScopes":[]},"contributions":{},"includedScopes":[]},"contributions":{},"includedScopes":[]}]},"contributions":{},"includedScopes":[]},"contributions":{},"includedScopes":[]},"contributions":{},"includedScopes":[]},"contributions":{},"includedScopes":[{"containerScope":{"containerScope":{"containerScope":{"contributions":{},"includedScopes":[]},"contributions":{},"includedScopes":[]},"contributions":{},"includedScopes":[]},"contributions":{},"includedScopes":[{"containerScope":{"containerScope":{"containerScope":{"contributions":{},"includedScopes":[]},"contributions":{},"includedScopes":[]},"contributions":{},"includedScopes":[]},"contributions":{},"includedScopes":[]}]},{"containerScope":{"containerScope":{"containerScope":{"contributions":{},"includedScopes":[]},"contributions":{},"includedScopes":[]},"contributions":{},"includedScopes":[]},"contributions":{},"includedScopes":[]}]},"contributions":{},"includedScopes":[]},"contributions":{},"includedScopes":[]},"sentences":[{"id":"3ee35915-737d-4998-86c4-4edddbd9d5f4","metadata":[],"scope":{"containerScope":{"containerScope":{"containerScope":{"containerScope":{"containerScope":{"containerScope":{"containerScope":{"containerScope":{"containerScope":{"containerScope":{"contributions":{},"includedScopes":[]},"contributions":{},"includedScopes":[]},"contributions":{},"includedScopes":[{"contributions":{},"includedScopes":[]},{"contributions":{},"includedScopes":[]},{"contributions":{},"includedScopes":[]}]},"contributions":{},"includedScopes":[{"containerScope":{"containerScope":{"containerScope":{"contributions":{},"includedScopes":[]},"contributions":{},"includedScopes":[]},"contributions":{},"includedScopes":[]},"contributions":{},"includedScopes":[]}]},"contributions":{},"includedScopes":[]},"contributions":{},"includedScopes":[]},"contributions":{},"includedScopes":[]},"contributions":{},"includedScopes":[{"containerScope":{"containerScope":{"containerScope":{"contributions":{},"includedScopes":[]},"contributions":{},"includedScopes":[]},"contributions":{},"includedScopes":[]},"contributions":{},"includedScopes":[{"containerScope":{"containerScope":{"containerScope":{"contributions":{},"includedScopes":[]},"contributions":{},"includedScopes":[]},"contributions":{},"includedScopes":[]},"contributions":{},"includedScopes":[]}]},{"containerScope":{"containerScope":{"containerScope":{"contributions":{},"includedScopes":[]},"contributions":{},"includedScopes":[]},"contributions":{},"includedScopes":[]},"contributions":{},"includedScopes":[]}]},"contributions":{},"includedScopes":[]},"contributions":{},"includedScopes":[]},"contributions":{},"includedScopes":[]},"value":{"args":[{"id":"0eaba8bb-d69e-4287-a9a0-557571f53188","metadata":[],"name":"heart","scope":{"containerScope":{"containerScope":{"containerScope":{"containerScope":{"containerScope":{"containerScope":{"containerScope":{"containerScope":{"containerScope":{"containerScope":{"containerScope":{"containerScope":{"contributions":{},"includedScopes":[]},"contributions":{},"includedScopes":[]},"contributions":{},"includedScopes":[{"contributions":{},"includedScopes":[]},{"contributions":{},"includedScopes":[]},{"contributions":{},"includedScopes":[]}]},"contributions":{},"includedScopes":[{"containerScope":{"containerScope":{"containerScope":{"contributions":{},"includedScopes":[]},"contributions":{},"includedScopes":[]},"contributions":{},"includedScopes":[]},"contributions":{},"includedScopes":[]}]},"contributions":{},"includedScopes":[]},"contributions":{},"includedScopes":[]},"contributions":{},"includedScopes":[]},"contributions":{},"includedScopes":[{"containerScope":{"containerScope":{"containerScope":{"contributions":{},"includedScopes":[]},"contributions":{},"includedScopes":[]},"contributions":{},"includedScopes":[]},"contributions":{},"includedScopes":[{"containerScope":{"containerScope":{"containerScope":{"contributions":{},"includedScopes":[]},"contributions":{},"includedScopes":[]},"contributions":{},"includedScopes":[]},"contributions":{},"includedScopes":[]}]},{"containerScope":{"containerScope":{"containerScope":{"contributions":{},"includedScopes":[]},"contributions":{},"includedScopes":[]},"contributions":{},"includedScopes":[]},"contributions":{},"includedScopes":[]}]},"contributions":{},"includedScopes":[]},"contributions":{},"includedScopes":[]},"contributions":{},"includedScopes":[]},"contributions":{},"includedScopes":[]},"contributions":{},"includedScopes":[]},"sourceMap":{"end":{"column":56,"line":118,"offset":2866},"start":{"column":51,"line":118,"offset":2861}}}],"id":"d0d6febe-9a3d-482f-b90c-9c72ab814bce","message":"removeVisual","metadata":[],"receiver":{"id":"42c69da6-5b46-4bd3-bbf1-5af4b3c1a68c","metadata":[],"name":"game","scope":{"containerScope":{"containerScope":{"containerScope":{"containerScope":{"containerScope":{"containerScope":{"containerScope":{"containerScope":{"containerScope":{"containerScope":{"containerScope":{"containerScope":{"contributions":{},"includedScopes":[]},"contributions":{},"includedScopes":[]},"contributions":{},"includedScopes":[{"contributions":{},"includedScopes":[]},{"contributions":{},"includedScopes":[]},{"contributions":{},"includedScopes":[]}]},"contributions":{},"includedScopes":[{"containerScope":{"containerScope":{"containerScope":{"contributions":{},"includedScopes":[]},"contributions":{},"includedScopes":[]},"contributions":{},"includedScopes":[]},"contributions":{},"includedScopes":[]}]},"contributions":{},"includedScopes":[]},"contributions":{},"includedScopes":[]},"contributions":{},"includedScopes":[]},"contributions":{},"includedScopes":[{"containerScope":{"containerScope":{"containerScope":{"contributions":{},"includedScopes":[]},"contributions":{},"includedScopes":[]},"contributions":{},"includedScopes":[]},"contributions":{},"includedScopes":[{"containerScope":{"containerScope":{"containerScope":{"contributions":{},"includedScopes":[]},"contributions":{},"includedScopes":[]},"contributions":{},"includedScopes":[]},"contributions":{},"includedScopes":[]}]},{"containerScope":{"containerScope":{"containerScope":{"contributions":{},"includedScopes":[]},"contributions":{},"includedScopes":[]},"contributions":{},"includedScopes":[]},"contributions":{},"includedScopes":[]}]},"contributions":{},"includedScopes":[]},"contributions":{},"includedScopes":[]},"contributions":{},"includedScopes":[]},"contributions":{},"includedScopes":[]},"contributions":{},"includedScopes":[]},"sourceMap":{"end":{"column":37,"line":118,"offset":2847},"start":{"column":33,"line":118,"offset":2843}}},"scope":{"containerScope":{"containerScope":{"containerScope":{"containerScope":{"containerScope":{"containerScope":{"containerScope":{"containerScope":{"containerScope":{"containerScope":{"containerScope":{"contributions":{},"includedScopes":[]},"contributions":{},"includedScopes":[]},"contributions":{},"includedScopes":[{"contributions":{},"includedScopes":[]},{"contributions":{},"includedScopes":[]},{"contributions":{},"includedScopes":[]}]},"contributions":{},"includedScopes":[{"containerScope":{"containerScope":{"containerScope":{"contributions":{},"includedScopes":[]},"contributions":{},"includedScopes":[]},"contributions":{},"includedScopes":[]},"contributions":{},"includedScopes":[]}]},"contributions":{},"includedScopes":[]},"contributions":{},"includedScopes":[]},"contributions":{},"includedScopes":[]},"contributions":{},"includedScopes":[{"containerScope":{"containerScope":{"containerScope":{"contributions":{},"includedScopes":[]},"contributions":{},"includedScopes":[]},"contributions":{},"includedScopes":[]},"contributions":{},"includedScopes":[{"containerScope":{"containerScope":{"containerScope":{"contributions":{},"includedScopes":[]},"contributions":{},"includedScopes":[]},"contributions":{},"includedScopes":[]},"contributions":{},"includedScopes":[]}]},{"containerScope":{"containerScope":{"containerScope":{"contributions":{},"includedScopes":[]},"contributions":{},"includedScopes":[]},"contributions":{},"includedScopes":[]},"contributions":{},"includedScopes":[]}]},"contributions":{},"includedScopes":[]},"contributions":{},"includedScopes":[]},"contributions":{},"includedScopes":[]},"contributions":{},"includedScopes":[]},"sourceMap":{"end":{"column":57,"line":118,"offset":2867},"start":{"column":33,"line":118,"offset":2843}}}}]},"compiled":false,"id":"c0d30488-bf9e-43ae-b629-51dc10d5bf3f","isOverride":false,"metadata":[],"name":"<apply>","parameters":[{"id":"df545134-65b9-414a-8123-ef09f3ba3f88","isVarArg":false,"metadata":[],"name":"heart","scope":{"containerScope":{"containerScope":{"containerScope":{"containerScope":{"containerScope":{"containerScope":{"containerScope":{"containerScope":{"containerScope":{"contributions":{},"includedScopes":[]},"contributions":{},"includedScopes":[]},"contributions":{},"includedScopes":[{"contributions":{},"includedScopes":[]},{"contributions":{},"includedScopes":[]},{"contributions":{},"includedScopes":[]}]},"contributions":{},"includedScopes":[{"containerScope":{"containerScope":{"containerScope":{"contributions":{},"includedScopes":[]},"contributions":{},"includedScopes":[]},"contributions":{},"includedScopes":[]},"contributions":{},"includedScopes":[]}]},"contributions":{},"includedScopes":[]},"contributions":{},"includedScopes":[]},"contributions":{},"includedScopes":[]},"contributions":{},"includedScopes":[{"containerScope":{"containerScope":{"containerScope":{"contributions":{},"includedScopes":[]},"contributions":{},"includedScopes":[]},"contributions":{},"includedScopes":[]},"contributions":{},"includedScopes":[{"containerScope":{"containerScope":{"containerScope":{"contributions":{},"includedScopes":[]},"contributions":{},"includedScopes":[]},"contributions":{},"includedScopes":[]},"contributions":{},"includedScopes":[]}]},{"containerScope":{"containerScope":{"containerScope":{"contributions":{},"includedScopes":[]},"contributions":{},"includedScopes":[]},"contributions":{},"includedScopes":[]},"contributions":{},"includedScopes":[]}]},"contributions":{},"includedScopes":[]},"contributions":{},"includedScopes":[]},"sourceMap":{"end":{"column":29,"line":118,"offset":2839},"start":{"column":24,"line":118,"offset":2834}}}],"scope":{"containerScope":{"containerScope":{"containerScope":{"containerScope":{"containerScope":{"containerScope":{"containerScope":{"containerScope":{"contributions":{},"includedScopes":[]},"contributions":{},"includedScopes":[]},"contributions":{},"includedScopes":[{"contributions":{},"includedScopes":[]},{"contributions":{},"includedScopes":[]},{"contributions":{},"includedScopes":[]}]},"contributions":{},"includedScopes":[{"containerScope":{"containerScope":{"containerScope":{"contributions":{},"includedScopes":[]},"contributions":{},"includedScopes":[]},"contributions":{},"includedScopes":[]},"contributions":{},"includedScopes":[]}]},"contributions":{},"includedScopes":[]},"contributions":{},"includedScopes":[]},"contributions":{},"includedScopes":[]},"contributions":{},"includedScopes":[{"containerScope":{"containerScope":{"containerScope":{"contributions":{},"includedScopes":[]},"contributions":{},"includedScopes":[]},"contributions":{},"includedScopes":[]},"contributions":{},"includedScopes":[{"containerScope":{"containerScope":{"containerScope":{"contributions":{},"includedScopes":[]},"contributions":{},"includedScopes":[]},"contributions":{},"includedScopes":[]},"contributions":{},"includedScopes":[]}]},{"containerScope":{"containerScope":{"containerScope":{"contributions":{},"includedScopes":[]},"contributions":{},"includedScopes":[]},"contributions":{},"includedScopes":[]},"contributions":{},"includedScopes":[]}]},"contributions":{},"includedScopes":[]}},{"id":"7a5022c3-e371-4bdc-ac31-14163935179e","isConstant":true,"isProperty":false,"metadata":[],"name":"<toString>","scope":{"containerScope":{"containerScope":{"containerScope":{"containerScope":{"containerScope":{"containerScope":{"containerScope":{"containerScope":{"contributions":{},"includedScopes":[]},"contributions":{},"includedScopes":[]},"contributions":{},"includedScopes":[{"contributions":{},"includedScopes":[]},{"contributions":{},"includedScopes":[]},{"contributions":{},"includedScopes":[]}]},"contributions":{},"includedScopes":[{"containerScope":{"containerScope":{"containerScope":{"contributions":{},"includedScopes":[]},"contributions":{},"includedScopes":[]},"contributions":{},"includedScopes":[]},"contributions":{},"includedScopes":[]}]},"contributions":{},"includedScopes":[]},"contributions":{},"includedScopes":[]},"contributions":{},"includedScopes":[]},"contributions":{},"includedScopes":[{"containerScope":{"containerScope":{"containerScope":{"contributions":{},"includedScopes":[]},"contributions":{},"includedScopes":[]},"contributions":{},"includedScopes":[]},"contributions":{},"includedScopes":[{"containerScope":{"containerScope":{"containerScope":{"contributions":{},"includedScopes":[]},"contributions":{},"includedScopes":[]},"contributions":{},"includedScopes":[]},"contributions":{},"includedScopes":[]}]},{"containerScope":{"containerScope":{"containerScope":{"contributions":{},"includedScopes":[]},"contributions":{},"includedScopes":[]},"contributions":{},"includedScopes":[]},"contributions":{},"includedScopes":[]}]},"contributions":{},"includedScopes":[]},"value":{"id":"9893700d-2f12-47b5-8d6a-3312b1865096","metadata":[],"scope":{"containerScope":{"containerScope":{"containerScope":{"containerScope":{"containerScope":{"containerScope":{"containerScope":{"containerScope":{"containerScope":{"contributions":{},"includedScopes":[]},"contributions":{},"includedScopes":[]},"contributions":{},"includedScopes":[{"contributions":{},"includedScopes":[]},{"contributions":{},"includedScopes":[]},{"contributions":{},"includedScopes":[]}]},"contributions":{},"includedScopes":[{"containerScope":{"containerScope":{"containerScope":{"contributions":{},"includedScopes":[]},"contributions":{},"includedScopes":[]},"contributions":{},"includedScopes":[]},"contributions":{},"includedScopes":[]}]},"contributions":{},"includedScopes":[]},"contributions":{},"includedScopes":[]},"contributions":{},"includedScopes":[]},"contributions":{},"includedScopes":[{"containerScope":{"containerScope":{"containerScope":{"contributions":{},"includedScopes":[]},"contributions":{},"includedScopes":[]},"contributions":{},"includedScopes":[]},"contributions":{},"includedScopes":[{"containerScope":{"containerScope":{"containerScope":{"contributions":{},"includedScopes":[]},"contributions":{},"includedScopes":[]},"contributions":{},"includedScopes":[]},"contributions":{},"includedScopes":[]}]},{"containerScope":{"containerScope":{"containerScope":{"contributions":{},"includedScopes":[]},"contributions":{},"includedScopes":[]},"contributions":{},"includedScopes":[]},"contributions":{},"includedScopes":[]}]},"contributions":{},"includedScopes":[]},"contributions":{},"includedScopes":[]},"value":"{heart => game.removeVisual(heart)}"}}],"metadata":[],"scope":{"containerScope":{"containerScope":{"containerScope":{"containerScope":{"containerScope":{"containerScope":{"containerScope":{"contributions":{},"includedScopes":[]},"contributions":{},"includedScopes":[]},"contributions":{},"includedScopes":[{"contributions":{},"includedScopes":[]},{"contributions":{},"includedScopes":[]},{"contributions":{},"includedScopes":[]}]},"contributions":{},"includedScopes":[{"containerScope":{"containerScope":{"containerScope":{"contributions":{},"includedScopes":[]},"contributions":{},"includedScopes":[]},"contributions":{},"includedScopes":[]},"contributions":{},"includedScopes":[]}]},"contributions":{},"includedScopes":[]},"contributions":{},"includedScopes":[]},"contributions":{},"includedScopes":[]},"contributions":{},"includedScopes":[{"containerScope":{"containerScope":{"containerScope":{"contributions":{},"includedScopes":[]},"contributions":{},"includedScopes":[]},"contributions":{},"includedScopes":[]},"contributions":{},"includedScopes":[{"containerScope":{"containerScope":{"containerScope":{"contributions":{},"includedScopes":[]},"contributions":{},"includedScopes":[]},"contributions":{},"includedScopes":[]},"contributions":{},"includedScopes":[]}]},{"containerScope":{"containerScope":{"containerScope":{"contributions":{},"includedScopes":[]},"contributions":{},"includedScopes":[]},"contributions":{},"includedScopes":[]},"contributions":{},"includedScopes":[]}]},"sourceMap":{"end":{"column":58,"line":118,"offset":2868},"start":{"column":23,"line":118,"offset":2833}},"supertypes":[{"args":[],"id":"194102b7-d4bb-4a04-b663-048de2689968","metadata":[],"reference":{"id":"8ad5e583-0ae1-401d-a001-6212b8d2590f","metadata":[],"name":"wollok.lang.Closure","scope":{"containerScope":{"containerScope":{"containerScope":{"containerScope":{"containerScope":{"containerScope":{"containerScope":{"containerScope":{"contributions":{},"includedScopes":[]},"contributions":{},"includedScopes":[]},"contributions":{},"includedScopes":[{"contributions":{},"includedScopes":[]},{"contributions":{},"includedScopes":[]},{"contributions":{},"includedScopes":[]}]},"contributions":{},"includedScopes":[{"containerScope":{"containerScope":{"containerScope":{"contributions":{},"includedScopes":[]},"contributions":{},"includedScopes":[]},"contributions":{},"includedScopes":[]},"contributions":{},"includedScopes":[]}]},"contributions":{},"includedScopes":[]},"contributions":{},"includedScopes":[]},"contributions":{},"includedScopes":[]},"contributions":{},"includedScopes":[{"containerScope":{"containerScope":{"containerScope":{"contributions":{},"includedScopes":[]},"contributions":{},"includedScopes":[]},"contributions":{},"includedScopes":[]},"contributions":{},"includedScopes":[{"containerScope":{"containerScope":{"containerScope":{"contributions":{},"includedScopes":[]},"contributions":{},"includedScopes":[]},"contributions":{},"includedScopes":[]},"contributions":{},"includedScopes":[]}]},{"containerScope":{"containerScope":{"containerScope":{"contributions":{},"includedScopes":[]},"contributions":{},"includedScopes":[]},"contributions":{},"includedScopes":[]},"contributions":{},"includedScopes":[]}]},"contributions":{},"includedScopes":[]}},"scope":{"containerScope":{"containerScope":{"containerScope":{"containerScope":{"containerScope":{"containerScope":{"containerScope":{"containerScope":{"contributions":{},"includedScopes":[]},"contributions":{},"includedScopes":[]},"contributions":{},"includedScopes":[{"contributions":{},"includedScopes":[]},{"contributions":{},"includedScopes":[]},{"contributions":{},"includedScopes":[]}]},"contributions":{},"includedScopes":[{"containerScope":{"containerScope":{"containerScope":{"contributions":{},"includedScopes":[]},"contributions":{},"includedScopes":[]},"contributions":{},"includedScopes":[]},"contributions":{},"includedScopes":[]}]},"contributions":{},"includedScopes":[]},"contributions":{},"includedScopes":[]},"contributions":{},"includedScopes":[]},"contributions":{},"includedScopes":[{"containerScope":{"containerScope":{"containerScope":{"contributions":{},"includedScopes":[]},"contributions":{},"includedScopes":[]},"contributions":{},"includedScopes":[]},"contributions":{},"includedScopes":[{"containerScope":{"containerScope":{"containerScope":{"contributions":{},"includedScopes":[]},"contributions":{},"includedScopes":[]},"contributions":{},"includedScopes":[]},"contributions":{},"includedScopes":[]}]},{"containerScope":{"containerScope":{"containerScope":{"contributions":{},"includedScopes":[]},"contributions":{},"includedScopes":[]},"contributions":{},"includedScopes":[]},"contributions":{},"includedScopes":[]}]},"contributions":{},"includedScopes":[]}}]}],"id":"361092b6-3d5b-4ae9-9156-0cf654659bdc","message":"forEach","metadata":[],"receiver":{"id":"feea48b6-5efc-4cfb-9ac0-2bac3f6d8e5f","metadata":[],"name":"heartVisual","scope":{"containerScope":{"containerScope":{"containerScope":{"containerScope":{"containerScope":{"containerScope":{"containerScope":{"contributions":{},"includedScopes":[]},"contributions":{},"includedScopes":[]},"contributions":{},"includedScopes":[{"contributions":{},"includedScopes":[]},{"contributions":{},"includedScopes":[]},{"contributions":{},"includedScopes":[]}]},"contributions":{},"includedScopes":[{"containerScope":{"containerScope":{"containerScope":{"contributions":{},"includedScopes":[]},"contributions":{},"includedScopes":[]},"contributions":{},"includedScopes":[]},"contributions":{},"includedScopes":[]}]},"contributions":{},"includedScopes":[]},"contributions":{},"includedScopes":[]},"contributions":{},"includedScopes":[]},"contributions":{},"includedScopes":[]},"sourceMap":{"end":{"column":14,"line":118,"offset":2824},"start":{"column":3,"line":118,"offset":2813}}},"scope":{"containerScope":{"containerScope":{"containerScope":{"containerScope":{"containerScope":{"containerScope":{"contributions":{},"includedScopes":[]},"contributions":{},"includedScopes":[]},"contributions":{},"includedScopes":[{"contributions":{},"includedScopes":[]},{"contributions":{},"includedScopes":[]},{"contributions":{},"includedScopes":[]}]},"contributions":{},"includedScopes":[{"containerScope":{"containerScope":{"containerScope":{"contributions":{},"includedScopes":[]},"contributions":{},"includedScopes":[]},"contributions":{},"includedScopes":[]},"contributions":{},"includedScopes":[]}]},"contributions":{},"includedScopes":[]},"contributions":{},"includedScopes":[]},"contributions":{},"includedScopes":[]},"sourceMap":{"end":{"column":59,"line":118,"offset":2869},"start":{"column":3,"line":118,"offset":2813}}},{"args":[],"id":"ed8a93d3-ecbf-4e11-9598-07310d4a7c4d","message":"clear","metadata":[],"receiver":{"id":"b1713748-cb5f-4267-b1af-4c57d1206939","metadata":[],"name":"heartVisual","scope":{"containerScope":{"containerScope":{"containerScope":{"containerScope":{"containerScope":{"containerScope":{"containerScope":{"contributions":{},"includedScopes":[]},"contributions":{},"includedScopes":[]},"contributions":{},"includedScopes":[{"contributions":{},"includedScopes":[]},{"contributions":{},"includedScopes":[]},{"contributions":{},"includedScopes":[]}]},"contributions":{},"includedScopes":[{"containerScope":{"containerScope":{"containerScope":{"contributions":{},"includedScopes":[]},"contributions":{},"includedScopes":[]},"contributions":{},"includedScopes":[]},"contributions":{},"includedScopes":[]}]},"contributions":{},"includedScopes":[]},"contributions":{},"includedScopes":[]},"contributions":{},"includedScopes":[]},"contributions":{},"includedScopes":[]},"sourceMap":{"end":{"column":14,"line":119,"offset":2884},"start":{"column":3,"line":119,"offset":2873}}},"scope":{"containerScope":{"containerScope":{"containerScope":{"containerScope":{"containerScope":{"containerScope":{"contributions":{},"includedScopes":[]},"contributions":{},"includedScopes":[]},"contributions":{},"includedScopes":[{"contributions":{},"includedScopes":[]},{"contributions":{},"includedScopes":[]},{"contributions":{},"includedScopes":[]}]},"contributions":{},"includedScopes":[{"containerScope":{"containerScope":{"containerScope":{"contributions":{},"includedScopes":[]},"contributions":{},"includedScopes":[]},"contributions":{},"includedScopes":[]},"contributions":{},"includedScopes":[]}]},"contributions":{},"includedScopes":[]},"contributions":{},"includedScopes":[]},"contributions":{},"includedScopes":[]},"sourceMap":{"end":{"column":22,"line":119,"offset":2892},"start":{"column":2,"line":119,"offset":2873}}},{"id":"dac126fa-4167-44f4-b2c2-d7457c2b5798","isConstant":false,"metadata":[],"name":"lifePoints","scope":{"containerScope":{"containerScope":{"containerScope":{"containerScope":{"containerScope":{"containerScope":{"contributions":{},"includedScopes":[]},"contributions":{},"includedScopes":[]},"contributions":{},"includedScopes":[{"contributions":{},"includedScopes":[]},{"contributions":{},"includedScopes":[]},{"contributions":{},"includedScopes":[]}]},"contributions":{},"includedScopes":[{"containerScope":{"containerScope":{"containerScope":{"contributions":{},"includedScopes":[]},"contributions":{},"includedScopes":[]},"contributions":{},"includedScopes":[]},"contributions":{},"includedScopes":[]}]},"contributions":{},"includedScopes":[]},"contributions":{},"includedScopes":[]},"contributions":{},"includedScopes":[]},"sourceMap":{"end":{"column":42,"line":121,"offset":2939},"start":{"column":3,"line":121,"offset":2900}},"value":{"args":[],"id":"74417b8b-b933-4724-a14a-269b92d7f4ce","message":"life","metadata":[],"receiver":{"args":[],"id":"6337b284-be23-459f-866e-0f87496d418f","message":"entity","metadata":[],"receiver":{"id":"0be878c3-c009-41a4-892b-87db5f03eb68","metadata":[],"name":"player","scope":{"containerScope":{"containerScope":{"containerScope":{"containerScope":{"containerScope":{"containerScope":{"containerScope":{"containerScope":{"containerScope":{"contributions":{},"includedScopes":[]},"contributions":{},"includedScopes":[]},"contributions":{},"includedScopes":[{"contributions":{},"includedScopes":[]},{"contributions":{},"includedScopes":[]},{"contributions":{},"includedScopes":[]}]},"contributions":{},"includedScopes":[{"containerScope":{"containerScope":{"containerScope":{"contributions":{},"includedScopes":[]},"contributions":{},"includedScopes":[]},"contributions":{},"includedScopes":[]},"contributions":{},"includedScopes":[]}]},"contributions":{},"includedScopes":[]},"contributions":{},"includedScopes":[]},"contributions":{},"includedScopes":[]},"contributions":{},"includedScopes":[]},"contributions":{},"includedScopes":[]},"contributions":{},"includedScopes":[]},"sourceMap":{"end":{"column":26,"line":121,"offset":2923},"start":{"column":20,"line":121,"offset":2917}}},"scope":{"containerScope":{"containerScope":{"containerScope":{"containerScope":{"containerScope":{"containerScope":{"containerScope":{"containerScope":{"contributions":{},"includedScopes":[]},"contributions":{},"includedScopes":[]},"contributions":{},"includedScopes":[{"contributions":{},"includedScopes":[]},{"contributions":{},"includedScopes":[]},{"contributions":{},"includedScopes":[]}]},"contributions":{},"includedScopes":[{"containerScope":{"containerScope":{"containerScope":{"contributions":{},"includedScopes":[]},"contributions":{},"includedScopes":[]},"contributions":{},"includedScopes":[]},"contributions":{},"includedScopes":[]}]},"contributions":{},"includedScopes":[]},"contributions":{},"includedScopes":[]},"contributions":{},"includedScopes":[]},"contributions":{},"includedScopes":[]},"contributions":{},"includedScopes":[]},"sourceMap":{"end":{"column":35,"line":121,"offset":2932},"start":{"column":20,"line":121,"offset":2917}}},"scope":{"containerScope":{"containerScope":{"containerScope":{"containerScope":{"containerScope":{"containerScope":{"containerScope":{"contributions":{},"includedScopes":[]},"contributions":{},"includedScopes":[]},"contributions":{},"includedScopes":[{"contributions":{},"includedScopes":[]},{"contributions":{},"includedScopes":[]},{"contributions":{},"includedScopes":[]}]},"contributions":{},"includedScopes":[{"containerScope":{"containerScope":{"containerScope":{"contributions":{},"includedScopes":[]},"contributions":{},"includedScopes":[]},"contributions":{},"includedScopes":[]},"contributions":{},"includedScopes":[]}]},"contributions":{},"includedScopes":[]},"contributions":{},"includedScopes":[]},"contributions":{},"includedScopes":[]},"contributions":{},"includedScopes":[]},"sourceMap":{"end":{"column":42,"line":121,"offset":2939},"start":{"column":20,"line":121,"offset":2917}}}},{"id":"9a23c9e5-3dab-49dd-aa32-9f17ab7b14b5","isConstant":false,"metadata":[],"name":"imageToUse","scope":{"containerScope":{"containerScope":{"containerScope":{"containerScope":{"containerScope":{"containerScope":{"contributions":{},"includedScopes":[]},"contributions":{},"includedScopes":[]},"contributions":{},"includedScopes":[{"contributions":{},"includedScopes":[]},{"contributions":{},"includedScopes":[]},{"contributions":{},"includedScopes":[]}]},"contributions":{},"includedScopes":[{"containerScope":{"containerScope":{"containerScope":{"contributions":{},"includedScopes":[]},"contributions":{},"includedScopes":[]},"contributions":{},"includedScopes":[]},"contributions":{},"includedScopes":[]}]},"contributions":{},"includedScopes":[]},"contributions":{},"includedScopes":[]},"contributions":{},"includedScopes":[]},"sourceMap":{"end":{"column":24,"line":122,"offset":2964},"start":{"column":3,"line":122,"offset":2943}},"value":{"id":"48412c6e-d9a8-4a1b-8153-2de62736b999","metadata":[],"scope":{"containerScope":{"containerScope":{"containerScope":{"containerScope":{"containerScope":{"containerScope":{"containerScope":{"contributions":{},"includedScopes":[]},"contributions":{},"includedScopes":[]},"contributions":{},"includedScopes":[{"contributions":{},"includedScopes":[]},{"contributions":{},"includedScopes":[]},{"contributions":{},"includedScopes":[]}]},"contributions":{},"includedScopes":[{"containerScope":{"containerScope":{"containerScope":{"contributions":{},"includedScopes":[]},"contributions":{},"includedScopes":[]},"contributions":{},"includedScopes":[]},"contributions":{},"includedScopes":[]}]},"contributions":{},"includedScopes":[]},"contributions":{},"includedScopes":[]},"contributions":{},"includedScopes":[]},"contributions":{},"includedScopes":[]},"sourceMap":{"end":{"column":24,"line":122,"offset":2964},"start":{"column":20,"line":122,"offset":2960}},"value":null}},{"id":"6286b6a1-ad02-48e7-b110-35297286aa48","metadata":[],"scope":{"containerScope":{"containerScope":{"containerScope":{"containerScope":{"containerScope":{"containerScope":{"contributions":{},"includedScopes":[]},"contributions":{},"includedScopes":[]},"contributions":{},"includedScopes":[{"contributions":{},"includedScopes":[]},{"contributions":{},"includedScopes":[]},{"contributions":{},"includedScopes":[]}]},"contributions":{},"includedScopes":[{"containerScope":{"containerScope":{"containerScope":{"contributions":{},"includedScopes":[]},"contributions":{},"includedScopes":[]},"contributions":{},"includedScopes":[]},"contributions":{},"includedScopes":[]}]},"contributions":{},"includedScopes":[]},"contributions":{},"includedScopes":[]},"contributions":{},"includedScopes":[]},"sourceMap":{"end":{"column":26,"line":124,"offset":2995},"start":{"column":3,"line":124,"offset":2972}},"value":{"id":"a99ca5b2-36e9-4da2-a889-d558c08493ff","metadata":[],"name":"heartEmpty","scope":{"containerScope":{"containerScope":{"containerScope":{"containerScope":{"containerScope":{"containerScope":{"containerScope":{"contributions":{},"includedScopes":[]},"contributions":{},"includedScopes":[]},"contributions":{},"includedScopes":[{"contributions":{},"includedScopes":[]},{"contributions":{},"includedScopes":[]},{"contributions":{},"includedScopes":[]}]},"contributions":{},"includedScopes":[{"containerScope":{"containerScope":{"containerScope":{"contributions":{},"includedScopes":[]},"contributions":{},"includedScopes":[]},"contributions":{},"includedScopes":[]},"contributions":{},"includedScopes":[]}]},"contributions":{},"includedScopes":[]},"contributions":{},"includedScopes":[]},"contributions":{},"includedScopes":[]},"contributions":{},"includedScopes":[]},"sourceMap":{"end":{"column":26,"line":124,"offset":2995},"start":{"column":16,"line":124,"offset":2985}}},"variable":{"id":"36b27ec3-9021-420a-a282-169a8111d7ef","metadata":[],"name":"imageToUse","scope":{"containerScope":{"containerScope":{"containerScope":{"containerScope":{"containerScope":{"containerScope":{"containerScope":{"contributions":{},"includedScopes":[]},"contributions":{},"includedScopes":[]},"contributions":{},"includedScopes":[{"contributions":{},"includedScopes":[]},{"contributions":{},"includedScopes":[]},{"contributions":{},"includedScopes":[]}]},"contributions":{},"includedScopes":[{"containerScope":{"containerScope":{"containerScope":{"contributions":{},"includedScopes":[]},"contributions":{},"includedScopes":[]},"contributions":{},"includedScopes":[]},"contributions":{},"includedScopes":[]}]},"contributions":{},"includedScopes":[]},"contributions":{},"includedScopes":[]},"contributions":{},"includedScopes":[]},"contributions":{},"includedScopes":[]},"sourceMap":{"end":{"column":13,"line":124,"offset":2982},"start":{"column":3,"line":124,"offset":2972}}}},{"condition":{"args":[{"id":"9584dd39-ff20-4ce5-a6fc-aa55760d7495","metadata":[],"scope":{"containerScope":{"containerScope":{"containerScope":{"containerScope":{"containerScope":{"containerScope":{"containerScope":{"containerScope":{"contributions":{},"includedScopes":[]},"contributions":{},"includedScopes":[]},"contributions":{},"includedScopes":[{"contributions":{},"includedScopes":[]},{"contributions":{},"includedScopes":[]},{"contributions":{},"includedScopes":[]}]},"contributions":{},"includedScopes":[{"containerScope":{"containerScope":{"containerScope":{"contributions":{},"includedScopes":[]},"contributions":{},"includedScopes":[]},"contributions":{},"includedScopes":[]},"contributions":{},"includedScopes":[]}]},"contributions":{},"includedScopes":[]},"contributions":{},"includedScopes":[]},"contributions":{},"includedScopes":[]},"contributions":{},"includedScopes":[]},"contributions":{},"includedScopes":[]},"sourceMap":{"end":{"column":22,"line":125,"offset":3018},"start":{"column":21,"line":125,"offset":3017}},"value":2}],"id":"4c1bb1c9-edc5-40da-9525-94f8f1ee7898","message":">=","metadata":[],"receiver":{"id":"f8e8b94e-0992-414d-baf7-0df5d4e2555b","metadata":[],"name":"lifePoints","scope":{"containerScope":{"containerScope":{"containerScope":{"containerScope":{"containerScope":{"containerScope":{"containerScope":{"containerScope":{"contributions":{},"includedScopes":[]},"contributions":{},"includedScopes":[]},"contributions":{},"includedScopes":[{"contributions":{},"includedScopes":[]},{"contributions":{},"includedScopes":[]},{"contributions":{},"includedScopes":[]}]},"contributions":{},"includedScopes":[{"containerScope":{"containerScope":{"containerScope":{"contributions":{},"includedScopes":[]},"contributions":{},"includedScopes":[]},"contributions":{},"includedScopes":[]},"contributions":{},"includedScopes":[]}]},"contributions":{},"includedScopes":[]},"contributions":{},"includedScopes":[]},"contributions":{},"includedScopes":[]},"contributions":{},"includedScopes":[]},"contributions":{},"includedScopes":[]},"sourceMap":{"end":{"column":17,"line":125,"offset":3013},"start":{"column":7,"line":125,"offset":3003}}},"scope":{"containerScope":{"containerScope":{"containerScope":{"containerScope":{"containerScope":{"containerScope":{"containerScope":{"contributions":{},"includedScopes":[]},"contributions":{},"includedScopes":[]},"contributions":{},"includedScopes":[{"contributions":{},"includedScopes":[]},{"contributions":{},"includedScopes":[]},{"contributions":{},"includedScopes":[]}]},"contributions":{},"includedScopes":[{"containerScope":{"containerScope":{"containerScope":{"contributions":{},"includedScopes":[]},"contributions":{},"includedScopes":[]},"contributions":{},"includedScopes":[]},"contributions":{},"includedScopes":[]}]},"contributions":{},"includedScopes":[]},"contributions":{},"includedScopes":[]},"contributions":{},"includedScopes":[]},"contributions":{},"includedScopes":[]},"sourceMap":{"end":{"column":22,"line":125,"offset":3018},"start":{"column":7,"line":125,"offset":3003}}},"elseBody":{"id":"6bb8abfb-812d-44c6-b9f1-46e6e9e49754","metadata":[],"scope":{"containerScope":{"containerScope":{"containerScope":{"containerScope":{"containerScope":{"containerScope":{"containerScope":{"contributions":{},"includedScopes":[]},"contributions":{},"includedScopes":[]},"contributions":{},"includedScopes":[{"contributions":{},"includedScopes":[]},{"contributions":{},"includedScopes":[]},{"contributions":{},"includedScopes":[]}]},"contributions":{},"includedScopes":[{"containerScope":{"containerScope":{"containerScope":{"contributions":{},"includedScopes":[]},"contributions":{},"includedScopes":[]},"contributions":{},"includedScopes":[]},"contributions":{},"includedScopes":[]}]},"contributions":{},"includedScopes":[]},"contributions":{},"includedScopes":[]},"contributions":{},"includedScopes":[]},"contributions":{},"includedScopes":[]},"sentences":[{"condition":{"args":[{"id":"b0689ffb-24c9-4108-a368-af3743cd9015","metadata":[],"scope":{"containerScope":{"containerScope":{"containerScope":{"containerScope":{"containerScope":{"containerScope":{"containerScope":{"containerScope":{"containerScope":{"containerScope":{"contributions":{},"includedScopes":[]},"contributions":{},"includedScopes":[]},"contributions":{},"includedScopes":[{"contributions":{},"includedScopes":[]},{"contributions":{},"includedScopes":[]},{"contributions":{},"includedScopes":[]}]},"contributions":{},"includedScopes":[{"containerScope":{"containerScope":{"containerScope":{"contributions":{},"includedScopes":[]},"contributions":{},"includedScopes":[]},"contributions":{},"includedScopes":[]},"contributions":{},"includedScopes":[]}]},"contributions":{},"includedScopes":[]},"contributions":{},"includedScopes":[]},"contributions":{},"includedScopes":[]},"contributions":{},"includedScopes":[]},"contributions":{},"includedScopes":[]},"contributions":{},"includedScopes":[]},"contributions":{},"includedScopes":[]},"sourceMap":{"end":{"column":29,"line":128,"offset":3110},"start":{"column":28,"line":128,"offset":3109}},"value":1}],"id":"9de80ef6-989c-4a73-b48b-ba4b910cb2f8","message":"==","metadata":[],"receiver":{"id":"47a46d93-0739-4ccc-b31c-5d6e4a2853ae","metadata":[],"name":"lifePoints","scope":{"containerScope":{"containerScope":{"containerScope":{"containerScope":{"containerScope":{"containerScope":{"containerScope":{"containerScope":{"containerScope":{"containerScope":{"contributions":{},"includedScopes":[]},"contributions":{},"includedScopes":[]},"contributions":{},"includedScopes":[{"contributions":{},"includedScopes":[]},{"contributions":{},"includedScopes":[]},{"contributions":{},"includedScopes":[]}]},"contributions":{},"includedScopes":[{"containerScope":{"containerScope":{"containerScope":{"contributions":{},"includedScopes":[]},"contributions":{},"includedScopes":[]},"contributions":{},"includedScopes":[]},"contributions":{},"includedScopes":[]}]},"contributions":{},"includedScopes":[]},"contributions":{},"includedScopes":[]},"contributions":{},"includedScopes":[]},"contributions":{},"includedScopes":[]},"contributions":{},"includedScopes":[]},"contributions":{},"includedScopes":[]},"contributions":{},"includedScopes":[]},"sourceMap":{"end":{"column":24,"line":128,"offset":3105},"start":{"column":14,"line":128,"offset":3095}}},"scope":{"containerScope":{"containerScope":{"containerScope":{"containerScope":{"containerScope":{"containerScope":{"containerScope":{"containerScope":{"containerScope":{"contributions":{},"includedScopes":[]},"contributions":{},"includedScopes":[]},"contributions":{},"includedScopes":[{"contributions":{},"includedScopes":[]},{"contributions":{},"includedScopes":[]},{"contributions":{},"includedScopes":[]}]},"contributions":{},"includedScopes":[{"containerScope":{"containerScope":{"containerScope":{"contributions":{},"includedScopes":[]},"contributions":{},"includedScopes":[]},"contributions":{},"includedScopes":[]},"contributions":{},"includedScopes":[]}]},"contributions":{},"includedScopes":[]},"contributions":{},"includedScopes":[]},"contributions":{},"includedScopes":[]},"contributions":{},"includedScopes":[]},"contributions":{},"includedScopes":[]},"contributions":{},"includedScopes":[]},"sourceMap":{"end":{"column":29,"line":128,"offset":3110},"start":{"column":14,"line":128,"offset":3095}}},"elseBody":{"id":"103447a0-7767-40a2-bc1f-4f23f8529121","metadata":[],"scope":{"containerScope":{"containerScope":{"containerScope":{"containerScope":{"containerScope":{"containerScope":{"containerScope":{"containerScope":{"containerScope":{"contributions":{},"includedScopes":[]},"contributions":{},"includedScopes":[]},"contributions":{},"includedScopes":[{"contributions":{},"includedScopes":[]},{"contributions":{},"includedScopes":[]},{"contributions":{},"includedScopes":[]}]},"contributions":{},"includedScopes":[{"containerScope":{"containerScope":{"containerScope":{"contributions":{},"includedScopes":[]},"contributions":{},"includedScopes":[]},"contributions":{},"includedScopes":[]},"contributions":{},"includedScopes":[]}]},"contributions":{},"includedScopes":[]},"contributions":{},"includedScopes":[]},"contributions":{},"includedScopes":[]},"contributions":{},"includedScopes":[]},"contributions":{},"includedScopes":[]},"contributions":{},"includedScopes":[]},"sentences":[]},"id":"9eab85d3-8580-432a-906f-15688b1a6ec2","metadata":[],"scope":{"containerScope":{"containerScope":{"containerScope":{"containerScope":{"containerScope":{"containerScope":{"containerScope":{"containerScope":{"contributions":{},"includedScopes":[]},"contributions":{},"includedScopes":[]},"contributions":{},"includedScopes":[{"contributions":{},"includedScopes":[]},{"contributions":{},"includedScopes":[]},{"contributions":{},"includedScopes":[]}]},"contributions":{},"includedScopes":[{"containerScope":{"containerScope":{"containerScope":{"contributions":{},"includedScopes":[]},"contributions":{},"includedScopes":[]},"contributions":{},"includedScopes":[]},"contributions":{},"includedScopes":[]}]},"contributions":{},"includedScopes":[]},"contributions":{},"includedScopes":[]},"contributions":{},"includedScopes":[]},"contributions":{},"includedScopes":[]},"contributions":{},"includedScopes":[]},"sourceMap":{"end":{"column":4,"line":131,"offset":3177},"start":{"column":10,"line":128,"offset":3091}},"thenBody":{"id":"7faf163c-f3d6-42a6-9610-a009b69deb3d","metadata":[],"problems":[],"scope":{"containerScope":{"containerScope":{"containerScope":{"containerScope":{"containerScope":{"containerScope":{"containerScope":{"containerScope":{"containerScope":{"contributions":{},"includedScopes":[]},"contributions":{},"includedScopes":[]},"contributions":{},"includedScopes":[{"contributions":{},"includedScopes":[]},{"contributions":{},"includedScopes":[]},{"contributions":{},"includedScopes":[]}]},"contributions":{},"includedScopes":[{"containerScope":{"containerScope":{"containerScope":{"contributions":{},"includedScopes":[]},"contributions":{},"includedScopes":[]},"contributions":{},"includedScopes":[]},"contributions":{},"includedScopes":[]}]},"contributions":{},"includedScopes":[]},"contributions":{},"includedScopes":[]},"contributions":{},"includedScopes":[]},"contributions":{},"includedScopes":[]},"contributions":{},"includedScopes":[]},"contributions":{},"includedScopes":[]},"sentences":[{"id":"b8913283-5f06-4cd4-87e6-afbbf0a20d40","metadata":[],"scope":{"containerScope":{"containerScope":{"containerScope":{"containerScope":{"containerScope":{"containerScope":{"containerScope":{"containerScope":{"containerScope":{"containerScope":{"contributions":{},"includedScopes":[]},"contributions":{},"includedScopes":[]},"contributions":{},"includedScopes":[{"contributions":{},"includedScopes":[]},{"contributions":{},"includedScopes":[]},{"contributions":{},"includedScopes":[]}]},"contributions":{},"includedScopes":[{"containerScope":{"containerScope":{"containerScope":{"contributions":{},"includedScopes":[]},"contributions":{},"includedScopes":[]},"contributions":{},"includedScopes":[]},"contributions":{},"includedScopes":[]}]},"contributions":{},"includedScopes":[]},"contributions":{},"includedScopes":[]},"contributions":{},"includedScopes":[]},"contributions":{},"includedScopes":[]},"contributions":{},"includedScopes":[]},"contributions":{},"includedScopes":[]},"contributions":{},"includedScopes":[]},"sourceMap":{"end":{"column":26,"line":129,"offset":3140},"start":{"column":4,"line":129,"offset":3118}},"value":{"id":"b9052fe4-6fdd-4f1b-85e2-eb0c06faa2a1","metadata":[],"name":"heartHalf","scope":{"containerScope":{"containerScope":{"containerScope":{"containerScope":{"containerScope":{"containerScope":{"containerScope":{"containerScope":{"containerScope":{"containerScope":{"containerScope":{"contributions":{},"includedScopes":[]},"contributions":{},"includedScopes":[]},"contributions":{},"includedScopes":[{"contributions":{},"includedScopes":[]},{"contributions":{},"includedScopes":[]},{"contributions":{},"includedScopes":[]}]},"contributions":{},"includedScopes":[{"containerScope":{"containerScope":{"containerScope":{"contributions":{},"includedScopes":[]},"contributions":{},"includedScopes":[]},"contributions":{},"includedScopes":[]},"contributions":{},"includedScopes":[]}]},"contributions":{},"includedScopes":[]},"contributions":{},"includedScopes":[]},"contributions":{},"includedScopes":[]},"contributions":{},"includedScopes":[]},"contributions":{},"includedScopes":[]},"contributions":{},"includedScopes":[]},"contributions":{},"includedScopes":[]},"contributions":{},"includedScopes":[]},"sourceMap":{"end":{"column":26,"line":129,"offset":3140},"start":{"column":17,"line":129,"offset":3131}}},"variable":{"id":"09e612b0-9799-4896-99fc-9fd8e4e30933","metadata":[],"name":"imageToUse","scope":{"containerScope":{"containerScope":{"containerScope":{"containerScope":{"containerScope":{"containerScope":{"containerScope":{"containerScope":{"containerScope":{"containerScope":{"containerScope":{"contributions":{},"includedScopes":[]},"contributions":{},"includedScopes":[]},"contributions":{},"includedScopes":[{"contributions":{},"includedScopes":[]},{"contributions":{},"includedScopes":[]},{"contributions":{},"includedScopes":[]}]},"contributions":{},"includedScopes":[{"containerScope":{"containerScope":{"containerScope":{"contributions":{},"includedScopes":[]},"contributions":{},"includedScopes":[]},"contributions":{},"includedScopes":[]},"contributions":{},"includedScopes":[]}]},"contributions":{},"includedScopes":[]},"contributions":{},"includedScopes":[]},"contributions":{},"includedScopes":[]},"contributions":{},"includedScopes":[]},"contributions":{},"includedScopes":[]},"contributions":{},"includedScopes":[]},"contributions":{},"includedScopes":[]},"contributions":{},"includedScopes":[]},"sourceMap":{"end":{"column":14,"line":129,"offset":3128},"start":{"column":4,"line":129,"offset":3118}}}},{"id":"9866310e-6b58-4911-8e21-93588ae16d62","metadata":[],"scope":{"containerScope":{"containerScope":{"containerScope":{"containerScope":{"containerScope":{"containerScope":{"containerScope":{"containerScope":{"containerScope":{"containerScope":{"contributions":{},"includedScopes":[]},"contributions":{},"includedScopes":[]},"contributions":{},"includedScopes":[{"contributions":{},"includedScopes":[]},{"contributions":{},"includedScopes":[]},{"contributions":{},"includedScopes":[]}]},"contributions":{},"includedScopes":[{"containerScope":{"containerScope":{"containerScope":{"contributions":{},"includedScopes":[]},"contributions":{},"includedScopes":[]},"contributions":{},"includedScopes":[]},"contributions":{},"includedScopes":[]}]},"contributions":{},"includedScopes":[]},"contributions":{},"includedScopes":[]},"contributions":{},"includedScopes":[]},"contributions":{},"includedScopes":[]},"contributions":{},"includedScopes":[]},"contributions":{},"includedScopes":[]},"contributions":{},"includedScopes":[]},"sourceMap":{"end":{"column":31,"line":130,"offset":3172},"start":{"column":4,"line":130,"offset":3145}},"value":{"args":[{"id":"6ac7dade-6e91-4771-8d6d-5b85f7a6ac7b","metadata":[],"scope":{"containerScope":{"containerScope":{"containerScope":{"containerScope":{"containerScope":{"containerScope":{"containerScope":{"containerScope":{"containerScope":{"containerScope":{"containerScope":{"containerScope":{"contributions":{},"includedScopes":[]},"contributions":{},"includedScopes":[]},"contributions":{},"includedScopes":[{"contributions":{},"includedScopes":[]},{"contributions":{},"includedScopes":[]},{"contributions":{},"includedScopes":[]}]},"contributions":{},"includedScopes":[{"containerScope":{"containerScope":{"containerScope":{"contributions":{},"includedScopes":[]},"contributions":{},"includedScopes":[]},"contributions":{},"includedScopes":[]},"contributions":{},"includedScopes":[]}]},"contributions":{},"includedScopes":[]},"contributions":{},"includedScopes":[]},"contributions":{},"includedScopes":[]},"contributions":{},"includedScopes":[]},"contributions":{},"includedScopes":[]},"contributions":{},"includedScopes":[]},"contributions":{},"includedScopes":[]},"contributions":{},"includedScopes":[]},"contributions":{},"includedScopes":[]},"sourceMap":{"end":{"column":31,"line":130,"offset":3172},"start":{"column":30,"line":130,"offset":3171}},"value":1}],"id":"b05456e0-8ade-4862-b8cb-129650b5879e","message":"-","metadata":[],"receiver":{"id":"2c8bea0e-d02e-45b9-966f-4343d8d2f892","metadata":[],"name":"lifePoints","scope":{"containerScope":{"containerScope":{"containerScope":{"containerScope":{"containerScope":{"containerScope":{"containerScope":{"containerScope":{"containerScope":{"containerScope":{"containerScope":{"containerScope":{"contributions":{},"includedScopes":[]},"contributions":{},"includedScopes":[]},"contributions":{},"includedScopes":[{"contributions":{},"includedScopes":[]},{"contributions":{},"includedScopes":[]},{"contributions":{},"includedScopes":[]}]},"contributions":{},"includedScopes":[{"containerScope":{"containerScope":{"containerScope":{"contributions":{},"includedScopes":[]},"contributions":{},"includedScopes":[]},"contributions":{},"includedScopes":[]},"contributions":{},"includedScopes":[]}]},"contributions":{},"includedScopes":[]},"contributions":{},"includedScopes":[]},"contributions":{},"includedScopes":[]},"contributions":{},"includedScopes":[]},"contributions":{},"includedScopes":[]},"contributions":{},"includedScopes":[]},"contributions":{},"includedScopes":[]},"contributions":{},"includedScopes":[]},"contributions":{},"includedScopes":[]},"sourceMap":{"end":{"column":27,"line":130,"offset":3168},"start":{"column":17,"line":130,"offset":3158}}},"scope":{"containerScope":{"containerScope":{"containerScope":{"containerScope":{"containerScope":{"containerScope":{"containerScope":{"containerScope":{"containerScope":{"containerScope":{"containerScope":{"contributions":{},"includedScopes":[]},"contributions":{},"includedScopes":[]},"contributions":{},"includedScopes":[{"contributions":{},"includedScopes":[]},{"contributions":{},"includedScopes":[]},{"contributions":{},"includedScopes":[]}]},"contributions":{},"includedScopes":[{"containerScope":{"containerScope":{"containerScope":{"contributions":{},"includedScopes":[]},"contributions":{},"includedScopes":[]},"contributions":{},"includedScopes":[]},"contributions":{},"includedScopes":[]}]},"contributions":{},"includedScopes":[]},"contributions":{},"includedScopes":[]},"contributions":{},"includedScopes":[]},"contributions":{},"includedScopes":[]},"contributions":{},"includedScopes":[]},"contributions":{},"includedScopes":[]},"contributions":{},"includedScopes":[]},"contributions":{},"includedScopes":[]},"sourceMap":{"end":{"column":31,"line":130,"offset":3172},"start":{"column":17,"line":130,"offset":3158}}},"variable":{"id":"a0531b0e-aebb-41a3-96be-21980e382dba","metadata":[],"name":"lifePoints","scope":{"containerScope":{"containerScope":{"containerScope":{"containerScope":{"containerScope":{"containerScope":{"containerScope":{"containerScope":{"containerScope":{"containerScope":{"containerScope":{"contributions":{},"includedScopes":[]},"contributions":{},"includedScopes":[]},"contributions":{},"includedScopes":[{"contributions":{},"includedScopes":[]},{"contributions":{},"includedScopes":[]},{"contributions":{},"includedScopes":[]}]},"contributions":{},"includedScopes":[{"containerScope":{"containerScope":{"containerScope":{"contributions":{},"includedScopes":[]},"contributions":{},"includedScopes":[]},"contributions":{},"includedScopes":[]},"contributions":{},"includedScopes":[]}]},"contributions":{},"includedScopes":[]},"contributions":{},"includedScopes":[]},"contributions":{},"includedScopes":[]},"contributions":{},"includedScopes":[]},"contributions":{},"includedScopes":[]},"contributions":{},"includedScopes":[]},"contributions":{},"includedScopes":[]},"contributions":{},"includedScopes":[]},"sourceMap":{"end":{"column":14,"line":130,"offset":3155},"start":{"column":4,"line":130,"offset":3145}}}}],"sourceMap":{"end":{"column":4,"line":131,"offset":3177},"start":{"column":31,"line":128,"offset":3112}}}}],"sourceMap":{"end":{"column":4,"line":131,"offset":3177},"start":{"column":10,"line":128,"offset":3091}}},"id":"9b96c0a0-f61d-46a0-97b6-d71f48471093","metadata":[],"scope":{"containerScope":{"containerScope":{"containerScope":{"containerScope":{"containerScope":{"containerScope":{"contributions":{},"includedScopes":[]},"contributions":{},"includedScopes":[]},"contributions":{},"includedScopes":[{"contributions":{},"includedScopes":[]},{"contributions":{},"includedScopes":[]},{"contributions":{},"includedScopes":[]}]},"contributions":{},"includedScopes":[{"containerScope":{"containerScope":{"containerScope":{"contributions":{},"includedScopes":[]},"contributions":{},"includedScopes":[]},"contributions":{},"includedScopes":[]},"contributions":{},"includedScopes":[]}]},"contributions":{},"includedScopes":[]},"contributions":{},"includedScopes":[]},"contributions":{},"includedScopes":[]},"sourceMap":{"end":{"column":4,"line":131,"offset":3177},"start":{"column":3,"line":125,"offset":2999}},"thenBody":{"id":"a380069b-a993-48de-b0d0-0b317aed8add","metadata":[],"problems":[],"scope":{"containerScope":{"containerScope":{"containerScope":{"containerScope":{"containerScope":{"containerScope":{"containerScope":{"contributions":{},"includedScopes":[]},"contributions":{},"includedScopes":[]},"contributions":{},"includedScopes":[{"contributions":{},"includedScopes":[]},{"contributions":{},"includedScopes":[]},{"contributions":{},"includedScopes":[]}]},"contributions":{},"includedScopes":[{"containerScope":{"containerScope":{"containerScope":{"contributions":{},"includedScopes":[]},"contributions":{},"includedScopes":[]},"contributions":{},"includedScopes":[]},"contributions":{},"includedScopes":[]}]},"contributions":{},"includedScopes":[]},"contributions":{},"includedScopes":[]},"contributions":{},"includedScopes":[]},"contributions":{},"includedScopes":[]},"sentences":[{"id":"da758d4f-753b-4cd7-abe1-9e4bdf22ad9a","metadata":[],"scope":{"containerScope":{"containerScope":{"containerScope":{"containerScope":{"containerScope":{"containerScope":{"containerScope":{"containerScope":{"contributions":{},"includedScopes":[]},"contributions":{},"includedScopes":[]},"contributions":{},"includedScopes":[{"contributions":{},"includedScopes":[]},{"contributions":{},"includedScopes":[]},{"contributions":{},"includedScopes":[]}]},"contributions":{},"includedScopes":[{"containerScope":{"containerScope":{"containerScope":{"contributions":{},"includedScopes":[]},"contributions":{},"includedScopes":[]},"contributions":{},"includedScopes":[]},"contributions":{},"includedScopes":[]}]},"contributions":{},"includedScopes":[]},"contributions":{},"includedScopes":[]},"contributions":{},"includedScopes":[]},"contributions":{},"includedScopes":[]},"contributions":{},"includedScopes":[]},"sourceMap":{"end":{"column":26,"line":126,"offset":3048},"start":{"column":4,"line":126,"offset":3026}},"value":{"id":"41e08921-b641-4bce-bef7-e8ba21eb0b04","metadata":[],"name":"heartFull","scope":{"containerScope":{"containerScope":{"containerScope":{"containerScope":{"containerScope":{"containerScope":{"containerScope":{"containerScope":{"containerScope":{"contributions":{},"includedScopes":[]},"contributions":{},"includedScopes":[]},"contributions":{},"includedScopes":[{"contributions":{},"includedScopes":[]},{"contributions":{},"includedScopes":[]},{"contributions":{},"includedScopes":[]}]},"contributions":{},"includedScopes":[{"containerScope":{"containerScope":{"containerScope":{"contributions":{},"includedScopes":[]},"contributions":{},"includedScopes":[]},"contributions":{},"includedScopes":[]},"contributions":{},"includedScopes":[]}]},"contributions":{},"includedScopes":[]},"contributions":{},"includedScopes":[]},"contributions":{},"includedScopes":[]},"contributions":{},"includedScopes":[]},"contributions":{},"includedScopes":[]},"contributions":{},"includedScopes":[]},"sourceMap":{"end":{"column":26,"line":126,"offset":3048},"start":{"column":17,"line":126,"offset":3039}}},"variable":{"id":"c25ed7eb-e4e7-4311-a537-6284ae5f6db7","metadata":[],"name":"imageToUse","scope":{"containerScope":{"containerScope":{"containerScope":{"containerScope":{"containerScope":{"containerScope":{"containerScope":{"containerScope":{"containerScope":{"contributions":{},"includedScopes":[]},"contributions":{},"includedScopes":[]},"contributions":{},"includedScopes":[{"contributions":{},"includedScopes":[]},{"contributions":{},"includedScopes":[]},{"contributions":{},"includedScopes":[]}]},"contributions":{},"includedScopes":[{"containerScope":{"containerScope":{"containerScope":{"contributions":{},"includedScopes":[]},"contributions":{},"includedScopes":[]},"contributions":{},"includedScopes":[]},"contributions":{},"includedScopes":[]}]},"contributions":{},"includedScopes":[]},"contributions":{},"includedScopes":[]},"contributions":{},"includedScopes":[]},"contributions":{},"includedScopes":[]},"contributions":{},"includedScopes":[]},"contributions":{},"includedScopes":[]},"sourceMap":{"end":{"column":14,"line":126,"offset":3036},"start":{"column":4,"line":126,"offset":3026}}}},{"id":"008bc51a-f647-44a3-80fb-79e25253b9fa","metadata":[],"scope":{"containerScope":{"containerScope":{"containerScope":{"containerScope":{"containerScope":{"containerScope":{"containerScope":{"containerScope":{"contributions":{},"includedScopes":[]},"contributions":{},"includedScopes":[]},"contributions":{},"includedScopes":[{"contributions":{},"includedScopes":[]},{"contributions":{},"includedScopes":[]},{"contributions":{},"includedScopes":[]}]},"contributions":{},"includedScopes":[{"containerScope":{"containerScope":{"containerScope":{"contributions":{},"includedScopes":[]},"contributions":{},"includedScopes":[]},"contributions":{},"includedScopes":[]},"contributions":{},"includedScopes":[]}]},"contributions":{},"includedScopes":[]},"contributions":{},"includedScopes":[]},"contributions":{},"includedScopes":[]},"contributions":{},"includedScopes":[]},"contributions":{},"includedScopes":[]},"sourceMap":{"end":{"column":31,"line":127,"offset":3080},"start":{"column":4,"line":127,"offset":3053}},"value":{"args":[{"id":"11a063ee-b5a6-42f2-ac4a-93aba38386b3","metadata":[],"scope":{"containerScope":{"containerScope":{"containerScope":{"containerScope":{"containerScope":{"containerScope":{"containerScope":{"containerScope":{"containerScope":{"containerScope":{"contributions":{},"includedScopes":[]},"contributions":{},"includedScopes":[]},"contributions":{},"includedScopes":[{"contributions":{},"includedScopes":[]},{"contributions":{},"includedScopes":[]},{"contributions":{},"includedScopes":[]}]},"contributions":{},"includedScopes":[{"containerScope":{"containerScope":{"containerScope":{"contributions":{},"includedScopes":[]},"contributions":{},"includedScopes":[]},"contributions":{},"includedScopes":[]},"contributions":{},"includedScopes":[]}]},"contributions":{},"includedScopes":[]},"contributions":{},"includedScopes":[]},"contributions":{},"includedScopes":[]},"contributions":{},"includedScopes":[]},"contributions":{},"includedScopes":[]},"contributions":{},"includedScopes":[]},"contributions":{},"includedScopes":[]},"sourceMap":{"end":{"column":31,"line":127,"offset":3080},"start":{"column":30,"line":127,"offset":3079}},"value":2}],"id":"e2d6d3fa-2873-4462-8462-a3dba170fe77","message":"-","metadata":[],"receiver":{"id":"bb59adeb-8c46-463e-9c63-15d4e972bac3","metadata":[],"name":"lifePoints","scope":{"containerScope":{"containerScope":{"containerScope":{"containerScope":{"containerScope":{"containerScope":{"containerScope":{"containerScope":{"containerScope":{"containerScope":{"contributions":{},"includedScopes":[]},"contributions":{},"includedScopes":[]},"contributions":{},"includedScopes":[{"contributions":{},"includedScopes":[]},{"contributions":{},"includedScopes":[]},{"contributions":{},"includedScopes":[]}]},"contributions":{},"includedScopes":[{"containerScope":{"containerScope":{"containerScope":{"contributions":{},"includedScopes":[]},"contributions":{},"includedScopes":[]},"contributions":{},"includedScopes":[]},"contributions":{},"includedScopes":[]}]},"contributions":{},"includedScopes":[]},"contributions":{},"includedScopes":[]},"contributions":{},"includedScopes":[]},"contributions":{},"includedScopes":[]},"contributions":{},"includedScopes":[]},"contributions":{},"includedScopes":[]},"contributions":{},"includedScopes":[]},"sourceMap":{"end":{"column":27,"line":127,"offset":3076},"start":{"column":17,"line":127,"offset":3066}}},"scope":{"containerScope":{"containerScope":{"containerScope":{"containerScope":{"containerScope":{"containerScope":{"containerScope":{"containerScope":{"containerScope":{"contributions":{},"includedScopes":[]},"contributions":{},"includedScopes":[]},"contributions":{},"includedScopes":[{"contributions":{},"includedScopes":[]},{"contributions":{},"includedScopes":[]},{"contributions":{},"includedScopes":[]}]},"contributions":{},"includedScopes":[{"containerScope":{"containerScope":{"containerScope":{"contributions":{},"includedScopes":[]},"contributions":{},"includedScopes":[]},"contributions":{},"includedScopes":[]},"contributions":{},"includedScopes":[]}]},"contributions":{},"includedScopes":[]},"contributions":{},"includedScopes":[]},"contributions":{},"includedScopes":[]},"contributions":{},"includedScopes":[]},"contributions":{},"includedScopes":[]},"contributions":{},"includedScopes":[]},"sourceMap":{"end":{"column":31,"line":127,"offset":3080},"start":{"column":17,"line":127,"offset":3066}}},"variable":{"id":"38204fdd-4816-4afa-a232-768a021294a5","metadata":[],"name":"lifePoints","scope":{"containerScope":{"containerScope":{"containerScope":{"containerScope":{"containerScope":{"containerScope":{"containerScope":{"containerScope":{"containerScope":{"contributions":{},"includedScopes":[]},"contributions":{},"includedScopes":[]},"contributions":{},"includedScopes":[{"contributions":{},"includedScopes":[]},{"contributions":{},"includedScopes":[]},{"contributions":{},"includedScopes":[]}]},"contributions":{},"includedScopes":[{"containerScope":{"containerScope":{"containerScope":{"contributions":{},"includedScopes":[]},"contributions":{},"includedScopes":[]},"contributions":{},"includedScopes":[]},"contributions":{},"includedScopes":[]}]},"contributions":{},"includedScopes":[]},"contributions":{},"includedScopes":[]},"contributions":{},"includedScopes":[]},"contributions":{},"includedScopes":[]},"contributions":{},"includedScopes":[]},"contributions":{},"includedScopes":[]},"sourceMap":{"end":{"column":14,"line":127,"offset":3063},"start":{"column":4,"line":127,"offset":3053}}}}],"sourceMap":{"end":{"column":4,"line":128,"offset":3085},"start":{"column":24,"line":125,"offset":3020}}}},{"args":[{"id":"72ceb5a6-9a58-4d21-b7f0-8a8fe7904ff8","metadata":[],"name":"imageToUse","scope":{"containerScope":{"containerScope":{"containerScope":{"containerScope":{"containerScope":{"containerScope":{"containerScope":{"contributions":{},"includedScopes":[]},"contributions":{},"includedScopes":[]},"contributions":{},"includedScopes":[{"contributions":{},"includedScopes":[]},{"contributions":{},"includedScopes":[]},{"contributions":{},"includedScopes":[]}]},"contributions":{},"includedScopes":[{"containerScope":{"containerScope":{"containerScope":{"contributions":{},"includedScopes":[]},"contributions":{},"includedScopes":[]},"contributions":{},"includedScopes":[]},"contributions":{},"includedScopes":[]}]},"contributions":{},"includedScopes":[]},"contributions":{},"includedScopes":[]},"contributions":{},"includedScopes":[]},"contributions":{},"includedScopes":[]},"sourceMap":{"end":{"column":34,"line":132,"offset":3212},"start":{"column":24,"line":132,"offset":3202}}},{"id":"1a2a2b62-baee-446e-a393-269b74087920","metadata":[],"scope":{"containerScope":{"containerScope":{"containerScope":{"containerScope":{"containerScope":{"containerScope":{"containerScope":{"contributions":{},"includedScopes":[]},"contributions":{},"includedScopes":[]},"contributions":{},"includedScopes":[{"contributions":{},"includedScopes":[]},{"contributions":{},"includedScopes":[]},{"contributions":{},"includedScopes":[]}]},"contributions":{},"includedScopes":[{"containerScope":{"containerScope":{"containerScope":{"contributions":{},"includedScopes":[]},"contributions":{},"includedScopes":[]},"contributions":{},"includedScopes":[]},"contributions":{},"includedScopes":[]}]},"contributions":{},"includedScopes":[]},"contributions":{},"includedScopes":[]},"contributions":{},"includedScopes":[]},"contributions":{},"includedScopes":[]},"sourceMap":{"end":{"column":37,"line":132,"offset":3215},"start":{"column":36,"line":132,"offset":3214}},"value":0}],"id":"8f7a95e0-1303-4bd5-bb93-4ae9f61ff5db","message":"drawSingleHeart","metadata":[],"receiver":{"id":"739fd690-f8ce-47ee-998e-6d1484662988","metadata":[],"scope":{"containerScope":{"containerScope":{"containerScope":{"containerScope":{"containerScope":{"containerScope":{"containerScope":{"contributions":{},"includedScopes":[]},"contributions":{},"includedScopes":[]},"contributions":{},"includedScopes":[{"contributions":{},"includedScopes":[]},{"contributions":{},"includedScopes":[]},{"contributions":{},"includedScopes":[]}]},"contributions":{},"includedScopes":[{"containerScope":{"containerScope":{"containerScope":{"contributions":{},"includedScopes":[]},"contributions":{},"includedScopes":[]},"contributions":{},"includedScopes":[]},"contributions":{},"includedScopes":[]}]},"contributions":{},"includedScopes":[]},"contributions":{},"includedScopes":[]},"contributions":{},"includedScopes":[]},"contributions":{},"includedScopes":[]},"sourceMap":{"end":{"column":7,"line":132,"offset":3185},"start":{"column":3,"line":132,"offset":3181}}},"scope":{"containerScope":{"containerScope":{"containerScope":{"containerScope":{"containerScope":{"containerScope":{"contributions":{},"includedScopes":[]},"contributions":{},"includedScopes":[]},"contributions":{},"includedScopes":[{"contributions":{},"includedScopes":[]},{"contributions":{},"includedScopes":[]},{"contributions":{},"includedScopes":[]}]},"contributions":{},"includedScopes":[{"containerScope":{"containerScope":{"containerScope":{"contributions":{},"includedScopes":[]},"contributions":{},"includedScopes":[]},"contributions":{},"includedScopes":[]},"contributions":{},"includedScopes":[]}]},"contributions":{},"includedScopes":[]},"contributions":{},"includedScopes":[]},"contributions":{},"includedScopes":[]},"sourceMap":{"end":{"column":38,"line":132,"offset":3216},"start":{"column":2,"line":132,"offset":3181}}},{"id":"d8e16ee6-ef46-4800-93e7-33da8ac1e784","metadata":[],"scope":{"containerScope":{"containerScope":{"containerScope":{"containerScope":{"containerScope":{"containerScope":{"contributions":{},"includedScopes":[]},"contributions":{},"includedScopes":[]},"contributions":{},"includedScopes":[{"contributions":{},"includedScopes":[]},{"contributions":{},"includedScopes":[]},{"contributions":{},"includedScopes":[]}]},"contributions":{},"includedScopes":[{"containerScope":{"containerScope":{"containerScope":{"contributions":{},"includedScopes":[]},"contributions":{},"includedScopes":[]},"contributions":{},"includedScopes":[]},"contributions":{},"includedScopes":[]}]},"contributions":{},"includedScopes":[]},"contributions":{},"includedScopes":[]},"contributions":{},"includedScopes":[]},"sourceMap":{"end":{"column":26,"line":134,"offset":3247},"start":{"column":3,"line":134,"offset":3224}},"value":{"id":"606e9ddd-47e4-4074-ad46-6fc325bd819d","metadata":[],"name":"heartEmpty","scope":{"containerScope":{"containerScope":{"containerScope":{"containerScope":{"containerScope":{"containerScope":{"containerScope":{"contributions":{},"includedScopes":[]},"contributions":{},"includedScopes":[]},"contributions":{},"includedScopes":[{"contributions":{},"includedScopes":[]},{"contributions":{},"includedScopes":[]},{"contributions":{},"includedScopes":[]}]},"contributions":{},"includedScopes":[{"containerScope":{"containerScope":{"containerScope":{"contributions":{},"includedScopes":[]},"contributions":{},"includedScopes":[]},"contributions":{},"includedScopes":[]},"contributions":{},"includedScopes":[]}]},"contributions":{},"includedScopes":[]},"contributions":{},"includedScopes":[]},"contributions":{},"includedScopes":[]},"contributions":{},"includedScopes":[]},"sourceMap":{"end":{"column":26,"line":134,"offset":3247},"start":{"column":16,"line":134,"offset":3237}}},"variable":{"id":"edc76325-6fa9-4eaa-8cdc-e96cd8da496f","metadata":[],"name":"imageToUse","scope":{"containerScope":{"containerScope":{"containerScope":{"containerScope":{"containerScope":{"containerScope":{"containerScope":{"contributions":{},"includedScopes":[]},"contributions":{},"includedScopes":[]},"contributions":{},"includedScopes":[{"contributions":{},"includedScopes":[]},{"contributions":{},"includedScopes":[]},{"contributions":{},"includedScopes":[]}]},"contributions":{},"includedScopes":[{"containerScope":{"containerScope":{"containerScope":{"contributions":{},"includedScopes":[]},"contributions":{},"includedScopes":[]},"contributions":{},"includedScopes":[]},"contributions":{},"includedScopes":[]}]},"contributions":{},"includedScopes":[]},"contributions":{},"includedScopes":[]},"contributions":{},"includedScopes":[]},"contributions":{},"includedScopes":[]},"sourceMap":{"end":{"column":13,"line":134,"offset":3234},"start":{"column":3,"line":134,"offset":3224}}}},{"condition":{"args":[{"id":"26a35a6e-ff2c-4507-bc1c-a570bfaf32c5","metadata":[],"scope":{"containerScope":{"containerScope":{"containerScope":{"containerScope":{"containerScope":{"containerScope":{"containerScope":{"containerScope":{"contributions":{},"includedScopes":[]},"contributions":{},"includedScopes":[]},"contributions":{},"includedScopes":[{"contributions":{},"includedScopes":[]},{"contributions":{},"includedScopes":[]},{"contributions":{},"includedScopes":[]}]},"contributions":{},"includedScopes":[{"containerScope":{"containerScope":{"containerScope":{"contributions":{},"includedScopes":[]},"contributions":{},"includedScopes":[]},"contributions":{},"includedScopes":[]},"contributions":{},"includedScopes":[]}]},"contributions":{},"includedScopes":[]},"contributions":{},"includedScopes":[]},"contributions":{},"includedScopes":[]},"contributions":{},"includedScopes":[]},"contributions":{},"includedScopes":[]},"sourceMap":{"end":{"column":22,"line":135,"offset":3270},"start":{"column":21,"line":135,"offset":3269}},"value":2}],"id":"066dc94a-4fa7-4a8a-86ef-49c2152890d6","message":">=","metadata":[],"receiver":{"id":"44d3d4b0-759e-49d7-bfec-23de087ffe74","metadata":[],"name":"lifePoints","scope":{"containerScope":{"containerScope":{"containerScope":{"containerScope":{"containerScope":{"containerScope":{"containerScope":{"containerScope":{"contributions":{},"includedScopes":[]},"contributions":{},"includedScopes":[]},"contributions":{},"includedScopes":[{"contributions":{},"includedScopes":[]},{"contributions":{},"includedScopes":[]},{"contributions":{},"includedScopes":[]}]},"contributions":{},"includedScopes":[{"containerScope":{"containerScope":{"containerScope":{"contributions":{},"includedScopes":[]},"contributions":{},"includedScopes":[]},"contributions":{},"includedScopes":[]},"contributions":{},"includedScopes":[]}]},"contributions":{},"includedScopes":[]},"contributions":{},"includedScopes":[]},"contributions":{},"includedScopes":[]},"contributions":{},"includedScopes":[]},"contributions":{},"includedScopes":[]},"sourceMap":{"end":{"column":17,"line":135,"offset":3265},"start":{"column":7,"line":135,"offset":3255}}},"scope":{"containerScope":{"containerScope":{"containerScope":{"containerScope":{"containerScope":{"containerScope":{"containerScope":{"contributions":{},"includedScopes":[]},"contributions":{},"includedScopes":[]},"contributions":{},"includedScopes":[{"contributions":{},"includedScopes":[]},{"contributions":{},"includedScopes":[]},{"contributions":{},"includedScopes":[]}]},"contributions":{},"includedScopes":[{"containerScope":{"containerScope":{"containerScope":{"contributions":{},"includedScopes":[]},"contributions":{},"includedScopes":[]},"contributions":{},"includedScopes":[]},"contributions":{},"includedScopes":[]}]},"contributions":{},"includedScopes":[]},"contributions":{},"includedScopes":[]},"contributions":{},"includedScopes":[]},"contributions":{},"includedScopes":[]},"sourceMap":{"end":{"column":22,"line":135,"offset":3270},"start":{"column":7,"line":135,"offset":3255}}},"elseBody":{"id":"86423a3c-a19b-4ff1-a240-44c3b415ed21","metadata":[],"scope":{"containerScope":{"containerScope":{"containerScope":{"containerScope":{"containerScope":{"containerScope":{"containerScope":{"contributions":{},"includedScopes":[]},"contributions":{},"includedScopes":[]},"contributions":{},"includedScopes":[{"contributions":{},"includedScopes":[]},{"contributions":{},"includedScopes":[]},{"contributions":{},"includedScopes":[]}]},"contributions":{},"includedScopes":[{"containerScope":{"containerScope":{"containerScope":{"contributions":{},"includedScopes":[]},"contributions":{},"includedScopes":[]},"contributions":{},"includedScopes":[]},"contributions":{},"includedScopes":[]}]},"contributions":{},"includedScopes":[]},"contributions":{},"includedScopes":[]},"contributions":{},"includedScopes":[]},"contributions":{},"includedScopes":[]},"sentences":[{"condition":{"args":[{"id":"52306910-bd8c-4ea4-ba37-b20917907617","metadata":[],"scope":{"containerScope":{"containerScope":{"containerScope":{"containerScope":{"containerScope":{"containerScope":{"containerScope":{"containerScope":{"containerScope":{"containerScope":{"contributions":{},"includedScopes":[]},"contributions":{},"includedScopes":[]},"contributions":{},"includedScopes":[{"contributions":{},"includedScopes":[]},{"contributions":{},"includedScopes":[]},{"contributions":{},"includedScopes":[]}]},"contributions":{},"includedScopes":[{"containerScope":{"containerScope":{"containerScope":{"contributions":{},"includedScopes":[]},"contributions":{},"includedScopes":[]},"contributions":{},"includedScopes":[]},"contributions":{},"includedScopes":[]}]},"contributions":{},"includedScopes":[]},"contributions":{},"includedScopes":[]},"contributions":{},"includedScopes":[]},"contributions":{},"includedScopes":[]},"contributions":{},"includedScopes":[]},"contributions":{},"includedScopes":[]},"contributions":{},"includedScopes":[]},"sourceMap":{"end":{"column":29,"line":138,"offset":3362},"start":{"column":28,"line":138,"offset":3361}},"value":1}],"id":"99b6ff36-520f-4bc1-8cf1-c75b3b6cb3ca","message":"==","metadata":[],"receiver":{"id":"a70337f0-3d3e-4253-ac64-735a61d28fee","metadata":[],"name":"lifePoints","scope":{"containerScope":{"containerScope":{"containerScope":{"containerScope":{"containerScope":{"containerScope":{"containerScope":{"containerScope":{"containerScope":{"containerScope":{"contributions":{},"includedScopes":[]},"contributions":{},"includedScopes":[]},"contributions":{},"includedScopes":[{"contributions":{},"includedScopes":[]},{"contributions":{},"includedScopes":[]},{"contributions":{},"includedScopes":[]}]},"contributions":{},"includedScopes":[{"containerScope":{"containerScope":{"containerScope":{"contributions":{},"includedScopes":[]},"contributions":{},"includedScopes":[]},"contributions":{},"includedScopes":[]},"contributions":{},"includedScopes":[]}]},"contributions":{},"includedScopes":[]},"contributions":{},"includedScopes":[]},"contributions":{},"includedScopes":[]},"contributions":{},"includedScopes":[]},"contributions":{},"includedScopes":[]},"contributions":{},"includedScopes":[]},"contributions":{},"includedScopes":[]},"sourceMap":{"end":{"column":24,"line":138,"offset":3357},"start":{"column":14,"line":138,"offset":3347}}},"scope":{"containerScope":{"containerScope":{"containerScope":{"containerScope":{"containerScope":{"containerScope":{"containerScope":{"containerScope":{"containerScope":{"contributions":{},"includedScopes":[]},"contributions":{},"includedScopes":[]},"contributions":{},"includedScopes":[{"contributions":{},"includedScopes":[]},{"contributions":{},"includedScopes":[]},{"contributions":{},"includedScopes":[]}]},"contributions":{},"includedScopes":[{"containerScope":{"containerScope":{"containerScope":{"contributions":{},"includedScopes":[]},"contributions":{},"includedScopes":[]},"contributions":{},"includedScopes":[]},"contributions":{},"includedScopes":[]}]},"contributions":{},"includedScopes":[]},"contributions":{},"includedScopes":[]},"contributions":{},"includedScopes":[]},"contributions":{},"includedScopes":[]},"contributions":{},"includedScopes":[]},"contributions":{},"includedScopes":[]},"sourceMap":{"end":{"column":29,"line":138,"offset":3362},"start":{"column":14,"line":138,"offset":3347}}},"elseBody":{"id":"408f0982-1f2a-403a-871f-d3c85de1462b","metadata":[],"scope":{"containerScope":{"containerScope":{"containerScope":{"containerScope":{"containerScope":{"containerScope":{"containerScope":{"containerScope":{"containerScope":{"contributions":{},"includedScopes":[]},"contributions":{},"includedScopes":[]},"contributions":{},"includedScopes":[{"contributions":{},"includedScopes":[]},{"contributions":{},"includedScopes":[]},{"contributions":{},"includedScopes":[]}]},"contributions":{},"includedScopes":[{"containerScope":{"containerScope":{"containerScope":{"contributions":{},"includedScopes":[]},"contributions":{},"includedScopes":[]},"contributions":{},"includedScopes":[]},"contributions":{},"includedScopes":[]}]},"contributions":{},"includedScopes":[]},"contributions":{},"includedScopes":[]},"contributions":{},"includedScopes":[]},"contributions":{},"includedScopes":[]},"contributions":{},"includedScopes":[]},"contributions":{},"includedScopes":[]},"sentences":[]},"id":"f63524c9-73bd-4e36-a4d8-0499061a544b","metadata":[],"scope":{"containerScope":{"containerScope":{"containerScope":{"containerScope":{"containerScope":{"containerScope":{"containerScope":{"containerScope":{"contributions":{},"includedScopes":[]},"contributions":{},"includedScopes":[]},"contributions":{},"includedScopes":[{"contributions":{},"includedScopes":[]},{"contributions":{},"includedScopes":[]},{"contributions":{},"includedScopes":[]}]},"contributions":{},"includedScopes":[{"containerScope":{"containerScope":{"containerScope":{"contributions":{},"includedScopes":[]},"contributions":{},"includedScopes":[]},"contributions":{},"includedScopes":[]},"contributions":{},"includedScopes":[]}]},"contributions":{},"includedScopes":[]},"contributions":{},"includedScopes":[]},"contributions":{},"includedScopes":[]},"contributions":{},"includedScopes":[]},"contributions":{},"includedScopes":[]},"sourceMap":{"end":{"column":4,"line":141,"offset":3429},"start":{"column":10,"line":138,"offset":3343}},"thenBody":{"id":"1dc4c0a6-1fc4-4dcc-81c6-0bb9097190c6","metadata":[],"problems":[],"scope":{"containerScope":{"containerScope":{"containerScope":{"containerScope":{"containerScope":{"containerScope":{"containerScope":{"containerScope":{"containerScope":{"contributions":{},"includedScopes":[]},"contributions":{},"includedScopes":[]},"contributions":{},"includedScopes":[{"contributions":{},"includedScopes":[]},{"contributions":{},"includedScopes":[]},{"contributions":{},"includedScopes":[]}]},"contributions":{},"includedScopes":[{"containerScope":{"containerScope":{"containerScope":{"contributions":{},"includedScopes":[]},"contributions":{},"includedScopes":[]},"contributions":{},"includedScopes":[]},"contributions":{},"includedScopes":[]}]},"contributions":{},"includedScopes":[]},"contributions":{},"includedScopes":[]},"contributions":{},"includedScopes":[]},"contributions":{},"includedScopes":[]},"contributions":{},"includedScopes":[]},"contributions":{},"includedScopes":[]},"sentences":[{"id":"5f2eab29-4f6b-43c8-bffd-c021a3eb2b05","metadata":[],"scope":{"containerScope":{"containerScope":{"containerScope":{"containerScope":{"containerScope":{"containerScope":{"containerScope":{"containerScope":{"containerScope":{"containerScope":{"contributions":{},"includedScopes":[]},"contributions":{},"includedScopes":[]},"contributions":{},"includedScopes":[{"contributions":{},"includedScopes":[]},{"contributions":{},"includedScopes":[]},{"contributions":{},"includedScopes":[]}]},"contributions":{},"includedScopes":[{"containerScope":{"containerScope":{"containerScope":{"contributions":{},"includedScopes":[]},"contributions":{},"includedScopes":[]},"contributions":{},"includedScopes":[]},"contributions":{},"includedScopes":[]}]},"contributions":{},"includedScopes":[]},"contributions":{},"includedScopes":[]},"contributions":{},"includedScopes":[]},"contributions":{},"includedScopes":[]},"contributions":{},"includedScopes":[]},"contributions":{},"includedScopes":[]},"contributions":{},"includedScopes":[]},"sourceMap":{"end":{"column":26,"line":139,"offset":3392},"start":{"column":4,"line":139,"offset":3370}},"value":{"id":"e14ba40b-2229-4521-9598-72b55fbca874","metadata":[],"name":"heartHalf","scope":{"containerScope":{"containerScope":{"containerScope":{"containerScope":{"containerScope":{"containerScope":{"containerScope":{"containerScope":{"containerScope":{"containerScope":{"containerScope":{"contributions":{},"includedScopes":[]},"contributions":{},"includedScopes":[]},"contributions":{},"includedScopes":[{"contributions":{},"includedScopes":[]},{"contributions":{},"includedScopes":[]},{"contributions":{},"includedScopes":[]}]},"contributions":{},"includedScopes":[{"containerScope":{"containerScope":{"containerScope":{"contributions":{},"includedScopes":[]},"contributions":{},"includedScopes":[]},"contributions":{},"includedScopes":[]},"contributions":{},"includedScopes":[]}]},"contributions":{},"includedScopes":[]},"contributions":{},"includedScopes":[]},"contributions":{},"includedScopes":[]},"contributions":{},"includedScopes":[]},"contributions":{},"includedScopes":[]},"contributions":{},"includedScopes":[]},"contributions":{},"includedScopes":[]},"contributions":{},"includedScopes":[]},"sourceMap":{"end":{"column":26,"line":139,"offset":3392},"start":{"column":17,"line":139,"offset":3383}}},"variable":{"id":"bed82bcf-b278-4547-916b-1fa143d1e05e","metadata":[],"name":"imageToUse","scope":{"containerScope":{"containerScope":{"containerScope":{"containerScope":{"containerScope":{"containerScope":{"containerScope":{"containerScope":{"containerScope":{"containerScope":{"containerScope":{"contributions":{},"includedScopes":[]},"contributions":{},"includedScopes":[]},"contributions":{},"includedScopes":[{"contributions":{},"includedScopes":[]},{"contributions":{},"includedScopes":[]},{"contributions":{},"includedScopes":[]}]},"contributions":{},"includedScopes":[{"containerScope":{"containerScope":{"containerScope":{"contributions":{},"includedScopes":[]},"contributions":{},"includedScopes":[]},"contributions":{},"includedScopes":[]},"contributions":{},"includedScopes":[]}]},"contributions":{},"includedScopes":[]},"contributions":{},"includedScopes":[]},"contributions":{},"includedScopes":[]},"contributions":{},"includedScopes":[]},"contributions":{},"includedScopes":[]},"contributions":{},"includedScopes":[]},"contributions":{},"includedScopes":[]},"contributions":{},"includedScopes":[]},"sourceMap":{"end":{"column":14,"line":139,"offset":3380},"start":{"column":4,"line":139,"offset":3370}}}},{"id":"ff08f205-93a1-4a30-ae31-e2b7d2263b7e","metadata":[],"scope":{"containerScope":{"containerScope":{"containerScope":{"containerScope":{"containerScope":{"containerScope":{"containerScope":{"containerScope":{"containerScope":{"containerScope":{"contributions":{},"includedScopes":[]},"contributions":{},"includedScopes":[]},"contributions":{},"includedScopes":[{"contributions":{},"includedScopes":[]},{"contributions":{},"includedScopes":[]},{"contributions":{},"includedScopes":[]}]},"contributions":{},"includedScopes":[{"containerScope":{"containerScope":{"containerScope":{"contributions":{},"includedScopes":[]},"contributions":{},"includedScopes":[]},"contributions":{},"includedScopes":[]},"contributions":{},"includedScopes":[]}]},"contributions":{},"includedScopes":[]},"contributions":{},"includedScopes":[]},"contributions":{},"includedScopes":[]},"contributions":{},"includedScopes":[]},"contributions":{},"includedScopes":[]},"contributions":{},"includedScopes":[]},"contributions":{},"includedScopes":[]},"sourceMap":{"end":{"column":31,"line":140,"offset":3424},"start":{"column":4,"line":140,"offset":3397}},"value":{"args":[{"id":"5614b8e6-e698-4094-b9e6-e14a7bf018d7","metadata":[],"scope":{"containerScope":{"containerScope":{"containerScope":{"containerScope":{"containerScope":{"containerScope":{"containerScope":{"containerScope":{"containerScope":{"containerScope":{"containerScope":{"containerScope":{"contributions":{},"includedScopes":[]},"contributions":{},"includedScopes":[]},"contributions":{},"includedScopes":[{"contributions":{},"includedScopes":[]},{"contributions":{},"includedScopes":[]},{"contributions":{},"includedScopes":[]}]},"contributions":{},"includedScopes":[{"containerScope":{"containerScope":{"containerScope":{"contributions":{},"includedScopes":[]},"contributions":{},"includedScopes":[]},"contributions":{},"includedScopes":[]},"contributions":{},"includedScopes":[]}]},"contributions":{},"includedScopes":[]},"contributions":{},"includedScopes":[]},"contributions":{},"includedScopes":[]},"contributions":{},"includedScopes":[]},"contributions":{},"includedScopes":[]},"contributions":{},"includedScopes":[]},"contributions":{},"includedScopes":[]},"contributions":{},"includedScopes":[]},"contributions":{},"includedScopes":[]},"sourceMap":{"end":{"column":31,"line":140,"offset":3424},"start":{"column":30,"line":140,"offset":3423}},"value":1}],"id":"39c0166d-c8cd-4aaa-99c0-ff91da41b2b1","message":"-","metadata":[],"receiver":{"id":"bf83a6e4-831f-44ba-a42a-1486857cbcbd","metadata":[],"name":"lifePoints","scope":{"containerScope":{"containerScope":{"containerScope":{"containerScope":{"containerScope":{"containerScope":{"containerScope":{"containerScope":{"containerScope":{"containerScope":{"containerScope":{"containerScope":{"contributions":{},"includedScopes":[]},"contributions":{},"includedScopes":[]},"contributions":{},"includedScopes":[{"contributions":{},"includedScopes":[]},{"contributions":{},"includedScopes":[]},{"contributions":{},"includedScopes":[]}]},"contributions":{},"includedScopes":[{"containerScope":{"containerScope":{"containerScope":{"contributions":{},"includedScopes":[]},"contributions":{},"includedScopes":[]},"contributions":{},"includedScopes":[]},"contributions":{},"includedScopes":[]}]},"contributions":{},"includedScopes":[]},"contributions":{},"includedScopes":[]},"contributions":{},"includedScopes":[]},"contributions":{},"includedScopes":[]},"contributions":{},"includedScopes":[]},"contributions":{},"includedScopes":[]},"contributions":{},"includedScopes":[]},"contributions":{},"includedScopes":[]},"contributions":{},"includedScopes":[]},"sourceMap":{"end":{"column":27,"line":140,"offset":3420},"start":{"column":17,"line":140,"offset":3410}}},"scope":{"containerScope":{"containerScope":{"containerScope":{"containerScope":{"containerScope":{"containerScope":{"containerScope":{"containerScope":{"containerScope":{"containerScope":{"containerScope":{"contributions":{},"includedScopes":[]},"contributions":{},"includedScopes":[]},"contributions":{},"includedScopes":[{"contributions":{},"includedScopes":[]},{"contributions":{},"includedScopes":[]},{"contributions":{},"includedScopes":[]}]},"contributions":{},"includedScopes":[{"containerScope":{"containerScope":{"containerScope":{"contributions":{},"includedScopes":[]},"contributions":{},"includedScopes":[]},"contributions":{},"includedScopes":[]},"contributions":{},"includedScopes":[]}]},"contributions":{},"includedScopes":[]},"contributions":{},"includedScopes":[]},"contributions":{},"includedScopes":[]},"contributions":{},"includedScopes":[]},"contributions":{},"includedScopes":[]},"contributions":{},"includedScopes":[]},"contributions":{},"includedScopes":[]},"contributions":{},"includedScopes":[]},"sourceMap":{"end":{"column":31,"line":140,"offset":3424},"start":{"column":17,"line":140,"offset":3410}}},"variable":{"id":"400ab71a-2041-4908-8b98-38e6a385392f","metadata":[],"name":"lifePoints","scope":{"containerScope":{"containerScope":{"containerScope":{"containerScope":{"containerScope":{"containerScope":{"containerScope":{"containerScope":{"containerScope":{"containerScope":{"containerScope":{"contributions":{},"includedScopes":[]},"contributions":{},"includedScopes":[]},"contributions":{},"includedScopes":[{"contributions":{},"includedScopes":[]},{"contributions":{},"includedScopes":[]},{"contributions":{},"includedScopes":[]}]},"contributions":{},"includedScopes":[{"containerScope":{"containerScope":{"containerScope":{"contributions":{},"includedScopes":[]},"contributions":{},"includedScopes":[]},"contributions":{},"includedScopes":[]},"contributions":{},"includedScopes":[]}]},"contributions":{},"includedScopes":[]},"contributions":{},"includedScopes":[]},"contributions":{},"includedScopes":[]},"contributions":{},"includedScopes":[]},"contributions":{},"includedScopes":[]},"contributions":{},"includedScopes":[]},"contributions":{},"includedScopes":[]},"contributions":{},"includedScopes":[]},"sourceMap":{"end":{"column":14,"line":140,"offset":3407},"start":{"column":4,"line":140,"offset":3397}}}}],"sourceMap":{"end":{"column":4,"line":141,"offset":3429},"start":{"column":31,"line":138,"offset":3364}}}}],"sourceMap":{"end":{"column":4,"line":141,"offset":3429},"start":{"column":10,"line":138,"offset":3343}}},"id":"f3342fbd-e042-4d17-8877-ff6c459bdcbc","metadata":[],"scope":{"containerScope":{"containerScope":{"containerScope":{"containerScope":{"containerScope":{"containerScope":{"contributions":{},"includedScopes":[]},"contributions":{},"includedScopes":[]},"contributions":{},"includedScopes":[{"contributions":{},"includedScopes":[]},{"contributions":{},"includedScopes":[]},{"contributions":{},"includedScopes":[]}]},"contributions":{},"includedScopes":[{"containerScope":{"containerScope":{"containerScope":{"contributions":{},"includedScopes":[]},"contributions":{},"includedScopes":[]},"contributions":{},"includedScopes":[]},"contributions":{},"includedScopes":[]}]},"contributions":{},"includedScopes":[]},"contributions":{},"includedScopes":[]},"contributions":{},"includedScopes":[]},"sourceMap":{"end":{"column":4,"line":141,"offset":3429},"start":{"column":3,"line":135,"offset":3251}},"thenBody":{"id":"2ffe27b6-4f37-469e-a1ef-8d9b0ffd28b4","metadata":[],"problems":[],"scope":{"containerScope":{"containerScope":{"containerScope":{"containerScope":{"containerScope":{"containerScope":{"containerScope":{"contributions":{},"includedScopes":[]},"contributions":{},"includedScopes":[]},"contributions":{},"includedScopes":[{"contributions":{},"includedScopes":[]},{"contributions":{},"includedScopes":[]},{"contributions":{},"includedScopes":[]}]},"contributions":{},"includedScopes":[{"containerScope":{"containerScope":{"containerScope":{"contributions":{},"includedScopes":[]},"contributions":{},"includedScopes":[]},"contributions":{},"includedScopes":[]},"contributions":{},"includedScopes":[]}]},"contributions":{},"includedScopes":[]},"contributions":{},"includedScopes":[]},"contributions":{},"includedScopes":[]},"contributions":{},"includedScopes":[]},"sentences":[{"id":"0d974a46-d54a-4faa-8282-c9790613a287","metadata":[],"scope":{"containerScope":{"containerScope":{"containerScope":{"containerScope":{"containerScope":{"containerScope":{"containerScope":{"containerScope":{"contributions":{},"includedScopes":[]},"contributions":{},"includedScopes":[]},"contributions":{},"includedScopes":[{"contributions":{},"includedScopes":[]},{"contributions":{},"includedScopes":[]},{"contributions":{},"includedScopes":[]}]},"contributions":{},"includedScopes":[{"containerScope":{"containerScope":{"containerScope":{"contributions":{},"includedScopes":[]},"contributions":{},"includedScopes":[]},"contributions":{},"includedScopes":[]},"contributions":{},"includedScopes":[]}]},"contributions":{},"includedScopes":[]},"contributions":{},"includedScopes":[]},"contributions":{},"includedScopes":[]},"contributions":{},"includedScopes":[]},"contributions":{},"includedScopes":[]},"sourceMap":{"end":{"column":26,"line":136,"offset":3300},"start":{"column":4,"line":136,"offset":3278}},"value":{"id":"e1c72f43-9418-494e-a3ae-1ddcfdf8d55a","metadata":[],"name":"heartFull","scope":{"containerScope":{"containerScope":{"containerScope":{"containerScope":{"containerScope":{"containerScope":{"containerScope":{"containerScope":{"containerScope":{"contributions":{},"includedScopes":[]},"contributions":{},"includedScopes":[]},"contributions":{},"includedScopes":[{"contributions":{},"includedScopes":[]},{"contributions":{},"includedScopes":[]},{"contributions":{},"includedScopes":[]}]},"contributions":{},"includedScopes":[{"containerScope":{"containerScope":{"containerScope":{"contributions":{},"includedScopes":[]},"contributions":{},"includedScopes":[]},"contributions":{},"includedScopes":[]},"contributions":{},"includedScopes":[]}]},"contributions":{},"includedScopes":[]},"contributions":{},"includedScopes":[]},"contributions":{},"includedScopes":[]},"contributions":{},"includedScopes":[]},"contributions":{},"includedScopes":[]},"contributions":{},"includedScopes":[]},"sourceMap":{"end":{"column":26,"line":136,"offset":3300},"start":{"column":17,"line":136,"offset":3291}}},"variable":{"id":"0d909da0-51a3-48c4-9f28-4dd9addcc643","metadata":[],"name":"imageToUse","scope":{"containerScope":{"containerScope":{"containerScope":{"containerScope":{"containerScope":{"containerScope":{"containerScope":{"containerScope":{"containerScope":{"contributions":{},"includedScopes":[]},"contributions":{},"includedScopes":[]},"contributions":{},"includedScopes":[{"contributions":{},"includedScopes":[]},{"contributions":{},"includedScopes":[]},{"contributions":{},"includedScopes":[]}]},"contributions":{},"includedScopes":[{"containerScope":{"containerScope":{"containerScope":{"contributions":{},"includedScopes":[]},"contributions":{},"includedScopes":[]},"contributions":{},"includedScopes":[]},"contributions":{},"includedScopes":[]}]},"contributions":{},"includedScopes":[]},"contributions":{},"includedScopes":[]},"contributions":{},"includedScopes":[]},"contributions":{},"includedScopes":[]},"contributions":{},"includedScopes":[]},"contributions":{},"includedScopes":[]},"sourceMap":{"end":{"column":14,"line":136,"offset":3288},"start":{"column":4,"line":136,"offset":3278}}}},{"id":"5d21ff90-4a4f-4a59-b7d0-be9fd52c5e3c","metadata":[],"scope":{"containerScope":{"containerScope":{"containerScope":{"containerScope":{"containerScope":{"containerScope":{"containerScope":{"containerScope":{"contributions":{},"includedScopes":[]},"contributions":{},"includedScopes":[]},"contributions":{},"includedScopes":[{"contributions":{},"includedScopes":[]},{"contributions":{},"includedScopes":[]},{"contributions":{},"includedScopes":[]}]},"contributions":{},"includedScopes":[{"containerScope":{"containerScope":{"containerScope":{"contributions":{},"includedScopes":[]},"contributions":{},"includedScopes":[]},"contributions":{},"includedScopes":[]},"contributions":{},"includedScopes":[]}]},"contributions":{},"includedScopes":[]},"contributions":{},"includedScopes":[]},"contributions":{},"includedScopes":[]},"contributions":{},"includedScopes":[]},"contributions":{},"includedScopes":[]},"sourceMap":{"end":{"column":31,"line":137,"offset":3332},"start":{"column":4,"line":137,"offset":3305}},"value":{"args":[{"id":"fb02b903-e39d-4e59-a9d6-381a1c677573","metadata":[],"scope":{"containerScope":{"containerScope":{"containerScope":{"containerScope":{"containerScope":{"containerScope":{"containerScope":{"containerScope":{"containerScope":{"containerScope":{"contributions":{},"includedScopes":[]},"contributions":{},"includedScopes":[]},"contributions":{},"includedScopes":[{"contributions":{},"includedScopes":[]},{"contributions":{},"includedScopes":[]},{"contributions":{},"includedScopes":[]}]},"contributions":{},"includedScopes":[{"containerScope":{"containerScope":{"containerScope":{"contributions":{},"includedScopes":[]},"contributions":{},"includedScopes":[]},"contributions":{},"includedScopes":[]},"contributions":{},"includedScopes":[]}]},"contributions":{},"includedScopes":[]},"contributions":{},"includedScopes":[]},"contributions":{},"includedScopes":[]},"contributions":{},"includedScopes":[]},"contributions":{},"includedScopes":[]},"contributions":{},"includedScopes":[]},"contributions":{},"includedScopes":[]},"sourceMap":{"end":{"column":31,"line":137,"offset":3332},"start":{"column":30,"line":137,"offset":3331}},"value":2}],"id":"824287c9-9976-4514-b308-f76b7efea20d","message":"-","metadata":[],"receiver":{"id":"1c24e19e-44c9-4217-b329-ac2015f4c877","metadata":[],"name":"lifePoints","scope":{"containerScope":{"containerScope":{"containerScope":{"containerScope":{"containerScope":{"containerScope":{"containerScope":{"containerScope":{"containerScope":{"containerScope":{"contributions":{},"includedScopes":[]},"contributions":{},"includedScopes":[]},"contributions":{},"includedScopes":[{"contributions":{},"includedScopes":[]},{"contributions":{},"includedScopes":[]},{"contributions":{},"includedScopes":[]}]},"contributions":{},"includedScopes":[{"containerScope":{"containerScope":{"containerScope":{"contributions":{},"includedScopes":[]},"contributions":{},"includedScopes":[]},"contributions":{},"includedScopes":[]},"contributions":{},"includedScopes":[]}]},"contributions":{},"includedScopes":[]},"contributions":{},"includedScopes":[]},"contributions":{},"includedScopes":[]},"contributions":{},"includedScopes":[]},"contributions":{},"includedScopes":[]},"contributions":{},"includedScopes":[]},"contributions":{},"includedScopes":[]},"sourceMap":{"end":{"column":27,"line":137,"offset":3328},"start":{"column":17,"line":137,"offset":3318}}},"scope":{"containerScope":{"containerScope":{"containerScope":{"containerScope":{"containerScope":{"containerScope":{"containerScope":{"containerScope":{"containerScope":{"contributions":{},"includedScopes":[]},"contributions":{},"includedScopes":[]},"contributions":{},"includedScopes":[{"contributions":{},"includedScopes":[]},{"contributions":{},"includedScopes":[]},{"contributions":{},"includedScopes":[]}]},"contributions":{},"includedScopes":[{"containerScope":{"containerScope":{"containerScope":{"contributions":{},"includedScopes":[]},"contributions":{},"includedScopes":[]},"contributions":{},"includedScopes":[]},"contributions":{},"includedScopes":[]}]},"contributions":{},"includedScopes":[]},"contributions":{},"includedScopes":[]},"contributions":{},"includedScopes":[]},"contributions":{},"includedScopes":[]},"contributions":{},"includedScopes":[]},"contributions":{},"includedScopes":[]},"sourceMap":{"end":{"column":31,"line":137,"offset":3332},"start":{"column":17,"line":137,"offset":3318}}},"variable":{"id":"45e9a293-6714-4596-8c73-b610fe2ae7ca","metadata":[],"name":"lifePoints","scope":{"containerScope":{"containerScope":{"containerScope":{"containerScope":{"containerScope":{"containerScope":{"containerScope":{"containerScope":{"containerScope":{"contributions":{},"includedScopes":[]},"contributions":{},"includedScopes":[]},"contributions":{},"includedScopes":[{"contributions":{},"includedScopes":[]},{"contributions":{},"includedScopes":[]},{"contributions":{},"includedScopes":[]}]},"contributions":{},"includedScopes":[{"containerScope":{"containerScope":{"containerScope":{"contributions":{},"includedScopes":[]},"contributions":{},"includedScopes":[]},"contributions":{},"includedScopes":[]},"contributions":{},"includedScopes":[]}]},"contributions":{},"includedScopes":[]},"contributions":{},"includedScopes":[]},"contributions":{},"includedScopes":[]},"contributions":{},"includedScopes":[]},"contributions":{},"includedScopes":[]},"contributions":{},"includedScopes":[]},"sourceMap":{"end":{"column":14,"line":137,"offset":3315},"start":{"column":4,"line":137,"offset":3305}}}}],"sourceMap":{"end":{"column":4,"line":138,"offset":3337},"start":{"column":24,"line":135,"offset":3272}}}},{"args":[{"id":"ed1f276d-bd2b-4989-ad28-60d2831046e0","metadata":[],"name":"imageToUse","scope":{"containerScope":{"containerScope":{"containerScope":{"containerScope":{"containerScope":{"containerScope":{"containerScope":{"contributions":{},"includedScopes":[]},"contributions":{},"includedScopes":[]},"contributions":{},"includedScopes":[{"contributions":{},"includedScopes":[]},{"contributions":{},"includedScopes":[]},{"contributions":{},"includedScopes":[]}]},"contributions":{},"includedScopes":[{"containerScope":{"containerScope":{"containerScope":{"contributions":{},"includedScopes":[]},"contributions":{},"includedScopes":[]},"contributions":{},"includedScopes":[]},"contributions":{},"includedScopes":[]}]},"contributions":{},"includedScopes":[]},"contributions":{},"includedScopes":[]},"contributions":{},"includedScopes":[]},"contributions":{},"includedScopes":[]},"sourceMap":{"end":{"column":34,"line":142,"offset":3464},"start":{"column":24,"line":142,"offset":3454}}},{"id":"518c4b92-3bad-43dd-88ae-270f732d7a70","metadata":[],"scope":{"containerScope":{"containerScope":{"containerScope":{"containerScope":{"containerScope":{"containerScope":{"containerScope":{"contributions":{},"includedScopes":[]},"contributions":{},"includedScopes":[]},"contributions":{},"includedScopes":[{"contributions":{},"includedScopes":[]},{"contributions":{},"includedScopes":[]},{"contributions":{},"includedScopes":[]}]},"contributions":{},"includedScopes":[{"containerScope":{"containerScope":{"containerScope":{"contributions":{},"includedScopes":[]},"contributions":{},"includedScopes":[]},"contributions":{},"includedScopes":[]},"contributions":{},"includedScopes":[]}]},"contributions":{},"includedScopes":[]},"contributions":{},"includedScopes":[]},"contributions":{},"includedScopes":[]},"contributions":{},"includedScopes":[]},"sourceMap":{"end":{"column":37,"line":142,"offset":3467},"start":{"column":36,"line":142,"offset":3466}},"value":1}],"id":"6fc63e03-950d-4b9e-9c52-898d211ebfa2","message":"drawSingleHeart","metadata":[],"receiver":{"id":"ec70e4f4-62e9-4a73-bceb-3f27b7401ed2","metadata":[],"scope":{"containerScope":{"containerScope":{"containerScope":{"containerScope":{"containerScope":{"containerScope":{"containerScope":{"contributions":{},"includedScopes":[]},"contributions":{},"includedScopes":[]},"contributions":{},"includedScopes":[{"contributions":{},"includedScopes":[]},{"contributions":{},"includedScopes":[]},{"contributions":{},"includedScopes":[]}]},"contributions":{},"includedScopes":[{"containerScope":{"containerScope":{"containerScope":{"contributions":{},"includedScopes":[]},"contributions":{},"includedScopes":[]},"contributions":{},"includedScopes":[]},"contributions":{},"includedScopes":[]}]},"contributions":{},"includedScopes":[]},"contributions":{},"includedScopes":[]},"contributions":{},"includedScopes":[]},"contributions":{},"includedScopes":[]},"sourceMap":{"end":{"column":7,"line":142,"offset":3437},"start":{"column":3,"line":142,"offset":3433}}},"scope":{"containerScope":{"containerScope":{"containerScope":{"containerScope":{"containerScope":{"containerScope":{"contributions":{},"includedScopes":[]},"contributions":{},"includedScopes":[]},"contributions":{},"includedScopes":[{"contributions":{},"includedScopes":[]},{"contributions":{},"includedScopes":[]},{"contributions":{},"includedScopes":[]}]},"contributions":{},"includedScopes":[{"containerScope":{"containerScope":{"containerScope":{"contributions":{},"includedScopes":[]},"contributions":{},"includedScopes":[]},"contributions":{},"includedScopes":[]},"contributions":{},"includedScopes":[]}]},"contributions":{},"includedScopes":[]},"contributions":{},"includedScopes":[]},"contributions":{},"includedScopes":[]},"sourceMap":{"end":{"column":38,"line":142,"offset":3468},"start":{"column":2,"line":142,"offset":3433}}},{"id":"97a77850-8f6e-42c0-b27e-be117a9b6e2d","metadata":[],"scope":{"containerScope":{"containerScope":{"containerScope":{"containerScope":{"containerScope":{"containerScope":{"contributions":{},"includedScopes":[]},"contributions":{},"includedScopes":[]},"contributions":{},"includedScopes":[{"contributions":{},"includedScopes":[]},{"contributions":{},"includedScopes":[]},{"contributions":{},"includedScopes":[]}]},"contributions":{},"includedScopes":[{"containerScope":{"containerScope":{"containerScope":{"contributions":{},"includedScopes":[]},"contributions":{},"includedScopes":[]},"contributions":{},"includedScopes":[]},"contributions":{},"includedScopes":[]}]},"contributions":{},"includedScopes":[]},"contributions":{},"includedScopes":[]},"contributions":{},"includedScopes":[]},"sourceMap":{"end":{"column":26,"line":144,"offset":3497},"start":{"column":3,"line":144,"offset":3474}},"value":{"id":"80b1a77a-bde3-4cd4-9657-ff2e99dcf0f3","metadata":[],"name":"heartEmpty","scope":{"containerScope":{"containerScope":{"containerScope":{"containerScope":{"containerScope":{"containerScope":{"containerScope":{"contributions":{},"includedScopes":[]},"contributions":{},"includedScopes":[]},"contributions":{},"includedScopes":[{"contributions":{},"includedScopes":[]},{"contributions":{},"includedScopes":[]},{"contributions":{},"includedScopes":[]}]},"contributions":{},"includedScopes":[{"containerScope":{"containerScope":{"containerScope":{"contributions":{},"includedScopes":[]},"contributions":{},"includedScopes":[]},"contributions":{},"includedScopes":[]},"contributions":{},"includedScopes":[]}]},"contributions":{},"includedScopes":[]},"contributions":{},"includedScopes":[]},"contributions":{},"includedScopes":[]},"contributions":{},"includedScopes":[]},"sourceMap":{"end":{"column":26,"line":144,"offset":3497},"start":{"column":16,"line":144,"offset":3487}}},"variable":{"id":"ebc4e1d2-226b-4461-9863-fb22ec3c677f","metadata":[],"name":"imageToUse","scope":{"containerScope":{"containerScope":{"containerScope":{"containerScope":{"containerScope":{"containerScope":{"containerScope":{"contributions":{},"includedScopes":[]},"contributions":{},"includedScopes":[]},"contributions":{},"includedScopes":[{"contributions":{},"includedScopes":[]},{"contributions":{},"includedScopes":[]},{"contributions":{},"includedScopes":[]}]},"contributions":{},"includedScopes":[{"containerScope":{"containerScope":{"containerScope":{"contributions":{},"includedScopes":[]},"contributions":{},"includedScopes":[]},"contributions":{},"includedScopes":[]},"contributions":{},"includedScopes":[]}]},"contributions":{},"includedScopes":[]},"contributions":{},"includedScopes":[]},"contributions":{},"includedScopes":[]},"contributions":{},"includedScopes":[]},"sourceMap":{"end":{"column":13,"line":144,"offset":3484},"start":{"column":3,"line":144,"offset":3474}}}},{"condition":{"args":[{"id":"decb1ab2-2c76-4720-ab76-8d8096437434","metadata":[],"scope":{"containerScope":{"containerScope":{"containerScope":{"containerScope":{"containerScope":{"containerScope":{"containerScope":{"containerScope":{"contributions":{},"includedScopes":[]},"contributions":{},"includedScopes":[]},"contributions":{},"includedScopes":[{"contributions":{},"includedScopes":[]},{"contributions":{},"includedScopes":[]},{"contributions":{},"includedScopes":[]}]},"contributions":{},"includedScopes":[{"containerScope":{"containerScope":{"containerScope":{"contributions":{},"includedScopes":[]},"contributions":{},"includedScopes":[]},"contributions":{},"includedScopes":[]},"contributions":{},"includedScopes":[]}]},"contributions":{},"includedScopes":[]},"contributions":{},"includedScopes":[]},"contributions":{},"includedScopes":[]},"contributions":{},"includedScopes":[]},"contributions":{},"includedScopes":[]},"sourceMap":{"end":{"column":22,"line":145,"offset":3520},"start":{"column":21,"line":145,"offset":3519}},"value":2}],"id":"58112251-4da3-4474-8ec6-9480b9409e61","message":">=","metadata":[],"receiver":{"id":"990045d0-d0af-4f3f-a4f3-04484f5d415d","metadata":[],"name":"lifePoints","scope":{"containerScope":{"containerScope":{"containerScope":{"containerScope":{"containerScope":{"containerScope":{"containerScope":{"containerScope":{"contributions":{},"includedScopes":[]},"contributions":{},"includedScopes":[]},"contributions":{},"includedScopes":[{"contributions":{},"includedScopes":[]},{"contributions":{},"includedScopes":[]},{"contributions":{},"includedScopes":[]}]},"contributions":{},"includedScopes":[{"containerScope":{"containerScope":{"containerScope":{"contributions":{},"includedScopes":[]},"contributions":{},"includedScopes":[]},"contributions":{},"includedScopes":[]},"contributions":{},"includedScopes":[]}]},"contributions":{},"includedScopes":[]},"contributions":{},"includedScopes":[]},"contributions":{},"includedScopes":[]},"contributions":{},"includedScopes":[]},"contributions":{},"includedScopes":[]},"sourceMap":{"end":{"column":17,"line":145,"offset":3515},"start":{"column":7,"line":145,"offset":3505}}},"scope":{"containerScope":{"containerScope":{"containerScope":{"containerScope":{"containerScope":{"containerScope":{"containerScope":{"contributions":{},"includedScopes":[]},"contributions":{},"includedScopes":[]},"contributions":{},"includedScopes":[{"contributions":{},"includedScopes":[]},{"contributions":{},"includedScopes":[]},{"contributions":{},"includedScopes":[]}]},"contributions":{},"includedScopes":[{"containerScope":{"containerScope":{"containerScope":{"contributions":{},"includedScopes":[]},"contributions":{},"includedScopes":[]},"contributions":{},"includedScopes":[]},"contributions":{},"includedScopes":[]}]},"contributions":{},"includedScopes":[]},"contributions":{},"includedScopes":[]},"contributions":{},"includedScopes":[]},"contributions":{},"includedScopes":[]},"sourceMap":{"end":{"column":22,"line":145,"offset":3520},"start":{"column":7,"line":145,"offset":3505}}},"elseBody":{"id":"6849a3c2-07b1-408c-8558-7854dbd9003b","metadata":[],"scope":{"containerScope":{"containerScope":{"containerScope":{"containerScope":{"containerScope":{"containerScope":{"containerScope":{"contributions":{},"includedScopes":[]},"contributions":{},"includedScopes":[]},"contributions":{},"includedScopes":[{"contributions":{},"includedScopes":[]},{"contributions":{},"includedScopes":[]},{"contributions":{},"includedScopes":[]}]},"contributions":{},"includedScopes":[{"containerScope":{"containerScope":{"containerScope":{"contributions":{},"includedScopes":[]},"contributions":{},"includedScopes":[]},"contributions":{},"includedScopes":[]},"contributions":{},"includedScopes":[]}]},"contributions":{},"includedScopes":[]},"contributions":{},"includedScopes":[]},"contributions":{},"includedScopes":[]},"contributions":{},"includedScopes":[]},"sentences":[{"condition":{"args":[{"id":"26c598b6-b453-498e-9f6e-cb51ae2000c9","metadata":[],"scope":{"containerScope":{"containerScope":{"containerScope":{"containerScope":{"containerScope":{"containerScope":{"containerScope":{"containerScope":{"containerScope":{"containerScope":{"contributions":{},"includedScopes":[]},"contributions":{},"includedScopes":[]},"contributions":{},"includedScopes":[{"contributions":{},"includedScopes":[]},{"contributions":{},"includedScopes":[]},{"contributions":{},"includedScopes":[]}]},"contributions":{},"includedScopes":[{"containerScope":{"containerScope":{"containerScope":{"contributions":{},"includedScopes":[]},"contributions":{},"includedScopes":[]},"contributions":{},"includedScopes":[]},"contributions":{},"includedScopes":[]}]},"contributions":{},"includedScopes":[]},"contributions":{},"includedScopes":[]},"contributions":{},"includedScopes":[]},"contributions":{},"includedScopes":[]},"contributions":{},"includedScopes":[]},"contributions":{},"includedScopes":[]},"contributions":{},"includedScopes":[]},"sourceMap":{"end":{"column":29,"line":148,"offset":3612},"start":{"column":28,"line":148,"offset":3611}},"value":1}],"id":"e76b0632-a946-4769-a9f8-e5a6db281046","message":"==","metadata":[],"receiver":{"id":"829eb337-fec6-4640-921a-56c4cd1987a2","metadata":[],"name":"lifePoints","scope":{"containerScope":{"containerScope":{"containerScope":{"containerScope":{"containerScope":{"containerScope":{"containerScope":{"containerScope":{"containerScope":{"containerScope":{"contributions":{},"includedScopes":[]},"contributions":{},"includedScopes":[]},"contributions":{},"includedScopes":[{"contributions":{},"includedScopes":[]},{"contributions":{},"includedScopes":[]},{"contributions":{},"includedScopes":[]}]},"contributions":{},"includedScopes":[{"containerScope":{"containerScope":{"containerScope":{"contributions":{},"includedScopes":[]},"contributions":{},"includedScopes":[]},"contributions":{},"includedScopes":[]},"contributions":{},"includedScopes":[]}]},"contributions":{},"includedScopes":[]},"contributions":{},"includedScopes":[]},"contributions":{},"includedScopes":[]},"contributions":{},"includedScopes":[]},"contributions":{},"includedScopes":[]},"contributions":{},"includedScopes":[]},"contributions":{},"includedScopes":[]},"sourceMap":{"end":{"column":24,"line":148,"offset":3607},"start":{"column":14,"line":148,"offset":3597}}},"scope":{"containerScope":{"containerScope":{"containerScope":{"containerScope":{"containerScope":{"containerScope":{"containerScope":{"containerScope":{"containerScope":{"contributions":{},"includedScopes":[]},"contributions":{},"includedScopes":[]},"contributions":{},"includedScopes":[{"contributions":{},"includedScopes":[]},{"contributions":{},"includedScopes":[]},{"contributions":{},"includedScopes":[]}]},"contributions":{},"includedScopes":[{"containerScope":{"containerScope":{"containerScope":{"contributions":{},"includedScopes":[]},"contributions":{},"includedScopes":[]},"contributions":{},"includedScopes":[]},"contributions":{},"includedScopes":[]}]},"contributions":{},"includedScopes":[]},"contributions":{},"includedScopes":[]},"contributions":{},"includedScopes":[]},"contributions":{},"includedScopes":[]},"contributions":{},"includedScopes":[]},"contributions":{},"includedScopes":[]},"sourceMap":{"end":{"column":29,"line":148,"offset":3612},"start":{"column":14,"line":148,"offset":3597}}},"elseBody":{"id":"94876a64-9fee-48d1-8e30-26b87c606201","metadata":[],"scope":{"containerScope":{"containerScope":{"containerScope":{"containerScope":{"containerScope":{"containerScope":{"containerScope":{"containerScope":{"containerScope":{"contributions":{},"includedScopes":[]},"contributions":{},"includedScopes":[]},"contributions":{},"includedScopes":[{"contributions":{},"includedScopes":[]},{"contributions":{},"includedScopes":[]},{"contributions":{},"includedScopes":[]}]},"contributions":{},"includedScopes":[{"containerScope":{"containerScope":{"containerScope":{"contributions":{},"includedScopes":[]},"contributions":{},"includedScopes":[]},"contributions":{},"includedScopes":[]},"contributions":{},"includedScopes":[]}]},"contributions":{},"includedScopes":[]},"contributions":{},"includedScopes":[]},"contributions":{},"includedScopes":[]},"contributions":{},"includedScopes":[]},"contributions":{},"includedScopes":[]},"contributions":{},"includedScopes":[]},"sentences":[]},"id":"7ec89f97-a28b-4089-bb7a-525f73383d65","metadata":[],"scope":{"containerScope":{"containerScope":{"containerScope":{"containerScope":{"containerScope":{"containerScope":{"containerScope":{"containerScope":{"contributions":{},"includedScopes":[]},"contributions":{},"includedScopes":[]},"contributions":{},"includedScopes":[{"contributions":{},"includedScopes":[]},{"contributions":{},"includedScopes":[]},{"contributions":{},"includedScopes":[]}]},"contributions":{},"includedScopes":[{"containerScope":{"containerScope":{"containerScope":{"contributions":{},"includedScopes":[]},"contributions":{},"includedScopes":[]},"contributions":{},"includedScopes":[]},"contributions":{},"includedScopes":[]}]},"contributions":{},"includedScopes":[]},"contributions":{},"includedScopes":[]},"contributions":{},"includedScopes":[]},"contributions":{},"includedScopes":[]},"contributions":{},"includedScopes":[]},"sourceMap":{"end":{"column":4,"line":151,"offset":3679},"start":{"column":10,"line":148,"offset":3593}},"thenBody":{"id":"f32ad15c-e692-444b-a248-85e3fcd01c1b","metadata":[],"problems":[],"scope":{"containerScope":{"containerScope":{"containerScope":{"containerScope":{"containerScope":{"containerScope":{"containerScope":{"containerScope":{"containerScope":{"contributions":{},"includedScopes":[]},"contributions":{},"includedScopes":[]},"contributions":{},"includedScopes":[{"contributions":{},"includedScopes":[]},{"contributions":{},"includedScopes":[]},{"contributions":{},"includedScopes":[]}]},"contributions":{},"includedScopes":[{"containerScope":{"containerScope":{"containerScope":{"contributions":{},"includedScopes":[]},"contributions":{},"includedScopes":[]},"contributions":{},"includedScopes":[]},"contributions":{},"includedScopes":[]}]},"contributions":{},"includedScopes":[]},"contributions":{},"includedScopes":[]},"contributions":{},"includedScopes":[]},"contributions":{},"includedScopes":[]},"contributions":{},"includedScopes":[]},"contributions":{},"includedScopes":[]},"sentences":[{"id":"c46d8ca2-0abe-44bc-9999-b0bffbdd41d6","metadata":[],"scope":{"containerScope":{"containerScope":{"containerScope":{"containerScope":{"containerScope":{"containerScope":{"containerScope":{"containerScope":{"containerScope":{"containerScope":{"contributions":{},"includedScopes":[]},"contributions":{},"includedScopes":[]},"contributions":{},"includedScopes":[{"contributions":{},"includedScopes":[]},{"contributions":{},"includedScopes":[]},{"contributions":{},"includedScopes":[]}]},"contributions":{},"includedScopes":[{"containerScope":{"containerScope":{"containerScope":{"contributions":{},"includedScopes":[]},"contributions":{},"includedScopes":[]},"contributions":{},"includedScopes":[]},"contributions":{},"includedScopes":[]}]},"contributions":{},"includedScopes":[]},"contributions":{},"includedScopes":[]},"contributions":{},"includedScopes":[]},"contributions":{},"includedScopes":[]},"contributions":{},"includedScopes":[]},"contributions":{},"includedScopes":[]},"contributions":{},"includedScopes":[]},"sourceMap":{"end":{"column":26,"line":149,"offset":3642},"start":{"column":4,"line":149,"offset":3620}},"value":{"id":"6c9cebbe-98a4-4ded-a9c0-9a3358f3eb21","metadata":[],"name":"heartHalf","scope":{"containerScope":{"containerScope":{"containerScope":{"containerScope":{"containerScope":{"containerScope":{"containerScope":{"containerScope":{"containerScope":{"containerScope":{"containerScope":{"contributions":{},"includedScopes":[]},"contributions":{},"includedScopes":[]},"contributions":{},"includedScopes":[{"contributions":{},"includedScopes":[]},{"contributions":{},"includedScopes":[]},{"contributions":{},"includedScopes":[]}]},"contributions":{},"includedScopes":[{"containerScope":{"containerScope":{"containerScope":{"contributions":{},"includedScopes":[]},"contributions":{},"includedScopes":[]},"contributions":{},"includedScopes":[]},"contributions":{},"includedScopes":[]}]},"contributions":{},"includedScopes":[]},"contributions":{},"includedScopes":[]},"contributions":{},"includedScopes":[]},"contributions":{},"includedScopes":[]},"contributions":{},"includedScopes":[]},"contributions":{},"includedScopes":[]},"contributions":{},"includedScopes":[]},"contributions":{},"includedScopes":[]},"sourceMap":{"end":{"column":26,"line":149,"offset":3642},"start":{"column":17,"line":149,"offset":3633}}},"variable":{"id":"e947ca7c-c17b-494e-bb68-e1cc216520f7","metadata":[],"name":"imageToUse","scope":{"containerScope":{"containerScope":{"containerScope":{"containerScope":{"containerScope":{"containerScope":{"containerScope":{"containerScope":{"containerScope":{"containerScope":{"containerScope":{"contributions":{},"includedScopes":[]},"contributions":{},"includedScopes":[]},"contributions":{},"includedScopes":[{"contributions":{},"includedScopes":[]},{"contributions":{},"includedScopes":[]},{"contributions":{},"includedScopes":[]}]},"contributions":{},"includedScopes":[{"containerScope":{"containerScope":{"containerScope":{"contributions":{},"includedScopes":[]},"contributions":{},"includedScopes":[]},"contributions":{},"includedScopes":[]},"contributions":{},"includedScopes":[]}]},"contributions":{},"includedScopes":[]},"contributions":{},"includedScopes":[]},"contributions":{},"includedScopes":[]},"contributions":{},"includedScopes":[]},"contributions":{},"includedScopes":[]},"contributions":{},"includedScopes":[]},"contributions":{},"includedScopes":[]},"contributions":{},"includedScopes":[]},"sourceMap":{"end":{"column":14,"line":149,"offset":3630},"start":{"column":4,"line":149,"offset":3620}}}},{"id":"1f6c476a-6b82-483b-b7a6-d0c76d467e3e","metadata":[],"scope":{"containerScope":{"containerScope":{"containerScope":{"containerScope":{"containerScope":{"containerScope":{"containerScope":{"containerScope":{"containerScope":{"containerScope":{"contributions":{},"includedScopes":[]},"contributions":{},"includedScopes":[]},"contributions":{},"includedScopes":[{"contributions":{},"includedScopes":[]},{"contributions":{},"includedScopes":[]},{"contributions":{},"includedScopes":[]}]},"contributions":{},"includedScopes":[{"containerScope":{"containerScope":{"containerScope":{"contributions":{},"includedScopes":[]},"contributions":{},"includedScopes":[]},"contributions":{},"includedScopes":[]},"contributions":{},"includedScopes":[]}]},"contributions":{},"includedScopes":[]},"contributions":{},"includedScopes":[]},"contributions":{},"includedScopes":[]},"contributions":{},"includedScopes":[]},"contributions":{},"includedScopes":[]},"contributions":{},"includedScopes":[]},"contributions":{},"includedScopes":[]},"sourceMap":{"end":{"column":31,"line":150,"offset":3674},"start":{"column":4,"line":150,"offset":3647}},"value":{"args":[{"id":"b89de819-b5f2-4ddc-a314-c2fc1895e054","metadata":[],"scope":{"containerScope":{"containerScope":{"containerScope":{"containerScope":{"containerScope":{"containerScope":{"containerScope":{"containerScope":{"containerScope":{"containerScope":{"containerScope":{"containerScope":{"contributions":{},"includedScopes":[]},"contributions":{},"includedScopes":[]},"contributions":{},"includedScopes":[{"contributions":{},"includedScopes":[]},{"contributions":{},"includedScopes":[]},{"contributions":{},"includedScopes":[]}]},"contributions":{},"includedScopes":[{"containerScope":{"containerScope":{"containerScope":{"contributions":{},"includedScopes":[]},"contributions":{},"includedScopes":[]},"contributions":{},"includedScopes":[]},"contributions":{},"includedScopes":[]}]},"contributions":{},"includedScopes":[]},"contributions":{},"includedScopes":[]},"contributions":{},"includedScopes":[]},"contributions":{},"includedScopes":[]},"contributions":{},"includedScopes":[]},"contributions":{},"includedScopes":[]},"contributions":{},"includedScopes":[]},"contributions":{},"includedScopes":[]},"contributions":{},"includedScopes":[]},"sourceMap":{"end":{"column":31,"line":150,"offset":3674},"start":{"column":30,"line":150,"offset":3673}},"value":1}],"id":"b3351e54-27ab-4015-852f-5bc6eb165959","message":"-","metadata":[],"receiver":{"id":"80dbd837-c696-4666-bfb1-a37f66efa09d","metadata":[],"name":"lifePoints","scope":{"containerScope":{"containerScope":{"containerScope":{"containerScope":{"containerScope":{"containerScope":{"containerScope":{"containerScope":{"containerScope":{"containerScope":{"containerScope":{"containerScope":{"contributions":{},"includedScopes":[]},"contributions":{},"includedScopes":[]},"contributions":{},"includedScopes":[{"contributions":{},"includedScopes":[]},{"contributions":{},"includedScopes":[]},{"contributions":{},"includedScopes":[]}]},"contributions":{},"includedScopes":[{"containerScope":{"containerScope":{"containerScope":{"contributions":{},"includedScopes":[]},"contributions":{},"includedScopes":[]},"contributions":{},"includedScopes":[]},"contributions":{},"includedScopes":[]}]},"contributions":{},"includedScopes":[]},"contributions":{},"includedScopes":[]},"contributions":{},"includedScopes":[]},"contributions":{},"includedScopes":[]},"contributions":{},"includedScopes":[]},"contributions":{},"includedScopes":[]},"contributions":{},"includedScopes":[]},"contributions":{},"includedScopes":[]},"contributions":{},"includedScopes":[]},"sourceMap":{"end":{"column":27,"line":150,"offset":3670},"start":{"column":17,"line":150,"offset":3660}}},"scope":{"containerScope":{"containerScope":{"containerScope":{"containerScope":{"containerScope":{"containerScope":{"containerScope":{"containerScope":{"containerScope":{"containerScope":{"containerScope":{"contributions":{},"includedScopes":[]},"contributions":{},"includedScopes":[]},"contributions":{},"includedScopes":[{"contributions":{},"includedScopes":[]},{"contributions":{},"includedScopes":[]},{"contributions":{},"includedScopes":[]}]},"contributions":{},"includedScopes":[{"containerScope":{"containerScope":{"containerScope":{"contributions":{},"includedScopes":[]},"contributions":{},"includedScopes":[]},"contributions":{},"includedScopes":[]},"contributions":{},"includedScopes":[]}]},"contributions":{},"includedScopes":[]},"contributions":{},"includedScopes":[]},"contributions":{},"includedScopes":[]},"contributions":{},"includedScopes":[]},"contributions":{},"includedScopes":[]},"contributions":{},"includedScopes":[]},"contributions":{},"includedScopes":[]},"contributions":{},"includedScopes":[]},"sourceMap":{"end":{"column":31,"line":150,"offset":3674},"start":{"column":17,"line":150,"offset":3660}}},"variable":{"id":"92a76fc6-2519-4b37-8d52-affdf759246d","metadata":[],"name":"lifePoints","scope":{"containerScope":{"containerScope":{"containerScope":{"containerScope":{"containerScope":{"containerScope":{"containerScope":{"containerScope":{"containerScope":{"containerScope":{"containerScope":{"contributions":{},"includedScopes":[]},"contributions":{},"includedScopes":[]},"contributions":{},"includedScopes":[{"contributions":{},"includedScopes":[]},{"contributions":{},"includedScopes":[]},{"contributions":{},"includedScopes":[]}]},"contributions":{},"includedScopes":[{"containerScope":{"containerScope":{"containerScope":{"contributions":{},"includedScopes":[]},"contributions":{},"includedScopes":[]},"contributions":{},"includedScopes":[]},"contributions":{},"includedScopes":[]}]},"contributions":{},"includedScopes":[]},"contributions":{},"includedScopes":[]},"contributions":{},"includedScopes":[]},"contributions":{},"includedScopes":[]},"contributions":{},"includedScopes":[]},"contributions":{},"includedScopes":[]},"contributions":{},"includedScopes":[]},"contributions":{},"includedScopes":[]},"sourceMap":{"end":{"column":14,"line":150,"offset":3657},"start":{"column":4,"line":150,"offset":3647}}}}],"sourceMap":{"end":{"column":4,"line":151,"offset":3679},"start":{"column":31,"line":148,"offset":3614}}}}],"sourceMap":{"end":{"column":4,"line":151,"offset":3679},"start":{"column":10,"line":148,"offset":3593}}},"id":"f3ab5d7a-9ce6-47d3-9d49-f51faf457c61","metadata":[],"scope":{"containerScope":{"containerScope":{"containerScope":{"containerScope":{"containerScope":{"containerScope":{"contributions":{},"includedScopes":[]},"contributions":{},"includedScopes":[]},"contributions":{},"includedScopes":[{"contributions":{},"includedScopes":[]},{"contributions":{},"includedScopes":[]},{"contributions":{},"includedScopes":[]}]},"contributions":{},"includedScopes":[{"containerScope":{"containerScope":{"containerScope":{"contributions":{},"includedScopes":[]},"contributions":{},"includedScopes":[]},"contributions":{},"includedScopes":[]},"contributions":{},"includedScopes":[]}]},"contributions":{},"includedScopes":[]},"contributions":{},"includedScopes":[]},"contributions":{},"includedScopes":[]},"sourceMap":{"end":{"column":4,"line":151,"offset":3679},"start":{"column":3,"line":145,"offset":3501}},"thenBody":{"id":"0bc9a35f-69e6-416d-aea2-abcdeeac72d8","metadata":[],"problems":[],"scope":{"containerScope":{"containerScope":{"containerScope":{"containerScope":{"containerScope":{"containerScope":{"containerScope":{"contributions":{},"includedScopes":[]},"contributions":{},"includedScopes":[]},"contributions":{},"includedScopes":[{"contributions":{},"includedScopes":[]},{"contributions":{},"includedScopes":[]},{"contributions":{},"includedScopes":[]}]},"contributions":{},"includedScopes":[{"containerScope":{"containerScope":{"containerScope":{"contributions":{},"includedScopes":[]},"contributions":{},"includedScopes":[]},"contributions":{},"includedScopes":[]},"contributions":{},"includedScopes":[]}]},"contributions":{},"includedScopes":[]},"contributions":{},"includedScopes":[]},"contributions":{},"includedScopes":[]},"contributions":{},"includedScopes":[]},"sentences":[{"id":"6128768d-35b4-461c-8718-642dcea2249a","metadata":[],"scope":{"containerScope":{"containerScope":{"containerScope":{"containerScope":{"containerScope":{"containerScope":{"containerScope":{"containerScope":{"contributions":{},"includedScopes":[]},"contributions":{},"includedScopes":[]},"contributions":{},"includedScopes":[{"contributions":{},"includedScopes":[]},{"contributions":{},"includedScopes":[]},{"contributions":{},"includedScopes":[]}]},"contributions":{},"includedScopes":[{"containerScope":{"containerScope":{"containerScope":{"contributions":{},"includedScopes":[]},"contributions":{},"includedScopes":[]},"contributions":{},"includedScopes":[]},"contributions":{},"includedScopes":[]}]},"contributions":{},"includedScopes":[]},"contributions":{},"includedScopes":[]},"contributions":{},"includedScopes":[]},"contributions":{},"includedScopes":[]},"contributions":{},"includedScopes":[]},"sourceMap":{"end":{"column":26,"line":146,"offset":3550},"start":{"column":4,"line":146,"offset":3528}},"value":{"id":"46a94cba-9766-4f50-9d92-12cb911cac10","metadata":[],"name":"heartFull","scope":{"containerScope":{"containerScope":{"containerScope":{"containerScope":{"containerScope":{"containerScope":{"containerScope":{"containerScope":{"containerScope":{"contributions":{},"includedScopes":[]},"contributions":{},"includedScopes":[]},"contributions":{},"includedScopes":[{"contributions":{},"includedScopes":[]},{"contributions":{},"includedScopes":[]},{"contributions":{},"includedScopes":[]}]},"contributions":{},"includedScopes":[{"containerScope":{"containerScope":{"containerScope":{"contributions":{},"includedScopes":[]},"contributions":{},"includedScopes":[]},"contributions":{},"includedScopes":[]},"contributions":{},"includedScopes":[]}]},"contributions":{},"includedScopes":[]},"contributions":{},"includedScopes":[]},"contributions":{},"includedScopes":[]},"contributions":{},"includedScopes":[]},"contributions":{},"includedScopes":[]},"contributions":{},"includedScopes":[]},"sourceMap":{"end":{"column":26,"line":146,"offset":3550},"start":{"column":17,"line":146,"offset":3541}}},"variable":{"id":"c644619d-c0a7-4e78-9f59-a97788878404","metadata":[],"name":"imageToUse","scope":{"containerScope":{"containerScope":{"containerScope":{"containerScope":{"containerScope":{"containerScope":{"containerScope":{"containerScope":{"containerScope":{"contributions":{},"includedScopes":[]},"contributions":{},"includedScopes":[]},"contributions":{},"includedScopes":[{"contributions":{},"includedScopes":[]},{"contributions":{},"includedScopes":[]},{"contributions":{},"includedScopes":[]}]},"contributions":{},"includedScopes":[{"containerScope":{"containerScope":{"containerScope":{"contributions":{},"includedScopes":[]},"contributions":{},"includedScopes":[]},"contributions":{},"includedScopes":[]},"contributions":{},"includedScopes":[]}]},"contributions":{},"includedScopes":[]},"contributions":{},"includedScopes":[]},"contributions":{},"includedScopes":[]},"contributions":{},"includedScopes":[]},"contributions":{},"includedScopes":[]},"contributions":{},"includedScopes":[]},"sourceMap":{"end":{"column":14,"line":146,"offset":3538},"start":{"column":4,"line":146,"offset":3528}}}},{"id":"641526da-3d4f-4f07-a964-2b70ea735da2","metadata":[],"scope":{"containerScope":{"containerScope":{"containerScope":{"containerScope":{"containerScope":{"containerScope":{"containerScope":{"containerScope":{"contributions":{},"includedScopes":[]},"contributions":{},"includedScopes":[]},"contributions":{},"includedScopes":[{"contributions":{},"includedScopes":[]},{"contributions":{},"includedScopes":[]},{"contributions":{},"includedScopes":[]}]},"contributions":{},"includedScopes":[{"containerScope":{"containerScope":{"containerScope":{"contributions":{},"includedScopes":[]},"contributions":{},"includedScopes":[]},"contributions":{},"includedScopes":[]},"contributions":{},"includedScopes":[]}]},"contributions":{},"includedScopes":[]},"contributions":{},"includedScopes":[]},"contributions":{},"includedScopes":[]},"contributions":{},"includedScopes":[]},"contributions":{},"includedScopes":[]},"sourceMap":{"end":{"column":31,"line":147,"offset":3582},"start":{"column":4,"line":147,"offset":3555}},"value":{"args":[{"id":"7264484e-393e-425a-8276-53b216348e9f","metadata":[],"scope":{"containerScope":{"containerScope":{"containerScope":{"containerScope":{"containerScope":{"containerScope":{"containerScope":{"containerScope":{"containerScope":{"containerScope":{"contributions":{},"includedScopes":[]},"contributions":{},"includedScopes":[]},"contributions":{},"includedScopes":[{"contributions":{},"includedScopes":[]},{"contributions":{},"includedScopes":[]},{"contributions":{},"includedScopes":[]}]},"contributions":{},"includedScopes":[{"containerScope":{"containerScope":{"containerScope":{"contributions":{},"includedScopes":[]},"contributions":{},"includedScopes":[]},"contributions":{},"includedScopes":[]},"contributions":{},"includedScopes":[]}]},"contributions":{},"includedScopes":[]},"contributions":{},"includedScopes":[]},"contributions":{},"includedScopes":[]},"contributions":{},"includedScopes":[]},"contributions":{},"includedScopes":[]},"contributions":{},"includedScopes":[]},"contributions":{},"includedScopes":[]},"sourceMap":{"end":{"column":31,"line":147,"offset":3582},"start":{"column":30,"line":147,"offset":3581}},"value":2}],"id":"cbfda5fa-f20b-44a9-a47a-1e1da610dff8","message":"-","metadata":[],"receiver":{"id":"1891ac4e-2297-40a9-98ff-16039ccee5af","metadata":[],"name":"lifePoints","scope":{"containerScope":{"containerScope":{"containerScope":{"containerScope":{"containerScope":{"containerScope":{"containerScope":{"containerScope":{"containerScope":{"containerScope":{"contributions":{},"includedScopes":[]},"contributions":{},"includedScopes":[]},"contributions":{},"includedScopes":[{"contributions":{},"includedScopes":[]},{"contributions":{},"includedScopes":[]},{"contributions":{},"includedScopes":[]}]},"contributions":{},"includedScopes":[{"containerScope":{"containerScope":{"containerScope":{"contributions":{},"includedScopes":[]},"contributions":{},"includedScopes":[]},"contributions":{},"includedScopes":[]},"contributions":{},"includedScopes":[]}]},"contributions":{},"includedScopes":[]},"contributions":{},"includedScopes":[]},"contributions":{},"includedScopes":[]},"contributions":{},"includedScopes":[]},"contributions":{},"includedScopes":[]},"contributions":{},"includedScopes":[]},"contributions":{},"includedScopes":[]},"sourceMap":{"end":{"column":27,"line":147,"offset":3578},"start":{"column":17,"line":147,"offset":3568}}},"scope":{"containerScope":{"containerScope":{"containerScope":{"containerScope":{"containerScope":{"containerScope":{"containerScope":{"containerScope":{"containerScope":{"contributions":{},"includedScopes":[]},"contributions":{},"includedScopes":[]},"contributions":{},"includedScopes":[{"contributions":{},"includedScopes":[]},{"contributions":{},"includedScopes":[]},{"contributions":{},"includedScopes":[]}]},"contributions":{},"includedScopes":[{"containerScope":{"containerScope":{"containerScope":{"contributions":{},"includedScopes":[]},"contributions":{},"includedScopes":[]},"contributions":{},"includedScopes":[]},"contributions":{},"includedScopes":[]}]},"contributions":{},"includedScopes":[]},"contributions":{},"includedScopes":[]},"contributions":{},"includedScopes":[]},"contributions":{},"includedScopes":[]},"contributions":{},"includedScopes":[]},"contributions":{},"includedScopes":[]},"sourceMap":{"end":{"column":31,"line":147,"offset":3582},"start":{"column":17,"line":147,"offset":3568}}},"variable":{"id":"94a25918-4db8-423c-8f2b-6b1741c8be6c","metadata":[],"name":"lifePoints","scope":{"containerScope":{"containerScope":{"containerScope":{"containerScope":{"containerScope":{"containerScope":{"containerScope":{"containerScope":{"containerScope":{"contributions":{},"includedScopes":[]},"contributions":{},"includedScopes":[]},"contributions":{},"includedScopes":[{"contributions":{},"includedScopes":[]},{"contributions":{},"includedScopes":[]},{"contributions":{},"includedScopes":[]}]},"contributions":{},"includedScopes":[{"containerScope":{"containerScope":{"containerScope":{"contributions":{},"includedScopes":[]},"contributions":{},"includedScopes":[]},"contributions":{},"includedScopes":[]},"contributions":{},"includedScopes":[]}]},"contributions":{},"includedScopes":[]},"contributions":{},"includedScopes":[]},"contributions":{},"includedScopes":[]},"contributions":{},"includedScopes":[]},"contributions":{},"includedScopes":[]},"contributions":{},"includedScopes":[]},"sourceMap":{"end":{"column":14,"line":147,"offset":3565},"start":{"column":4,"line":147,"offset":3555}}}}],"sourceMap":{"end":{"column":4,"line":148,"offset":3587},"start":{"column":24,"line":145,"offset":3522}}}},{"args":[{"id":"c0efce42-d83b-4a65-a38d-6398faa79c38","metadata":[],"name":"imageToUse","scope":{"containerScope":{"containerScope":{"containerScope":{"containerScope":{"containerScope":{"containerScope":{"containerScope":{"contributions":{},"includedScopes":[]},"contributions":{},"includedScopes":[]},"contributions":{},"includedScopes":[{"contributions":{},"includedScopes":[]},{"contributions":{},"includedScopes":[]},{"contributions":{},"includedScopes":[]}]},"contributions":{},"includedScopes":[{"containerScope":{"containerScope":{"containerScope":{"contributions":{},"includedScopes":[]},"contributions":{},"includedScopes":[]},"contributions":{},"includedScopes":[]},"contributions":{},"includedScopes":[]}]},"contributions":{},"includedScopes":[]},"contributions":{},"includedScopes":[]},"contributions":{},"includedScopes":[]},"contributions":{},"includedScopes":[]},"sourceMap":{"end":{"column":34,"line":152,"offset":3714},"start":{"column":24,"line":152,"offset":3704}}},{"id":"d3dcbb21-e442-4eb1-a224-ba4f2e1daf4c","metadata":[],"scope":{"containerScope":{"containerScope":{"containerScope":{"containerScope":{"containerScope":{"containerScope":{"containerScope":{"contributions":{},"includedScopes":[]},"contributions":{},"includedScopes":[]},"contributions":{},"includedScopes":[{"contributions":{},"includedScopes":[]},{"contributions":{},"includedScopes":[]},{"contributions":{},"includedScopes":[]}]},"contributions":{},"includedScopes":[{"containerScope":{"containerScope":{"containerScope":{"contributions":{},"includedScopes":[]},"contributions":{},"includedScopes":[]},"contributions":{},"includedScopes":[]},"contributions":{},"includedScopes":[]}]},"contributions":{},"includedScopes":[]},"contributions":{},"includedScopes":[]},"contributions":{},"includedScopes":[]},"contributions":{},"includedScopes":[]},"sourceMap":{"end":{"column":37,"line":152,"offset":3717},"start":{"column":36,"line":152,"offset":3716}},"value":2}],"id":"7eef447e-6532-49c6-bdea-fbb5ebb3807d","message":"drawSingleHeart","metadata":[],"receiver":{"id":"5db788ed-8959-4651-acb2-f05545a29433","metadata":[],"scope":{"containerScope":{"containerScope":{"containerScope":{"containerScope":{"containerScope":{"containerScope":{"containerScope":{"contributions":{},"includedScopes":[]},"contributions":{},"includedScopes":[]},"contributions":{},"includedScopes":[{"contributions":{},"includedScopes":[]},{"contributions":{},"includedScopes":[]},{"contributions":{},"includedScopes":[]}]},"contributions":{},"includedScopes":[{"containerScope":{"containerScope":{"containerScope":{"contributions":{},"includedScopes":[]},"contributions":{},"includedScopes":[]},"contributions":{},"includedScopes":[]},"contributions":{},"includedScopes":[]}]},"contributions":{},"includedScopes":[]},"contributions":{},"includedScopes":[]},"contributions":{},"includedScopes":[]},"contributions":{},"includedScopes":[]},"sourceMap":{"end":{"column":7,"line":152,"offset":3687},"start":{"column":3,"line":152,"offset":3683}}},"scope":{"containerScope":{"containerScope":{"containerScope":{"containerScope":{"containerScope":{"containerScope":{"contributions":{},"includedScopes":[]},"contributions":{},"includedScopes":[]},"contributions":{},"includedScopes":[{"contributions":{},"includedScopes":[]},{"contributions":{},"includedScopes":[]},{"contributions":{},"includedScopes":[]}]},"contributions":{},"includedScopes":[{"containerScope":{"containerScope":{"containerScope":{"contributions":{},"includedScopes":[]},"contributions":{},"includedScopes":[]},"contributions":{},"includedScopes":[]},"contributions":{},"includedScopes":[]}]},"contributions":{},"includedScopes":[]},"contributions":{},"includedScopes":[]},"contributions":{},"includedScopes":[]},"sourceMap":{"end":{"column":38,"line":152,"offset":3718},"start":{"column":2,"line":152,"offset":3683}}}],"sourceMap":{"end":{"column":4,"line":154,"offset":3727},"start":{"column":22,"line":114,"offset":2765}}},"compiled":false,"id":"7762ba47-8a12-438a-b95f-575373151061","isOverride":false,"metadata":[],"name":"drawHearts","parameters":[],"problems":[],"scope":{"containerScope":{"containerScope":{"containerScope":{"containerScope":{"contributions":{},"includedScopes":[]},"contributions":{},"includedScopes":[]},"contributions":{},"includedScopes":[{"contributions":{},"includedScopes":[]},{"contributions":{},"includedScopes":[]},{"contributions":{},"includedScopes":[]}]},"contributions":{},"includedScopes":[{"containerScope":{"containerScope":{"containerScope":{"contributions":{},"includedScopes":[]},"contributions":{},"includedScopes":[]},"contributions":{},"includedScopes":[]},"contributions":{},"includedScopes":[]}]},"contributions":{},"includedScopes":[]},"sourceMap":{"end":{"column":4,"line":154,"offset":3727},"start":{"column":2,"line":114,"offset":2745}}}],"metadata":[],"name":"hearts","problems":[{"code":"malformedMember","sourceMap":{"end":{"column":32,"line":103,"offset":2514},"start":{"column":8,"line":103,"offset":2490}}}],"scope":{"containerScope":{"containerScope":{"containerScope":{"contributions":{},"includedScopes":[]},"contributions":{},"includedScopes":[]},"contributions":{},"includedScopes":[{"contributions":{},"includedScopes":[]},{"contributions":{},"includedScopes":[]},{"contributions":{},"includedScopes":[]}]},"contributions":{},"includedScopes":[{"containerScope":{"containerScope":{"containerScope":{"contributions":{},"includedScopes":[]},"contributions":{},"includedScopes":[]},"contributions":{},"includedScopes":[]},"contributions":{},"includedScopes":[]}]},"sourceMap":{"end":{"column":2,"line":155,"offset":3730},"start":{"column":1,"line":95,"offset":2311}},"supertypes":[]},"stack":"Error: Failed to print, found malformed node\n    at c:\\Users\\Guido\\.vscode\\extensions\\uqbar.wollok-lsp-ide-0.5.3\\out\\server\\src\\server.js:68:3585\n    at Gbn (c:\\Users\\Guido\\.vscode\\extensions\\uqbar.wollok-lsp-ide-0.5.3\\out\\server\\src\\server.js:68:3396)\n    at c:\\Users\\Guido\\.vscode\\extensions\\uqbar.wollok-lsp-ide-0.5.3\\out\\server\\src\\server.js:2393:847\n    at c:\\Users\\Guido\\.vscode\\extensions\\uqbar.wollok-lsp-ide-0.5.3\\out\\server\\src\\server.js:2393:8440\n    at c:\\Users\\Guido\\.vscode\\extensions\\uqbar.wollok-lsp-ide-0.5.3\\out\\server\\src\\server.js:37:74770\n    at Ye (c:\\Users\\Guido\\.vscode\\extensions\\uqbar.wollok-lsp-ide-0.5.3\\out\\server\\src\\server.js:7:8527)\n    at qt (c:\\Users\\Guido\\.vscode\\extensions\\uqbar.wollok-lsp-ide-0.5.3\\out\\server\\src\\server.js:7:6189)\n    at ot (c:\\Users\\Guido\\.vscode\\extensions\\uqbar.wollok-lsp-ide-0.5.3\\out\\server\\src\\server.js:7:6378)\n    at Immediate._onImmediate (c:\\Users\\Guido\\.vscode\\extensions\\uqbar.wollok-lsp-ide-0.5.3\\out\\server\\src\\server.js:7:6142)\n    at process.processImmediate (node:internal/timers:485:21)","timestamp":"2025-11-22T21:45:36.238Z"}
{"level":"error","message":"✘ Failed to get type description: Error: Failed to print, found malformed node Failed to print, found malformed node","node":{"id":"e5c53c62-e66d-43f9-aaf2-20dea603f662","members":[{"id":"83ecf897-213e-4233-b1d0-3f5081ca0af9","isConstant":true,"isProperty":false,"metadata":[],"name":"heartFull","scope":{"containerScope":{"containerScope":{"containerScope":{"containerScope":{"contributions":{},"includedScopes":[]},"contributions":{},"includedScopes":[]},"contributions":{},"includedScopes":[{"contributions":{},"includedScopes":[]},{"contributions":{},"includedScopes":[]},{"contributions":{},"includedScopes":[]}]},"contributions":{},"includedScopes":[{"containerScope":{"containerScope":{"containerScope":{"contributions":{},"includedScopes":[]},"contributions":{},"includedScopes":[]},"contributions":{},"includedScopes":[]},"contributions":{},"includedScopes":[]}]},"contributions":{},"includedScopes":[]},"sourceMap":{"end":{"column":31,"line":96,"offset":2358},"start":{"column":2,"line":96,"offset":2329}},"value":{"id":"f64e84c5-e6ad-48cf-a99b-7f4066f3602d","metadata":[],"scope":{"containerScope":{"containerScope":{"containerScope":{"containerScope":{"containerScope":{"contributions":{},"includedScopes":[]},"contributions":{},"includedScopes":[]},"contributions":{},"includedScopes":[{"contributions":{},"includedScopes":[]},{"contributions":{},"includedScopes":[]},{"contributions":{},"includedScopes":[]}]},"contributions":{},"includedScopes":[{"containerScope":{"containerScope":{"containerScope":{"contributions":{},"includedScopes":[]},"contributions":{},"includedScopes":[]},"contributions":{},"includedScopes":[]},"contributions":{},"includedScopes":[]}]},"contributions":{},"includedScopes":[]},"contributions":{},"includedScopes":[]},"sourceMap":{"end":{"column":31,"line":96,"offset":2358},"start":{"column":20,"line":96,"offset":2347}},"value":"Heart.png"}},{"id":"bd014c13-8be1-48b3-8299-48cba2d1e742","isConstant":true,"isProperty":false,"metadata":[],"name":"heartHalf","scope":{"containerScope":{"containerScope":{"containerScope":{"containerScope":{"contributions":{},"includedScopes":[]},"contributions":{},"includedScopes":[]},"contributions":{},"includedScopes":[{"contributions":{},"includedScopes":[]},{"contributions":{},"includedScopes":[]},{"contributions":{},"includedScopes":[]}]},"contributions":{},"includedScopes":[{"containerScope":{"containerScope":{"containerScope":{"contributions":{},"includedScopes":[]},"contributions":{},"includedScopes":[]},"contributions":{},"includedScopes":[]},"contributions":{},"includedScopes":[]}]},"contributions":{},"includedScopes":[]},"sourceMap":{"end":{"column":35,"line":97,"offset":2394},"start":{"column":2,"line":97,"offset":2361}},"value":{"id":"609831b1-0c7b-41c1-b46f-4db896b74bce","metadata":[],"scope":{"containerScope":{"containerScope":{"containerScope":{"containerScope":{"containerScope":{"contributions":{},"includedScopes":[]},"contributions":{},"includedScopes":[]},"contributions":{},"includedScopes":[{"contributions":{},"includedScopes":[]},{"contributions":{},"includedScopes":[]},{"contributions":{},"includedScopes":[]}]},"contributions":{},"includedScopes":[{"containerScope":{"containerScope":{"containerScope":{"contributions":{},"includedScopes":[]},"contributions":{},"includedScopes":[]},"contributions":{},"includedScopes":[]},"contributions":{},"includedScopes":[]}]},"contributions":{},"includedScopes":[]},"contributions":{},"includedScopes":[]},"sourceMap":{"end":{"column":35,"line":97,"offset":2394},"start":{"column":20,"line":97,"offset":2379}},"value":"HalfHeart.png"}},{"id":"885ac675-38ec-42a7-8685-30a7804ff303","isConstant":true,"isProperty":false,"metadata":[],"name":"heartEmpty","scope":{"containerScope":{"containerScope":{"containerScope":{"containerScope":{"contributions":{},"includedScopes":[]},"contributions":{},"includedScopes":[]},"contributions":{},"includedScopes":[{"contributions":{},"includedScopes":[]},{"contributions":{},"includedScopes":[]},{"contributions":{},"includedScopes":[]}]},"contributions":{},"includedScopes":[{"containerScope":{"containerScope":{"containerScope":{"contributions":{},"includedScopes":[]},"contributions":{},"includedScopes":[]},"contributions":{},"includedScopes":[]},"contributions":{},"includedScopes":[]}]},"contributions":{},"includedScopes":[]},"sourceMap":{"end":{"column":37,"line":98,"offset":2432},"start":{"column":2,"line":98,"offset":2397}},"value":{"id":"c39745c4-2e10-405e-806c-0eb242cafb8a","metadata":[],"scope":{"containerScope":{"containerScope":{"containerScope":{"containerScope":{"containerScope":{"contributions":{},"includedScopes":[]},"contributions":{},"includedScopes":[]},"contributions":{},"includedScopes":[{"contributions":{},"includedScopes":[]},{"contributions":{},"includedScopes":[]},{"contributions":{},"includedScopes":[]}]},"contributions":{},"includedScopes":[{"containerScope":{"containerScope":{"containerScope":{"contributions":{},"includedScopes":[]},"contributions":{},"includedScopes":[]},"contributions":{},"includedScopes":[]},"contributions":{},"includedScopes":[]}]},"contributions":{},"includedScopes":[]},"contributions":{},"includedScopes":[]},"sourceMap":{"end":{"column":37,"line":98,"offset":2432},"start":{"column":21,"line":98,"offset":2416}},"value":"EmptyHeart.png"}},{"id":"515f387b-b255-453e-8f7a-3bb934a3f280","isConstant":true,"isProperty":false,"metadata":[],"name":"heartVisual","scope":{"containerScope":{"containerScope":{"containerScope":{"containerScope":{"contributions":{},"includedScopes":[]},"contributions":{},"includedScopes":[]},"contributions":{},"includedScopes":[{"contributions":{},"includedScopes":[]},{"contributions":{},"includedScopes":[]},{"contributions":{},"includedScopes":[]}]},"contributions":{},"includedScopes":[{"containerScope":{"containerScope":{"containerScope":{"contributions":{},"includedScopes":[]},"contributions":{},"includedScopes":[]},"contributions":{},"includedScopes":[]},"contributions":{},"includedScopes":[]}]},"contributions":{},"includedScopes":[]},"sourceMap":{"end":{"column":24,"line":100,"offset":2460},"start":{"column":2,"line":100,"offset":2438}},"value":{"id":"941df1e7-96eb-4504-bc47-9842564fd172","metadata":[],"scope":{"containerScope":{"containerScope":{"containerScope":{"containerScope":{"containerScope":{"contributions":{},"includedScopes":[]},"contributions":{},"includedScopes":[]},"contributions":{},"includedScopes":[{"contributions":{},"includedScopes":[]},{"contributions":{},"includedScopes":[]},{"contributions":{},"includedScopes":[]}]},"contributions":{},"includedScopes":[{"containerScope":{"containerScope":{"containerScope":{"contributions":{},"includedScopes":[]},"contributions":{},"includedScopes":[]},"contributions":{},"includedScopes":[]},"contributions":{},"includedScopes":[]}]},"contributions":{},"includedScopes":[]},"contributions":{},"includedScopes":[]},"sourceMap":{"end":{"column":24,"line":100,"offset":2460},"start":{"column":22,"line":100,"offset":2458}},"value":[{"id":"78a71038-6215-4af4-a4e6-4a4a7442e7f5","metadata":[],"name":"wollok.lang.List","scope":{"containerScope":{"containerScope":{"containerScope":{"containerScope":{"containerScope":{"containerScope":{"contributions":{},"includedScopes":[]},"contributions":{},"includedScopes":[]},"contributions":{},"includedScopes":[{"contributions":{},"includedScopes":[]},{"contributions":{},"includedScopes":[]},{"contributions":{},"includedScopes":[]}]},"contributions":{},"includedScopes":[{"containerScope":{"containerScope":{"containerScope":{"contributions":{},"includedScopes":[]},"contributions":{},"includedScopes":[]},"contributions":{},"includedScopes":[]},"contributions":{},"includedScopes":[]}]},"contributions":{},"includedScopes":[]},"contributions":{},"includedScopes":[]},"contributions":{},"includedScopes":[]}},[]]}},{"id":"11a6b8d1-84f1-4c3a-a563-e0bb2d0c8fe3","isConstant":true,"isProperty":false,"metadata":[],"name":"startX","scope":{"containerScope":{"containerScope":{"containerScope":{"containerScope":{"contributions":{},"includedScopes":[]},"contributions":{},"includedScopes":[]},"contributions":{},"includedScopes":[{"contributions":{},"includedScopes":[]},{"contributions":{},"includedScopes":[]},{"contributions":{},"includedScopes":[]}]},"contributions":{},"includedScopes":[{"containerScope":{"containerScope":{"containerScope":{"contributions":{},"includedScopes":[]},"contributions":{},"includedScopes":[]},"contributions":{},"includedScopes":[]},"contributions":{},"includedScopes":[]}]},"contributions":{},"includedScopes":[]},"sourceMap":{"end":{"column":7,"line":103,"offset":2489},"start":{"column":2,"line":102,"offset":2466}},"value":{"id":"3c4f576e-7bd4-4036-be0d-1c5462b5ce09","metadata":[],"name":"const","scope":{"containerScope":{"containerScope":{"containerScope":{"containerScope":{"containerScope":{"contributions":{},"includedScopes":[]},"contributions":{},"includedScopes":[]},"contributions":{},"includedScopes":[{"contributions":{},"includedScopes":[]},{"contributions":{},"includedScopes":[]},{"contributions":{},"includedScopes":[]}]},"contributions":{},"includedScopes":[{"containerScope":{"containerScope":{"containerScope":{"contributions":{},"includedScopes":[]},"contributions":{},"includedScopes":[]},"contributions":{},"includedScopes":[]},"contributions":{},"includedScopes":[]}]},"contributions":{},"includedScopes":[]},"contributions":{},"includedScopes":[]},"sourceMap":{"end":{"column":7,"line":103,"offset":2489},"start":{"column":2,"line":103,"offset":2484}}}},{"body":{"id":"a9976b8c-b120-4315-a03a-79f0d320b061","metadata":[],"problems":[],"scope":{"containerScope":{"containerScope":{"containerScope":{"containerScope":{"containerScope":{"contributions":{},"includedScopes":[]},"contributions":{},"includedScopes":[]},"contributions":{},"includedScopes":[{"contributions":{},"includedScopes":[]},{"contributions":{},"includedScopes":[]},{"contributions":{},"includedScopes":[]}]},"contributions":{},"includedScopes":[{"containerScope":{"containerScope":{"containerScope":{"contributions":{},"includedScopes":[]},"contributions":{},"includedScopes":[]},"contributions":{},"includedScopes":[]},"contributions":{},"includedScopes":[]}]},"contributions":{},"includedScopes":[]},"contributions":{},"includedScopes":[]},"sentences":[{"id":"588f6bac-2fe8-4820-b79e-d30e58564090","isConstant":true,"metadata":[],"name":"heartsVisual","scope":{"containerScope":{"containerScope":{"containerScope":{"containerScope":{"containerScope":{"containerScope":{"contributions":{},"includedScopes":[]},"contributions":{},"includedScopes":[]},"contributions":{},"includedScopes":[{"contributions":{},"includedScopes":[]},{"contributions":{},"includedScopes":[]},{"contributions":{},"includedScopes":[]}]},"contributions":{},"includedScopes":[{"containerScope":{"containerScope":{"containerScope":{"contributions":{},"includedScopes":[]},"contributions":{},"includedScopes":[]},"contributions":{},"includedScopes":[]},"contributions":{},"includedScopes":[]}]},"contributions":{},"includedScopes":[]},"contributions":{},"includedScopes":[]},"contributions":{},"includedScopes":[]},"sourceMap":{"end":{"column":4,"line":109,"offset":2670},"start":{"column":3,"line":106,"offset":2562}},"value":{"args":[{"id":"6cdd82fa-92a2-4c9f-9e6b-60daa96c46c7","metadata":[],"name":"position","scope":{"containerScope":{"containerScope":{"containerScope":{"containerScope":{"containerScope":{"containerScope":{"containerScope":{"containerScope":{"contributions":{},"includedScopes":[]},"contributions":{},"includedScopes":[]},"contributions":{},"includedScopes":[{"contributions":{},"includedScopes":[]},{"contributions":{},"includedScopes":[]},{"contributions":{},"includedScopes":[]}]},"contributions":{},"includedScopes":[{"containerScope":{"containerScope":{"containerScope":{"contributions":{},"includedScopes":[]},"contributions":{},"includedScopes":[]},"contributions":{},"includedScopes":[]},"contributions":{},"includedScopes":[]}]},"contributions":{},"includedScopes":[]},"contributions":{},"includedScopes":[]},"contributions":{},"includedScopes":[]},"contributions":{},"includedScopes":[]},"contributions":{},"includedScopes":[]},"sourceMap":{"end":{"column":46,"line":107,"offset":2646},"start":{"column":4,"line":107,"offset":2604}},"value":{"args":[{"args":[{"id":"abba80ee-03c6-4b46-a503-d15d130be503","metadata":[],"name":"index","scope":{"containerScope":{"containerScope":{"containerScope":{"containerScope":{"containerScope":{"containerScope":{"containerScope":{"containerScope":{"containerScope":{"containerScope":{"containerScope":{"contributions":{},"includedScopes":[]},"contributions":{},"includedScopes":[]},"contributions":{},"includedScopes":[{"contributions":{},"includedScopes":[]},{"contributions":{},"includedScopes":[]},{"contributions":{},"includedScopes":[]}]},"contributions":{},"includedScopes":[{"containerScope":{"containerScope":{"containerScope":{"contributions":{},"includedScopes":[]},"contributions":{},"includedScopes":[]},"contributions":{},"includedScopes":[]},"contributions":{},"includedScopes":[]}]},"contributions":{},"includedScopes":[]},"contributions":{},"includedScopes":[]},"contributions":{},"includedScopes":[]},"contributions":{},"includedScopes":[]},"contributions":{},"includedScopes":[]},"contributions":{},"includedScopes":[]},"contributions":{},"includedScopes":[]},"contributions":{},"includedScopes":[]},"sourceMap":{"end":{"column":37,"line":107,"offset":2637},"start":{"column":32,"line":107,"offset":2632}}}],"id":"d62b7c9d-4987-400b-be99-e93ecd9f1b4f","message":"+","metadata":[],"receiver":{"id":"e28e1394-528e-4218-a205-29f5b38753c0","metadata":[],"name":"startX","scope":{"containerScope":{"containerScope":{"containerScope":{"containerScope":{"containerScope":{"containerScope":{"containerScope":{"containerScope":{"containerScope":{"containerScope":{"containerScope":{"contributions":{},"includedScopes":[]},"contributions":{},"includedScopes":[]},"contributions":{},"includedScopes":[{"contributions":{},"includedScopes":[]},{"contributions":{},"includedScopes":[]},{"contributions":{},"includedScopes":[]}]},"contributions":{},"includedScopes":[{"containerScope":{"containerScope":{"containerScope":{"contributions":{},"includedScopes":[]},"contributions":{},"includedScopes":[]},"contributions":{},"includedScopes":[]},"contributions":{},"includedScopes":[]}]},"contributions":{},"includedScopes":[]},"contributions":{},"includedScopes":[]},"contributions":{},"includedScopes":[]},"contributions":{},"includedScopes":[]},"contributions":{},"includedScopes":[]},"contributions":{},"includedScopes":[]},"contributions":{},"includedScopes":[]},"contributions":{},"includedScopes":[]},"sourceMap":{"end":{"column":29,"line":107,"offset":2629},"start":{"column":23,"line":107,"offset":2623}}},"scope":{"containerScope":{"containerScope":{"containerScope":{"containerScope":{"containerScope":{"containerScope":{"containerScope":{"containerScope":{"containerScope":{"containerScope":{"contributions":{},"includedScopes":[]},"contributions":{},"includedScopes":[]},"contributions":{},"includedScopes":[{"contributions":{},"includedScopes":[]},{"contributions":{},"includedScopes":[]},{"contributions":{},"includedScopes":[]}]},"contributions":{},"includedScopes":[{"containerScope":{"containerScope":{"containerScope":{"contributions":{},"includedScopes":[]},"contributions":{},"includedScopes":[]},"contributions":{},"includedScopes":[]},"contributions":{},"includedScopes":[]}]},"contributions":{},"includedScopes":[]},"contributions":{},"includedScopes":[]},"contributions":{},"includedScopes":[]},"contributions":{},"includedScopes":[]},"contributions":{},"includedScopes":[]},"contributions":{},"includedScopes":[]},"contributions":{},"includedScopes":[]},"sourceMap":{"end":{"column":37,"line":107,"offset":2637},"start":{"column":23,"line":107,"offset":2623}}},{"id":"0150d0ad-685a-478f-8377-c7e23b24533d","metadata":[],"name":"startY","scope":{"containerScope":{"containerScope":{"containerScope":{"containerScope":{"containerScope":{"containerScope":{"containerScope":{"containerScope":{"containerScope":{"containerScope":{"contributions":{},"includedScopes":[]},"contributions":{},"includedScopes":[]},"contributions":{},"includedScopes":[{"contributions":{},"includedScopes":[]},{"contributions":{},"includedScopes":[]},{"contributions":{},"includedScopes":[]}]},"contributions":{},"includedScopes":[{"containerScope":{"containerScope":{"containerScope":{"contributions":{},"includedScopes":[]},"contributions":{},"includedScopes":[]},"contributions":{},"includedScopes":[]},"contributions":{},"includedScopes":[]}]},"contributions":{},"includedScopes":[]},"contributions":{},"includedScopes":[]},"contributions":{},"includedScopes":[]},"contributions":{},"includedScopes":[]},"contributions":{},"includedScopes":[]},"contributions":{},"includedScopes":[]},"contributions":{},"includedScopes":[]},"sourceMap":{"end":{"column":45,"line":107,"offset":2645},"start":{"column":39,"line":107,"offset":2639}}}],"id":"e5d0069d-1b4d-4af4-bfa5-0433700190a2","message":"at","metadata":[],"receiver":{"id":"1670e957-75f8-4141-8e11-88d51ca3059f","metadata":[],"name":"game","scope":{"containerScope":{"containerScope":{"containerScope":{"containerScope":{"containerScope":{"containerScope":{"containerScope":{"containerScope":{"containerScope":{"containerScope":{"contributions":{},"includedScopes":[]},"contributions":{},"includedScopes":[]},"contributions":{},"includedScopes":[{"contributions":{},"includedScopes":[]},{"contributions":{},"includedScopes":[]},{"contributions":{},"includedScopes":[]}]},"contributions":{},"includedScopes":[{"containerScope":{"containerScope":{"containerScope":{"contributions":{},"includedScopes":[]},"contributions":{},"includedScopes":[]},"contributions":{},"includedScopes":[]},"contributions":{},"includedScopes":[]}]},"contributions":{},"includedScopes":[]},"contributions":{},"includedScopes":[]},"contributions":{},"includedScopes":[]},"contributions":{},"includedScopes":[]},"contributions":{},"includedScopes":[]},"contributions":{},"includedScopes":[]},"contributions":{},"includedScopes":[]},"sourceMap":{"end":{"column":19,"line":107,"offset":2619},"start":{"column":15,"line":107,"offset":2615}}},"scope":{"containerScope":{"containerScope":{"containerScope":{"containerScope":{"containerScope":{"containerScope":{"containerScope":{"containerScope":{"containerScope":{"contributions":{},"includedScopes":[]},"contributions":{},"includedScopes":[]},"contributions":{},"includedScopes":[{"contributions":{},"includedScopes":[]},{"contributions":{},"includedScopes":[]},{"contributions":{},"includedScopes":[]}]},"contributions":{},"includedScopes":[{"containerScope":{"containerScope":{"containerScope":{"contributions":{},"includedScopes":[]},"contributions":{},"includedScopes":[]},"contributions":{},"includedScopes":[]},"contributions":{},"includedScopes":[]}]},"contributions":{},"includedScopes":[]},"contributions":{},"includedScopes":[]},"contributions":{},"includedScopes":[]},"contributions":{},"includedScopes":[]},"contributions":{},"includedScopes":[]},"contributions":{},"includedScopes":[]},"sourceMap":{"end":{"column":46,"line":107,"offset":2646},"start":{"column":15,"line":107,"offset":2615}}}},{"id":"87d99bfd-41c5-4035-b8b6-e422caba855a","metadata":[],"name":"image","scope":{"containerScope":{"containerScope":{"containerScope":{"containerScope":{"containerScope":{"containerScope":{"containerScope":{"containerScope":{"contributions":{},"includedScopes":[]},"contributions":{},"includedScopes":[]},"contributions":{},"includedScopes":[{"contributions":{},"includedScopes":[]},{"contributions":{},"includedScopes":[]},{"contributions":{},"includedScopes":[]}]},"contributions":{},"includedScopes":[{"containerScope":{"containerScope":{"containerScope":{"contributions":{},"includedScopes":[]},"contributions":{},"includedScopes":[]},"contributions":{},"includedScopes":[]},"contributions":{},"includedScopes":[]}]},"contributions":{},"includedScopes":[]},"contributions":{},"includedScopes":[]},"contributions":{},"includedScopes":[]},"contributions":{},"includedScopes":[]},"contributions":{},"includedScopes":[]},"sourceMap":{"end":{"column":17,"line":108,"offset":2665},"start":{"column":4,"line":108,"offset":2652}},"value":{"id":"dce7d752-fdd4-450e-b0ac-98467424ee43","metadata":[],"name":"image","scope":{"containerScope":{"containerScope":{"containerScope":{"containerScope":{"containerScope":{"containerScope":{"containerScope":{"containerScope":{"containerScope":{"contributions":{},"includedScopes":[]},"contributions":{},"includedScopes":[]},"contributions":{},"includedScopes":[{"contributions":{},"includedScopes":[]},{"contributions":{},"includedScopes":[]},{"contributions":{},"includedScopes":[]}]},"contributions":{},"includedScopes":[{"containerScope":{"containerScope":{"containerScope":{"contributions":{},"includedScopes":[]},"contributions":{},"includedScopes":[]},"contributions":{},"includedScopes":[]},"contributions":{},"includedScopes":[]}]},"contributions":{},"includedScopes":[]},"contributions":{},"includedScopes":[]},"contributions":{},"includedScopes":[]},"contributions":{},"includedScopes":[]},"contributions":{},"includedScopes":[]},"contributions":{},"includedScopes":[]},"sourceMap":{"end":{"column":17,"line":108,"offset":2665},"start":{"column":12,"line":108,"offset":2660}}}}],"id":"a9e46afd-f382-47bc-bd81-5f9a116339a9","instantiated":{"id":"311d66a4-cdd1-4a73-ac69-64d9f5cfc4a3","metadata":[],"name":"HeartVisual","scope":{"containerScope":{"containerScope":{"containerScope":{"containerScope":{"containerScope":{"containerScope":{"containerScope":{"containerScope":{"contributions":{},"includedScopes":[]},"contributions":{},"includedScopes":[]},"contributions":{},"includedScopes":[{"contributions":{},"includedScopes":[]},{"contributions":{},"includedScopes":[]},{"contributions":{},"includedScopes":[]}]},"contributions":{},"includedScopes":[{"containerScope":{"containerScope":{"containerScope":{"contributions":{},"includedScopes":[]},"contributions":{},"includedScopes":[]},"contributions":{},"includedScopes":[]},"contributions":{},"includedScopes":[]}]},"contributions":{},"includedScopes":[]},"contributions":{},"includedScopes":[]},"contributions":{},"includedScopes":[]},"contributions":{},"includedScopes":[]},"contributions":{},"includedScopes":[]},"sourceMap":{"end":{"column":39,"line":106,"offset":2598},"start":{"column":28,"line":106,"offset":2587}}},"metadata":[],"scope":{"containerScope":{"containerScope":{"containerScope":{"containerScope":{"containerScope":{"containerScope":{"containerScope":{"contributions":{},"includedScopes":[]},"contributions":{},"includedScopes":[]},"contributions":{},"includedScopes":[{"contributions":{},"includedScopes":[]},{"contributions":{},"includedScopes":[]},{"contributions":{},"includedScopes":[]}]},"contributions":{},"includedScopes":[{"containerScope":{"containerScope":{"containerScope":{"contributions":{},"includedScopes":[]},"contributions":{},"includedScopes":[]},"contributions":{},"includedScopes":[]},"contributions":{},"includedScopes":[]}]},"contributions":{},"includedScopes":[]},"contributions":{},"includedScopes":[]},"contributions":{},"includedScopes":[]},"contributions":{},"includedScopes":[]},"sourceMap":{"end":{"column":4,"line":109,"offset":2670},"start":{"column":24,"line":106,"offset":2583}}}},{"args":[{"id":"f0e4d2f0-d7a3-4393-b854-1b1ddb2c96a6","metadata":[],"name":"heartsVisual","scope":{"containerScope":{"containerScope":{"containerScope":{"containerScope":{"containerScope":{"containerScope":{"containerScope":{"contributions":{},"includedScopes":[]},"contributions":{},"includedScopes":[]},"contributions":{},"includedScopes":[{"contributions":{},"includedScopes":[]},{"contributions":{},"includedScopes":[]},{"contributions":{},"includedScopes":[]}]},"contributions":{},"includedScopes":[{"containerScope":{"containerScope":{"containerScope":{"contributions":{},"includedScopes":[]},"contributions":{},"includedScopes":[]},"contributions":{},"includedScopes":[]},"contributions":{},"includedScopes":[]}]},"contributions":{},"includedScopes":[]},"contributions":{},"includedScopes":[]},"contributions":{},"includedScopes":[]},"contributions":{},"includedScopes":[]},"sourceMap":{"end":{"column":30,"line":110,"offset":2701},"start":{"column":18,"line":110,"offset":2689}}}],"id":"1bbd4dea-b393-4f89-97f5-7913348810dc","message":"addVisual","metadata":[],"receiver":{"id":"8cc5fa89-0d5f-4116-9070-3e03cdde11b1","metadata":[],"name":"game","scope":{"containerScope":{"containerScope":{"containerScope":{"containerScope":{"containerScope":{"containerScope":{"containerScope":{"contributions":{},"includedScopes":[]},"contributions":{},"includedScopes":[]},"contributions":{},"includedScopes":[{"contributions":{},"includedScopes":[]},{"contributions":{},"includedScopes":[]},{"contributions":{},"includedScopes":[]}]},"contributions":{},"includedScopes":[{"containerScope":{"containerScope":{"containerScope":{"contributions":{},"includedScopes":[]},"contributions":{},"includedScopes":[]},"contributions":{},"includedScopes":[]},"contributions":{},"includedScopes":[]}]},"contributions":{},"includedScopes":[]},"contributions":{},"includedScopes":[]},"contributions":{},"includedScopes":[]},"contributions":{},"includedScopes":[]},"sourceMap":{"end":{"column":7,"line":110,"offset":2678},"start":{"column":3,"line":110,"offset":2674}}},"scope":{"containerScope":{"containerScope":{"containerScope":{"containerScope":{"containerScope":{"containerScope":{"contributions":{},"includedScopes":[]},"contributions":{},"includedScopes":[]},"contributions":{},"includedScopes":[{"contributions":{},"includedScopes":[]},{"contributions":{},"includedScopes":[]},{"contributions":{},"includedScopes":[]}]},"contributions":{},"includedScopes":[{"containerScope":{"containerScope":{"containerScope":{"contributions":{},"includedScopes":[]},"contributions":{},"includedScopes":[]},"contributions":{},"includedScopes":[]},"contributions":{},"includedScopes":[]}]},"contributions":{},"includedScopes":[]},"contributions":{},"includedScopes":[]},"contributions":{},"includedScopes":[]},"sourceMap":{"end":{"column":31,"line":110,"offset":2702},"start":{"column":3,"line":110,"offset":2674}}},{"args":[{"id":"3ec89407-c3c0-4028-be36-c9da8808291f","metadata":[],"name":"heartsVisual","scope":{"containerScope":{"containerScope":{"containerScope":{"containerScope":{"containerScope":{"containerScope":{"containerScope":{"contributions":{},"includedScopes":[]},"contributions":{},"includedScopes":[]},"contributions":{},"includedScopes":[{"contributions":{},"includedScopes":[]},{"contributions":{},"includedScopes":[]},{"contributions":{},"includedScopes":[]}]},"contributions":{},"includedScopes":[{"containerScope":{"containerScope":{"containerScope":{"contributions":{},"includedScopes":[]},"contributions":{},"includedScopes":[]},"contributions":{},"includedScopes":[]},"contributions":{},"includedScopes":[]}]},"contributions":{},"includedScopes":[]},"contributions":{},"includedScopes":[]},"contributions":{},"includedScopes":[]},"contributions":{},"includedScopes":[]},"sourceMap":{"end":{"column":31,"line":111,"offset":2734},"start":{"column":19,"line":111,"offset":2722}}}],"id":"ab41ba38-78b9-448b-b2fa-ec241bdc7e93","message":"add","metadata":[],"receiver":{"id":"96b97437-be09-444c-9f83-c23c6316d6e2","metadata":[],"name":"heartVisual","scope":{"containerScope":{"containerScope":{"containerScope":{"containerScope":{"containerScope":{"containerScope":{"containerScope":{"contributions":{},"includedScopes":[]},"contributions":{},"includedScopes":[]},"contributions":{},"includedScopes":[{"contributions":{},"includedScopes":[]},{"contributions":{},"includedScopes":[]},{"contributions":{},"includedScopes":[]}]},"contributions":{},"includedScopes":[{"containerScope":{"containerScope":{"containerScope":{"contributions":{},"includedScopes":[]},"contributions":{},"includedScopes":[]},"contributions":{},"includedScopes":[]},"contributions":{},"includedScopes":[]}]},"contributions":{},"includedScopes":[]},"contributions":{},"includedScopes":[]},"contributions":{},"includedScopes":[]},"contributions":{},"includedScopes":[]},"sourceMap":{"end":{"column":14,"line":111,"offset":2717},"start":{"column":3,"line":111,"offset":2706}}},"scope":{"containerScope":{"containerScope":{"containerScope":{"containerScope":{"containerScope":{"containerScope":{"contributions":{},"includedScopes":[]},"contributions":{},"includedScopes":[]},"contributions":{},"includedScopes":[{"contributions":{},"includedScopes":[]},{"contributions":{},"includedScopes":[]},{"contributions":{},"includedScopes":[]}]},"contributions":{},"includedScopes":[{"containerScope":{"containerScope":{"containerScope":{"contributions":{},"includedScopes":[]},"contributions":{},"includedScopes":[]},"contributions":{},"includedScopes":[]},"contributions":{},"includedScopes":[]}]},"contributions":{},"includedScopes":[]},"contributions":{},"includedScopes":[]},"contributions":{},"includedScopes":[]},"sourceMap":{"end":{"column":32,"line":111,"offset":2735},"start":{"column":2,"line":111,"offset":2706}}}],"sourceMap":{"end":{"column":3,"line":112,"offset":2739},"start":{"column":39,"line":105,"offset":2557}}},"compiled":false,"id":"b0dac31b-b665-492b-92d4-7d0076c1dd4c","isOverride":false,"metadata":[],"name":"drawSingleHeart","parameters":[{"id":"1027d7fa-ee22-4b8e-b680-3e10c3469e93","isVarArg":false,"metadata":[],"name":"image","scope":{"containerScope":{"containerScope":{"containerScope":{"containerScope":{"containerScope":{"contributions":{},"includedScopes":[]},"contributions":{},"includedScopes":[]},"contributions":{},"includedScopes":[{"contributions":{},"includedScopes":[]},{"contributions":{},"includedScopes":[]},{"contributions":{},"includedScopes":[]}]},"contributions":{},"includedScopes":[{"containerScope":{"containerScope":{"containerScope":{"contributions":{},"includedScopes":[]},"contributions":{},"includedScopes":[]},"contributions":{},"includedScopes":[]},"contributions":{},"includedScopes":[]}]},"contributions":{},"includedScopes":[]},"contributions":{},"includedScopes":[]},"sourceMap":{"end":{"column":30,"line":105,"offset":2548},"start":{"column":25,"line":105,"offset":2543}}},{"id":"eb9c77c1-22a8-454a-9bbb-584d4f6a5c6f","isVarArg":false,"metadata":[],"name":"index","scope":{"containerScope":{"containerScope":{"containerScope":{"containerScope":{"containerScope":{"contributions":{},"includedScopes":[]},"contributions":{},"includedScopes":[]},"contributions":{},"includedScopes":[{"contributions":{},"includedScopes":[]},{"contributions":{},"includedScopes":[]},{"contributions":{},"includedScopes":[]}]},"contributions":{},"includedScopes":[{"containerScope":{"containerScope":{"containerScope":{"contributions":{},"includedScopes":[]},"contributions":{},"includedScopes":[]},"contributions":{},"includedScopes":[]},"contributions":{},"includedScopes":[]}]},"contributions":{},"includedScopes":[]},"contributions":{},"includedScopes":[]},"sourceMap":{"end":{"column":37,"line":105,"offset":2555},"start":{"column":32,"line":105,"offset":2550}}}],"problems":[],"scope":{"containerScope":{"containerScope":{"containerScope":{"containerScope":{"contributions":{},"includedScopes":[]},"contributions":{},"includedScopes":[]},"contributions":{},"includedScopes":[{"contributions":{},"includedScopes":[]},{"contributions":{},"includedScopes":[]},{"contributions":{},"includedScopes":[]}]},"contributions":{},"includedScopes":[{"containerScope":{"containerScope":{"containerScope":{"contributions":{},"includedScopes":[]},"contributions":{},"includedScopes":[]},"contributions":{},"includedScopes":[]},"contributions":{},"includedScopes":[]}]},"contributions":{},"includedScopes":[]},"sourceMap":{"end":{"column":3,"line":112,"offset":2739},"start":{"column":2,"line":105,"offset":2520}}},{"body":{"id":"38417c4f-13b6-41ec-bf62-b93cae1c0d34","metadata":[],"problems":[],"scope":{"containerScope":{"containerScope":{"containerScope":{"containerScope":{"containerScope":{"contributions":{},"includedScopes":[]},"contributions":{},"includedScopes":[]},"contributions":{},"includedScopes":[{"contributions":{},"includedScopes":[]},{"contributions":{},"includedScopes":[]},{"contributions":{},"includedScopes":[]}]},"contributions":{},"includedScopes":[{"containerScope":{"containerScope":{"containerScope":{"contributions":{},"includedScopes":[]},"contributions":{},"includedScopes":[]},"contributions":{},"includedScopes":[]},"contributions":{},"includedScopes":[]}]},"contributions":{},"includedScopes":[]},"contributions":{},"includedScopes":[]},"sentences":[{"condition":{"args":[{"id":"a7bc4aa9-31c8-4fa5-9a5f-a0611d91f826","metadata":[],"scope":{"containerScope":{"containerScope":{"containerScope":{"containerScope":{"containerScope":{"containerScope":{"containerScope":{"containerScope":{"contributions":{},"includedScopes":[]},"contributions":{},"includedScopes":[]},"contributions":{},"includedScopes":[{"contributions":{},"includedScopes":[]},{"contributions":{},"includedScopes":[]},{"contributions":{},"includedScopes":[]}]},"contributions":{},"includedScopes":[{"containerScope":{"containerScope":{"containerScope":{"contributions":{},"includedScopes":[]},"contributions":{},"includedScopes":[]},"contributions":{},"includedScopes":[]},"contributions":{},"includedScopes":[]}]},"contributions":{},"includedScopes":[]},"contributions":{},"includedScopes":[]},"contributions":{},"includedScopes":[]},"contributions":{},"includedScopes":[]},"contributions":{},"includedScopes":[]},"sourceMap":{"end":{"column":30,"line":115,"offset":2797},"start":{"column":26,"line":115,"offset":2793}},"value":null}],"id":"484148e5-80a8-4aa4-b844-65b8defa0c0a","message":"==","metadata":[],"receiver":{"args":[],"id":"891f7a25-d175-489d-8ba2-28697cb41159","message":"entity","metadata":[],"receiver":{"id":"b4b89530-2732-461b-9aa3-b354eab9b961","metadata":[],"name":"player","scope":{"containerScope":{"containerScope":{"containerScope":{"containerScope":{"containerScope":{"containerScope":{"containerScope":{"containerScope":{"containerScope":{"contributions":{},"includedScopes":[]},"contributions":{},"includedScopes":[]},"contributions":{},"includedScopes":[{"contributions":{},"includedScopes":[]},{"contributions":{},"includedScopes":[]},{"contributions":{},"includedScopes":[]}]},"contributions":{},"includedScopes":[{"containerScope":{"containerScope":{"containerScope":{"contributions":{},"includedScopes":[]},"contributions":{},"includedScopes":[]},"contributions":{},"includedScopes":[]},"contributions":{},"includedScopes":[]}]},"contributions":{},"includedScopes":[]},"contributions":{},"includedScopes":[]},"contributions":{},"includedScopes":[]},"contributions":{},"includedScopes":[]},"contributions":{},"includedScopes":[]},"contributions":{},"includedScopes":[]},"sourceMap":{"end":{"column":13,"line":115,"offset":2780},"start":{"column":7,"line":115,"offset":2774}}},"scope":{"containerScope":{"containerScope":{"containerScope":{"containerScope":{"containerScope":{"containerScope":{"containerScope":{"containerScope":{"contributions":{},"includedScopes":[]},"contributions":{},"includedScopes":[]},"contributions":{},"includedScopes":[{"contributions":{},"includedScopes":[]},{"contributions":{},"includedScopes":[]},{"contributions":{},"includedScopes":[]}]},"contributions":{},"includedScopes":[{"containerScope":{"containerScope":{"containerScope":{"contributions":{},"includedScopes":[]},"contributions":{},"includedScopes":[]},"contributions":{},"includedScopes":[]},"contributions":{},"includedScopes":[]}]},"contributions":{},"includedScopes":[]},"contributions":{},"includedScopes":[]},"contributions":{},"includedScopes":[]},"contributions":{},"includedScopes":[]},"contributions":{},"includedScopes":[]},"sourceMap":{"end":{"column":22,"line":115,"offset":2789},"start":{"column":7,"line":115,"offset":2774}}},"scope":{"containerScope":{"containerScope":{"containerScope":{"containerScope":{"containerScope":{"containerScope":{"containerScope":{"contributions":{},"includedScopes":[]},"contributions":{},"includedScopes":[]},"contributions":{},"includedScopes":[{"contributions":{},"includedScopes":[]},{"contributions":{},"includedScopes":[]},{"contributions":{},"includedScopes":[]}]},"contributions":{},"includedScopes":[{"containerScope":{"containerScope":{"containerScope":{"contributions":{},"includedScopes":[]},"contributions":{},"includedScopes":[]},"contributions":{},"includedScopes":[]},"contributions":{},"includedScopes":[]}]},"contributions":{},"includedScopes":[]},"contributions":{},"includedScopes":[]},"contributions":{},"includedScopes":[]},"contributions":{},"includedScopes":[]},"sourceMap":{"end":{"column":30,"line":115,"offset":2797},"start":{"column":7,"line":115,"offset":2774}}},"elseBody":{"id":"cdb12c05-2dda-4c13-93e1-c8e39452f2bf","metadata":[],"scope":{"containerScope":{"containerScope":{"containerScope":{"containerScope":{"containerScope":{"containerScope":{"containerScope":{"contributions":{},"includedScopes":[]},"contributions":{},"includedScopes":[]},"contributions":{},"includedScopes":[{"contributions":{},"includedScopes":[]},{"contributions":{},"includedScopes":[]},{"contributions":{},"includedScopes":[]}]},"contributions":{},"includedScopes":[{"containerScope":{"containerScope":{"containerScope":{"contributions":{},"includedScopes":[]},"contributions":{},"includedScopes":[]},"contributions":{},"includedScopes":[]},"contributions":{},"includedScopes":[]}]},"contributions":{},"includedScopes":[]},"contributions":{},"includedScopes":[]},"contributions":{},"includedScopes":[]},"contributions":{},"includedScopes":[]},"sentences":[]},"id":"4dc7ba4e-ba1b-424e-971e-dcb51737b34a","metadata":[],"scope":{"containerScope":{"containerScope":{"containerScope":{"containerScope":{"containerScope":{"containerScope":{"contributions":{},"includedScopes":[]},"contributions":{},"includedScopes":[]},"contributions":{},"includedScopes":[{"contributions":{},"includedScopes":[]},{"contributions":{},"includedScopes":[]},{"contributions":{},"includedScopes":[]}]},"contributions":{},"includedScopes":[{"containerScope":{"containerScope":{"containerScope":{"contributions":{},"includedScopes":[]},"contributions":{},"includedScopes":[]},"contributions":{},"includedScopes":[]},"contributions":{},"includedScopes":[]}]},"contributions":{},"includedScopes":[]},"contributions":{},"includedScopes":[]},"contributions":{},"includedScopes":[]},"sourceMap":{"end":{"column":4,"line":116,"offset":2805},"start":{"column":3,"line":115,"offset":2770}},"thenBody":{"id":"7eb399ee-b392-47fa-935a-ae0f159ea38f","metadata":[],"problems":[],"scope":{"containerScope":{"containerScope":{"containerScope":{"containerScope":{"containerScope":{"containerScope":{"containerScope":{"contributions":{},"includedScopes":[]},"contributions":{},"includedScopes":[]},"contributions":{},"includedScopes":[{"contributions":{},"includedScopes":[]},{"contributions":{},"includedScopes":[]},{"contributions":{},"includedScopes":[]}]},"contributions":{},"includedScopes":[{"containerScope":{"containerScope":{"containerScope":{"contributions":{},"includedScopes":[]},"contributions":{},"includedScopes":[]},"contributions":{},"includedScopes":[]},"contributions":{},"includedScopes":[]}]},"contributions":{},"includedScopes":[]},"contributions":{},"includedScopes":[]},"contributions":{},"includedScopes":[]},"contributions":{},"includedScopes":[]},"sentences":[],"sourceMap":{"end":{"column":4,"line":116,"offset":2805},"start":{"column":32,"line":115,"offset":2799}}}},{"args":[{"id":"c50e92ef-c3c0-4b06-95cd-7d9b70f95f82","members":[{"body":{"id":"d2868b2f-3915-4d76-929e-721cceffd813","metadata":[],"scope":{"containerScope":{"containerScope":{"containerScope":{"containerScope":{"containerScope":{"containerScope":{"containerScope":{"containerScope":{"containerScope":{"contributions":{},"includedScopes":[]},"contributions":{},"includedScopes":[]},"contributions":{},"includedScopes":[{"contributions":{},"includedScopes":[]},{"contributions":{},"includedScopes":[]},{"contributions":{},"includedScopes":[]}]},"contributions":{},"includedScopes":[{"containerScope":{"containerScope":{"containerScope":{"contributions":{},"includedScopes":[]},"contributions":{},"includedScopes":[]},"contributions":{},"includedScopes":[]},"contributions":{},"includedScopes":[]}]},"contributions":{},"includedScopes":[]},"contributions":{},"includedScopes":[]},"contributions":{},"includedScopes":[]},"contributions":{},"includedScopes":[{"containerScope":{"containerScope":{"containerScope":{"contributions":{},"includedScopes":[]},"contributions":{},"includedScopes":[]},"contributions":{},"includedScopes":[]},"contributions":{},"includedScopes":[{"containerScope":{"containerScope":{"containerScope":{"contributions":{},"includedScopes":[]},"contributions":{},"includedScopes":[]},"contributions":{},"includedScopes":[]},"contributions":{},"includedScopes":[]}]},{"containerScope":{"containerScope":{"containerScope":{"contributions":{},"includedScopes":[]},"contributions":{},"includedScopes":[]},"contributions":{},"includedScopes":[]},"contributions":{},"includedScopes":[]}]},"contributions":{},"includedScopes":[]},"contributions":{},"includedScopes":[]},"sentences":[{"id":"3ee35915-737d-4998-86c4-4edddbd9d5f4","metadata":[],"scope":{"containerScope":{"containerScope":{"containerScope":{"containerScope":{"containerScope":{"containerScope":{"containerScope":{"containerScope":{"containerScope":{"containerScope":{"contributions":{},"includedScopes":[]},"contributions":{},"includedScopes":[]},"contributions":{},"includedScopes":[{"contributions":{},"includedScopes":[]},{"contributions":{},"includedScopes":[]},{"contributions":{},"includedScopes":[]}]},"contributions":{},"includedScopes":[{"containerScope":{"containerScope":{"containerScope":{"contributions":{},"includedScopes":[]},"contributions":{},"includedScopes":[]},"contributions":{},"includedScopes":[]},"contributions":{},"includedScopes":[]}]},"contributions":{},"includedScopes":[]},"contributions":{},"includedScopes":[]},"contributions":{},"includedScopes":[]},"contributions":{},"includedScopes":[{"containerScope":{"containerScope":{"containerScope":{"contributions":{},"includedScopes":[]},"contributions":{},"includedScopes":[]},"contributions":{},"includedScopes":[]},"contributions":{},"includedScopes":[{"containerScope":{"containerScope":{"containerScope":{"contributions":{},"includedScopes":[]},"contributions":{},"includedScopes":[]},"contributions":{},"includedScopes":[]},"contributions":{},"includedScopes":[]}]},{"containerScope":{"containerScope":{"containerScope":{"contributions":{},"includedScopes":[]},"contributions":{},"includedScopes":[]},"contributions":{},"includedScopes":[]},"contributions":{},"includedScopes":[]}]},"contributions":{},"includedScopes":[]},"contributions":{},"includedScopes":[]},"contributions":{},"includedScopes":[]},"value":{"args":[{"id":"0eaba8bb-d69e-4287-a9a0-557571f53188","metadata":[],"name":"heart","scope":{"containerScope":{"containerScope":{"containerScope":{"containerScope":{"containerScope":{"containerScope":{"containerScope":{"containerScope":{"containerScope":{"containerScope":{"containerScope":{"containerScope":{"contributions":{},"includedScopes":[]},"contributions":{},"includedScopes":[]},"contributions":{},"includedScopes":[{"contributions":{},"includedScopes":[]},{"contributions":{},"includedScopes":[]},{"contributions":{},"includedScopes":[]}]},"contributions":{},"includedScopes":[{"containerScope":{"containerScope":{"containerScope":{"contributions":{},"includedScopes":[]},"contributions":{},"includedScopes":[]},"contributions":{},"includedScopes":[]},"contributions":{},"includedScopes":[]}]},"contributions":{},"includedScopes":[]},"contributions":{},"includedScopes":[]},"contributions":{},"includedScopes":[]},"contributions":{},"includedScopes":[{"containerScope":{"containerScope":{"containerScope":{"contributions":{},"includedScopes":[]},"contributions":{},"includedScopes":[]},"contributions":{},"includedScopes":[]},"contributions":{},"includedScopes":[{"containerScope":{"containerScope":{"containerScope":{"contributions":{},"includedScopes":[]},"contributions":{},"includedScopes":[]},"contributions":{},"includedScopes":[]},"contributions":{},"includedScopes":[]}]},{"containerScope":{"containerScope":{"containerScope":{"contributions":{},"includedScopes":[]},"contributions":{},"includedScopes":[]},"contributions":{},"includedScopes":[]},"contributions":{},"includedScopes":[]}]},"contributions":{},"includedScopes":[]},"contributions":{},"includedScopes":[]},"contributions":{},"includedScopes":[]},"contributions":{},"includedScopes":[]},"contributions":{},"includedScopes":[]},"sourceMap":{"end":{"column":56,"line":118,"offset":2866},"start":{"column":51,"line":118,"offset":2861}}}],"id":"d0d6febe-9a3d-482f-b90c-9c72ab814bce","message":"removeVisual","metadata":[],"receiver":{"id":"42c69da6-5b46-4bd3-bbf1-5af4b3c1a68c","metadata":[],"name":"game","scope":{"containerScope":{"containerScope":{"containerScope":{"containerScope":{"containerScope":{"containerScope":{"containerScope":{"containerScope":{"containerScope":{"containerScope":{"containerScope":{"containerScope":{"contributions":{},"includedScopes":[]},"contributions":{},"includedScopes":[]},"contributions":{},"includedScopes":[{"contributions":{},"includedScopes":[]},{"contributions":{},"includedScopes":[]},{"contributions":{},"includedScopes":[]}]},"contributions":{},"includedScopes":[{"containerScope":{"containerScope":{"containerScope":{"contributions":{},"includedScopes":[]},"contributions":{},"includedScopes":[]},"contributions":{},"includedScopes":[]},"contributions":{},"includedScopes":[]}]},"contributions":{},"includedScopes":[]},"contributions":{},"includedScopes":[]},"contributions":{},"includedScopes":[]},"contributions":{},"includedScopes":[{"containerScope":{"containerScope":{"containerScope":{"contributions":{},"includedScopes":[]},"contributions":{},"includedScopes":[]},"contributions":{},"includedScopes":[]},"contributions":{},"includedScopes":[{"containerScope":{"containerScope":{"containerScope":{"contributions":{},"includedScopes":[]},"contributions":{},"includedScopes":[]},"contributions":{},"includedScopes":[]},"contributions":{},"includedScopes":[]}]},{"containerScope":{"containerScope":{"containerScope":{"contributions":{},"includedScopes":[]},"contributions":{},"includedScopes":[]},"contributions":{},"includedScopes":[]},"contributions":{},"includedScopes":[]}]},"contributions":{},"includedScopes":[]},"contributions":{},"includedScopes":[]},"contributions":{},"includedScopes":[]},"contributions":{},"includedScopes":[]},"contributions":{},"includedScopes":[]},"sourceMap":{"end":{"column":37,"line":118,"offset":2847},"start":{"column":33,"line":118,"offset":2843}}},"scope":{"containerScope":{"containerScope":{"containerScope":{"containerScope":{"containerScope":{"containerScope":{"containerScope":{"containerScope":{"containerScope":{"containerScope":{"containerScope":{"contributions":{},"includedScopes":[]},"contributions":{},"includedScopes":[]},"contributions":{},"includedScopes":[{"contributions":{},"includedScopes":[]},{"contributions":{},"includedScopes":[]},{"contributions":{},"includedScopes":[]}]},"contributions":{},"includedScopes":[{"containerScope":{"containerScope":{"containerScope":{"contributions":{},"includedScopes":[]},"contributions":{},"includedScopes":[]},"contributions":{},"includedScopes":[]},"contributions":{},"includedScopes":[]}]},"contributions":{},"includedScopes":[]},"contributions":{},"includedScopes":[]},"contributions":{},"includedScopes":[]},"contributions":{},"includedScopes":[{"containerScope":{"containerScope":{"containerScope":{"contributions":{},"includedScopes":[]},"contributions":{},"includedScopes":[]},"contributions":{},"includedScopes":[]},"contributions":{},"includedScopes":[{"containerScope":{"containerScope":{"containerScope":{"contributions":{},"includedScopes":[]},"contributions":{},"includedScopes":[]},"contributions":{},"includedScopes":[]},"contributions":{},"includedScopes":[]}]},{"containerScope":{"containerScope":{"containerScope":{"contributions":{},"includedScopes":[]},"contributions":{},"includedScopes":[]},"contributions":{},"includedScopes":[]},"contributions":{},"includedScopes":[]}]},"contributions":{},"includedScopes":[]},"contributions":{},"includedScopes":[]},"contributions":{},"includedScopes":[]},"contributions":{},"includedScopes":[]},"sourceMap":{"end":{"column":57,"line":118,"offset":2867},"start":{"column":33,"line":118,"offset":2843}}}}]},"compiled":false,"id":"c0d30488-bf9e-43ae-b629-51dc10d5bf3f","isOverride":false,"metadata":[],"name":"<apply>","parameters":[{"id":"df545134-65b9-414a-8123-ef09f3ba3f88","isVarArg":false,"metadata":[],"name":"heart","scope":{"containerScope":{"containerScope":{"containerScope":{"containerScope":{"containerScope":{"containerScope":{"containerScope":{"containerScope":{"containerScope":{"contributions":{},"includedScopes":[]},"contributions":{},"includedScopes":[]},"contributions":{},"includedScopes":[{"contributions":{},"includedScopes":[]},{"contributions":{},"includedScopes":[]},{"contributions":{},"includedScopes":[]}]},"contributions":{},"includedScopes":[{"containerScope":{"containerScope":{"containerScope":{"contributions":{},"includedScopes":[]},"contributions":{},"includedScopes":[]},"contributions":{},"includedScopes":[]},"contributions":{},"includedScopes":[]}]},"contributions":{},"includedScopes":[]},"contributions":{},"includedScopes":[]},"contributions":{},"includedScopes":[]},"contributions":{},"includedScopes":[{"containerScope":{"containerScope":{"containerScope":{"contributions":{},"includedScopes":[]},"contributions":{},"includedScopes":[]},"contributions":{},"includedScopes":[]},"contributions":{},"includedScopes":[{"containerScope":{"containerScope":{"containerScope":{"contributions":{},"includedScopes":[]},"contributions":{},"includedScopes":[]},"contributions":{},"includedScopes":[]},"contributions":{},"includedScopes":[]}]},{"containerScope":{"containerScope":{"containerScope":{"contributions":{},"includedScopes":[]},"contributions":{},"includedScopes":[]},"contributions":{},"includedScopes":[]},"contributions":{},"includedScopes":[]}]},"contributions":{},"includedScopes":[]},"contributions":{},"includedScopes":[]},"sourceMap":{"end":{"column":29,"line":118,"offset":2839},"start":{"column":24,"line":118,"offset":2834}}}],"scope":{"containerScope":{"containerScope":{"containerScope":{"containerScope":{"containerScope":{"containerScope":{"containerScope":{"containerScope":{"contributions":{},"includedScopes":[]},"contributions":{},"includedScopes":[]},"contributions":{},"includedScopes":[{"contributions":{},"includedScopes":[]},{"contributions":{},"includedScopes":[]},{"contributions":{},"includedScopes":[]}]},"contributions":{},"includedScopes":[{"containerScope":{"containerScope":{"containerScope":{"contributions":{},"includedScopes":[]},"contributions":{},"includedScopes":[]},"contributions":{},"includedScopes":[]},"contributions":{},"includedScopes":[]}]},"contributions":{},"includedScopes":[]},"contributions":{},"includedScopes":[]},"contributions":{},"includedScopes":[]},"contributions":{},"includedScopes":[{"containerScope":{"containerScope":{"containerScope":{"contributions":{},"includedScopes":[]},"contributions":{},"includedScopes":[]},"contributions":{},"includedScopes":[]},"contributions":{},"includedScopes":[{"containerScope":{"containerScope":{"containerScope":{"contributions":{},"includedScopes":[]},"contributions":{},"includedScopes":[]},"contributions":{},"includedScopes":[]},"contributions":{},"includedScopes":[]}]},{"containerScope":{"containerScope":{"containerScope":{"contributions":{},"includedScopes":[]},"contributions":{},"includedScopes":[]},"contributions":{},"includedScopes":[]},"contributions":{},"includedScopes":[]}]},"contributions":{},"includedScopes":[]}},{"id":"7a5022c3-e371-4bdc-ac31-14163935179e","isConstant":true,"isProperty":false,"metadata":[],"name":"<toString>","scope":{"containerScope":{"containerScope":{"containerScope":{"containerScope":{"containerScope":{"containerScope":{"containerScope":{"containerScope":{"contributions":{},"includedScopes":[]},"contributions":{},"includedScopes":[]},"contributions":{},"includedScopes":[{"contributions":{},"includedScopes":[]},{"contributions":{},"includedScopes":[]},{"contributions":{},"includedScopes":[]}]},"contributions":{},"includedScopes":[{"containerScope":{"containerScope":{"containerScope":{"contributions":{},"includedScopes":[]},"contributions":{},"includedScopes":[]},"contributions":{},"includedScopes":[]},"contributions":{},"includedScopes":[]}]},"contributions":{},"includedScopes":[]},"contributions":{},"includedScopes":[]},"contributions":{},"includedScopes":[]},"contributions":{},"includedScopes":[{"containerScope":{"containerScope":{"containerScope":{"contributions":{},"includedScopes":[]},"contributions":{},"includedScopes":[]},"contributions":{},"includedScopes":[]},"contributions":{},"includedScopes":[{"containerScope":{"containerScope":{"containerScope":{"contributions":{},"includedScopes":[]},"contributions":{},"includedScopes":[]},"contributions":{},"includedScopes":[]},"contributions":{},"includedScopes":[]}]},{"containerScope":{"containerScope":{"containerScope":{"contributions":{},"includedScopes":[]},"contributions":{},"includedScopes":[]},"contributions":{},"includedScopes":[]},"contributions":{},"includedScopes":[]}]},"contributions":{},"includedScopes":[]},"value":{"id":"9893700d-2f12-47b5-8d6a-3312b1865096","metadata":[],"scope":{"containerScope":{"containerScope":{"containerScope":{"containerScope":{"containerScope":{"containerScope":{"containerScope":{"containerScope":{"containerScope":{"contributions":{},"includedScopes":[]},"contributions":{},"includedScopes":[]},"contributions":{},"includedScopes":[{"contributions":{},"includedScopes":[]},{"contributions":{},"includedScopes":[]},{"contributions":{},"includedScopes":[]}]},"contributions":{},"includedScopes":[{"containerScope":{"containerScope":{"containerScope":{"contributions":{},"includedScopes":[]},"contributions":{},"includedScopes":[]},"contributions":{},"includedScopes":[]},"contributions":{},"includedScopes":[]}]},"contributions":{},"includedScopes":[]},"contributions":{},"includedScopes":[]},"contributions":{},"includedScopes":[]},"contributions":{},"includedScopes":[{"containerScope":{"containerScope":{"containerScope":{"contributions":{},"includedScopes":[]},"contributions":{},"includedScopes":[]},"contributions":{},"includedScopes":[]},"contributions":{},"includedScopes":[{"containerScope":{"containerScope":{"containerScope":{"contributions":{},"includedScopes":[]},"contributions":{},"includedScopes":[]},"contributions":{},"includedScopes":[]},"contributions":{},"includedScopes":[]}]},{"containerScope":{"containerScope":{"containerScope":{"contributions":{},"includedScopes":[]},"contributions":{},"includedScopes":[]},"contributions":{},"includedScopes":[]},"contributions":{},"includedScopes":[]}]},"contributions":{},"includedScopes":[]},"contributions":{},"includedScopes":[]},"value":"{heart => game.removeVisual(heart)}"}}],"metadata":[],"scope":{"containerScope":{"containerScope":{"containerScope":{"containerScope":{"containerScope":{"containerScope":{"containerScope":{"contributions":{},"includedScopes":[]},"contributions":{},"includedScopes":[]},"contributions":{},"includedScopes":[{"contributions":{},"includedScopes":[]},{"contributions":{},"includedScopes":[]},{"contributions":{},"includedScopes":[]}]},"contributions":{},"includedScopes":[{"containerScope":{"containerScope":{"containerScope":{"contributions":{},"includedScopes":[]},"contributions":{},"includedScopes":[]},"contributions":{},"includedScopes":[]},"contributions":{},"includedScopes":[]}]},"contributions":{},"includedScopes":[]},"contributions":{},"includedScopes":[]},"contributions":{},"includedScopes":[]},"contributions":{},"includedScopes":[{"containerScope":{"containerScope":{"containerScope":{"contributions":{},"includedScopes":[]},"contributions":{},"includedScopes":[]},"contributions":{},"includedScopes":[]},"contributions":{},"includedScopes":[{"containerScope":{"containerScope":{"containerScope":{"contributions":{},"includedScopes":[]},"contributions":{},"includedScopes":[]},"contributions":{},"includedScopes":[]},"contributions":{},"includedScopes":[]}]},{"containerScope":{"containerScope":{"containerScope":{"contributions":{},"includedScopes":[]},"contributions":{},"includedScopes":[]},"contributions":{},"includedScopes":[]},"contributions":{},"includedScopes":[]}]},"sourceMap":{"end":{"column":58,"line":118,"offset":2868},"start":{"column":23,"line":118,"offset":2833}},"supertypes":[{"args":[],"id":"194102b7-d4bb-4a04-b663-048de2689968","metadata":[],"reference":{"id":"8ad5e583-0ae1-401d-a001-6212b8d2590f","metadata":[],"name":"wollok.lang.Closure","scope":{"containerScope":{"containerScope":{"containerScope":{"containerScope":{"containerScope":{"containerScope":{"containerScope":{"containerScope":{"contributions":{},"includedScopes":[]},"contributions":{},"includedScopes":[]},"contributions":{},"includedScopes":[{"contributions":{},"includedScopes":[]},{"contributions":{},"includedScopes":[]},{"contributions":{},"includedScopes":[]}]},"contributions":{},"includedScopes":[{"containerScope":{"containerScope":{"containerScope":{"contributions":{},"includedScopes":[]},"contributions":{},"includedScopes":[]},"contributions":{},"includedScopes":[]},"contributions":{},"includedScopes":[]}]},"contributions":{},"includedScopes":[]},"contributions":{},"includedScopes":[]},"contributions":{},"includedScopes":[]},"contributions":{},"includedScopes":[{"containerScope":{"containerScope":{"containerScope":{"contributions":{},"includedScopes":[]},"contributions":{},"includedScopes":[]},"contributions":{},"includedScopes":[]},"contributions":{},"includedScopes":[{"containerScope":{"containerScope":{"containerScope":{"contributions":{},"includedScopes":[]},"contributions":{},"includedScopes":[]},"contributions":{},"includedScopes":[]},"contributions":{},"includedScopes":[]}]},{"containerScope":{"containerScope":{"containerScope":{"contributions":{},"includedScopes":[]},"contributions":{},"includedScopes":[]},"contributions":{},"includedScopes":[]},"contributions":{},"includedScopes":[]}]},"contributions":{},"includedScopes":[]}},"scope":{"containerScope":{"containerScope":{"containerScope":{"containerScope":{"containerScope":{"containerScope":{"containerScope":{"containerScope":{"contributions":{},"includedScopes":[]},"contributions":{},"includedScopes":[]},"contributions":{},"includedScopes":[{"contributions":{},"includedScopes":[]},{"contributions":{},"includedScopes":[]},{"contributions":{},"includedScopes":[]}]},"contributions":{},"includedScopes":[{"containerScope":{"containerScope":{"containerScope":{"contributions":{},"includedScopes":[]},"contributions":{},"includedScopes":[]},"contributions":{},"includedScopes":[]},"contributions":{},"includedScopes":[]}]},"contributions":{},"includedScopes":[]},"contributions":{},"includedScopes":[]},"contributions":{},"includedScopes":[]},"contributions":{},"includedScopes":[{"containerScope":{"containerScope":{"containerScope":{"contributions":{},"includedScopes":[]},"contributions":{},"includedScopes":[]},"contributions":{},"includedScopes":[]},"contributions":{},"includedScopes":[{"containerScope":{"containerScope":{"containerScope":{"contributions":{},"includedScopes":[]},"contributions":{},"includedScopes":[]},"contributions":{},"includedScopes":[]},"contributions":{},"includedScopes":[]}]},{"containerScope":{"containerScope":{"containerScope":{"contributions":{},"includedScopes":[]},"contributions":{},"includedScopes":[]},"contributions":{},"includedScopes":[]},"contributions":{},"includedScopes":[]}]},"contributions":{},"includedScopes":[]}}]}],"id":"361092b6-3d5b-4ae9-9156-0cf654659bdc","message":"forEach","metadata":[],"receiver":{"id":"feea48b6-5efc-4cfb-9ac0-2bac3f6d8e5f","metadata":[],"name":"heartVisual","scope":{"containerScope":{"containerScope":{"containerScope":{"containerScope":{"containerScope":{"containerScope":{"containerScope":{"contributions":{},"includedScopes":[]},"contributions":{},"includedScopes":[]},"contributions":{},"includedScopes":[{"contributions":{},"includedScopes":[]},{"contributions":{},"includedScopes":[]},{"contributions":{},"includedScopes":[]}]},"contributions":{},"includedScopes":[{"containerScope":{"containerScope":{"containerScope":{"contributions":{},"includedScopes":[]},"contributions":{},"includedScopes":[]},"contributions":{},"includedScopes":[]},"contributions":{},"includedScopes":[]}]},"contributions":{},"includedScopes":[]},"contributions":{},"includedScopes":[]},"contributions":{},"includedScopes":[]},"contributions":{},"includedScopes":[]},"sourceMap":{"end":{"column":14,"line":118,"offset":2824},"start":{"column":3,"line":118,"offset":2813}}},"scope":{"containerScope":{"containerScope":{"containerScope":{"containerScope":{"containerScope":{"containerScope":{"contributions":{},"includedScopes":[]},"contributions":{},"includedScopes":[]},"contributions":{},"includedScopes":[{"contributions":{},"includedScopes":[]},{"contributions":{},"includedScopes":[]},{"contributions":{},"includedScopes":[]}]},"contributions":{},"includedScopes":[{"containerScope":{"containerScope":{"containerScope":{"contributions":{},"includedScopes":[]},"contributions":{},"includedScopes":[]},"contributions":{},"includedScopes":[]},"contributions":{},"includedScopes":[]}]},"contributions":{},"includedScopes":[]},"contributions":{},"includedScopes":[]},"contributions":{},"includedScopes":[]},"sourceMap":{"end":{"column":59,"line":118,"offset":2869},"start":{"column":3,"line":118,"offset":2813}}},{"args":[],"id":"ed8a93d3-ecbf-4e11-9598-07310d4a7c4d","message":"clear","metadata":[],"receiver":{"id":"b1713748-cb5f-4267-b1af-4c57d1206939","metadata":[],"name":"heartVisual","scope":{"containerScope":{"containerScope":{"containerScope":{"containerScope":{"containerScope":{"containerScope":{"containerScope":{"contributions":{},"includedScopes":[]},"contributions":{},"includedScopes":[]},"contributions":{},"includedScopes":[{"contributions":{},"includedScopes":[]},{"contributions":{},"includedScopes":[]},{"contributions":{},"includedScopes":[]}]},"contributions":{},"includedScopes":[{"containerScope":{"containerScope":{"containerScope":{"contributions":{},"includedScopes":[]},"contributions":{},"includedScopes":[]},"contributions":{},"includedScopes":[]},"contributions":{},"includedScopes":[]}]},"contributions":{},"includedScopes":[]},"contributions":{},"includedScopes":[]},"contributions":{},"includedScopes":[]},"contributions":{},"includedScopes":[]},"sourceMap":{"end":{"column":14,"line":119,"offset":2884},"start":{"column":3,"line":119,"offset":2873}}},"scope":{"containerScope":{"containerScope":{"containerScope":{"containerScope":{"containerScope":{"containerScope":{"contributions":{},"includedScopes":[]},"contributions":{},"includedScopes":[]},"contributions":{},"includedScopes":[{"contributions":{},"includedScopes":[]},{"contributions":{},"includedScopes":[]},{"contributions":{},"includedScopes":[]}]},"contributions":{},"includedScopes":[{"containerScope":{"containerScope":{"containerScope":{"contributions":{},"includedScopes":[]},"contributions":{},"includedScopes":[]},"contributions":{},"includedScopes":[]},"contributions":{},"includedScopes":[]}]},"contributions":{},"includedScopes":[]},"contributions":{},"includedScopes":[]},"contributions":{},"includedScopes":[]},"sourceMap":{"end":{"column":22,"line":119,"offset":2892},"start":{"column":2,"line":119,"offset":2873}}},{"id":"dac126fa-4167-44f4-b2c2-d7457c2b5798","isConstant":false,"metadata":[],"name":"lifePoints","scope":{"containerScope":{"containerScope":{"containerScope":{"containerScope":{"containerScope":{"containerScope":{"contributions":{},"includedScopes":[]},"contributions":{},"includedScopes":[]},"contributions":{},"includedScopes":[{"contributions":{},"includedScopes":[]},{"contributions":{},"includedScopes":[]},{"contributions":{},"includedScopes":[]}]},"contributions":{},"includedScopes":[{"containerScope":{"containerScope":{"containerScope":{"contributions":{},"includedScopes":[]},"contributions":{},"includedScopes":[]},"contributions":{},"includedScopes":[]},"contributions":{},"includedScopes":[]}]},"contributions":{},"includedScopes":[]},"contributions":{},"includedScopes":[]},"contributions":{},"includedScopes":[]},"sourceMap":{"end":{"column":42,"line":121,"offset":2939},"start":{"column":3,"line":121,"offset":2900}},"value":{"args":[],"id":"74417b8b-b933-4724-a14a-269b92d7f4ce","message":"life","metadata":[],"receiver":{"args":[],"id":"6337b284-be23-459f-866e-0f87496d418f","message":"entity","metadata":[],"receiver":{"id":"0be878c3-c009-41a4-892b-87db5f03eb68","metadata":[],"name":"player","scope":{"containerScope":{"containerScope":{"containerScope":{"containerScope":{"containerScope":{"containerScope":{"containerScope":{"containerScope":{"containerScope":{"contributions":{},"includedScopes":[]},"contributions":{},"includedScopes":[]},"contributions":{},"includedScopes":[{"contributions":{},"includedScopes":[]},{"contributions":{},"includedScopes":[]},{"contributions":{},"includedScopes":[]}]},"contributions":{},"includedScopes":[{"containerScope":{"containerScope":{"containerScope":{"contributions":{},"includedScopes":[]},"contributions":{},"includedScopes":[]},"contributions":{},"includedScopes":[]},"contributions":{},"includedScopes":[]}]},"contributions":{},"includedScopes":[]},"contributions":{},"includedScopes":[]},"contributions":{},"includedScopes":[]},"contributions":{},"includedScopes":[]},"contributions":{},"includedScopes":[]},"contributions":{},"includedScopes":[]},"sourceMap":{"end":{"column":26,"line":121,"offset":2923},"start":{"column":20,"line":121,"offset":2917}}},"scope":{"containerScope":{"containerScope":{"containerScope":{"containerScope":{"containerScope":{"containerScope":{"containerScope":{"containerScope":{"contributions":{},"includedScopes":[]},"contributions":{},"includedScopes":[]},"contributions":{},"includedScopes":[{"contributions":{},"includedScopes":[]},{"contributions":{},"includedScopes":[]},{"contributions":{},"includedScopes":[]}]},"contributions":{},"includedScopes":[{"containerScope":{"containerScope":{"containerScope":{"contributions":{},"includedScopes":[]},"contributions":{},"includedScopes":[]},"contributions":{},"includedScopes":[]},"contributions":{},"includedScopes":[]}]},"contributions":{},"includedScopes":[]},"contributions":{},"includedScopes":[]},"contributions":{},"includedScopes":[]},"contributions":{},"includedScopes":[]},"contributions":{},"includedScopes":[]},"sourceMap":{"end":{"column":35,"line":121,"offset":2932},"start":{"column":20,"line":121,"offset":2917}}},"scope":{"containerScope":{"containerScope":{"containerScope":{"containerScope":{"containerScope":{"containerScope":{"containerScope":{"contributions":{},"includedScopes":[]},"contributions":{},"includedScopes":[]},"contributions":{},"includedScopes":[{"contributions":{},"includedScopes":[]},{"contributions":{},"includedScopes":[]},{"contributions":{},"includedScopes":[]}]},"contributions":{},"includedScopes":[{"containerScope":{"containerScope":{"containerScope":{"contributions":{},"includedScopes":[]},"contributions":{},"includedScopes":[]},"contributions":{},"includedScopes":[]},"contributions":{},"includedScopes":[]}]},"contributions":{},"includedScopes":[]},"contributions":{},"includedScopes":[]},"contributions":{},"includedScopes":[]},"contributions":{},"includedScopes":[]},"sourceMap":{"end":{"column":42,"line":121,"offset":2939},"start":{"column":20,"line":121,"offset":2917}}}},{"id":"9a23c9e5-3dab-49dd-aa32-9f17ab7b14b5","isConstant":false,"metadata":[],"name":"imageToUse","scope":{"containerScope":{"containerScope":{"containerScope":{"containerScope":{"containerScope":{"containerScope":{"contributions":{},"includedScopes":[]},"contributions":{},"includedScopes":[]},"contributions":{},"includedScopes":[{"contributions":{},"includedScopes":[]},{"contributions":{},"includedScopes":[]},{"contributions":{},"includedScopes":[]}]},"contributions":{},"includedScopes":[{"containerScope":{"containerScope":{"containerScope":{"contributions":{},"includedScopes":[]},"contributions":{},"includedScopes":[]},"contributions":{},"includedScopes":[]},"contributions":{},"includedScopes":[]}]},"contributions":{},"includedScopes":[]},"contributions":{},"includedScopes":[]},"contributions":{},"includedScopes":[]},"sourceMap":{"end":{"column":24,"line":122,"offset":2964},"start":{"column":3,"line":122,"offset":2943}},"value":{"id":"48412c6e-d9a8-4a1b-8153-2de62736b999","metadata":[],"scope":{"containerScope":{"containerScope":{"containerScope":{"containerScope":{"containerScope":{"containerScope":{"containerScope":{"contributions":{},"includedScopes":[]},"contributions":{},"includedScopes":[]},"contributions":{},"includedScopes":[{"contributions":{},"includedScopes":[]},{"contributions":{},"includedScopes":[]},{"contributions":{},"includedScopes":[]}]},"contributions":{},"includedScopes":[{"containerScope":{"containerScope":{"containerScope":{"contributions":{},"includedScopes":[]},"contributions":{},"includedScopes":[]},"contributions":{},"includedScopes":[]},"contributions":{},"includedScopes":[]}]},"contributions":{},"includedScopes":[]},"contributions":{},"includedScopes":[]},"contributions":{},"includedScopes":[]},"contributions":{},"includedScopes":[]},"sourceMap":{"end":{"column":24,"line":122,"offset":2964},"start":{"column":20,"line":122,"offset":2960}},"value":null}},{"id":"6286b6a1-ad02-48e7-b110-35297286aa48","metadata":[],"scope":{"containerScope":{"containerScope":{"containerScope":{"containerScope":{"containerScope":{"containerScope":{"contributions":{},"includedScopes":[]},"contributions":{},"includedScopes":[]},"contributions":{},"includedScopes":[{"contributions":{},"includedScopes":[]},{"contributions":{},"includedScopes":[]},{"contributions":{},"includedScopes":[]}]},"contributions":{},"includedScopes":[{"containerScope":{"containerScope":{"containerScope":{"contributions":{},"includedScopes":[]},"contributions":{},"includedScopes":[]},"contributions":{},"includedScopes":[]},"contributions":{},"includedScopes":[]}]},"contributions":{},"includedScopes":[]},"contributions":{},"includedScopes":[]},"contributions":{},"includedScopes":[]},"sourceMap":{"end":{"column":26,"line":124,"offset":2995},"start":{"column":3,"line":124,"offset":2972}},"value":{"id":"a99ca5b2-36e9-4da2-a889-d558c08493ff","metadata":[],"name":"heartEmpty","scope":{"containerScope":{"containerScope":{"containerScope":{"containerScope":{"containerScope":{"containerScope":{"containerScope":{"contributions":{},"includedScopes":[]},"contributions":{},"includedScopes":[]},"contributions":{},"includedScopes":[{"contributions":{},"includedScopes":[]},{"contributions":{},"includedScopes":[]},{"contributions":{},"includedScopes":[]}]},"contributions":{},"includedScopes":[{"containerScope":{"containerScope":{"containerScope":{"contributions":{},"includedScopes":[]},"contributions":{},"includedScopes":[]},"contributions":{},"includedScopes":[]},"contributions":{},"includedScopes":[]}]},"contributions":{},"includedScopes":[]},"contributions":{},"includedScopes":[]},"contributions":{},"includedScopes":[]},"contributions":{},"includedScopes":[]},"sourceMap":{"end":{"column":26,"line":124,"offset":2995},"start":{"column":16,"line":124,"offset":2985}}},"variable":{"id":"36b27ec3-9021-420a-a282-169a8111d7ef","metadata":[],"name":"imageToUse","scope":{"containerScope":{"containerScope":{"containerScope":{"containerScope":{"containerScope":{"containerScope":{"containerScope":{"contributions":{},"includedScopes":[]},"contributions":{},"includedScopes":[]},"contributions":{},"includedScopes":[{"contributions":{},"includedScopes":[]},{"contributions":{},"includedScopes":[]},{"contributions":{},"includedScopes":[]}]},"contributions":{},"includedScopes":[{"containerScope":{"containerScope":{"containerScope":{"contributions":{},"includedScopes":[]},"contributions":{},"includedScopes":[]},"contributions":{},"includedScopes":[]},"contributions":{},"includedScopes":[]}]},"contributions":{},"includedScopes":[]},"contributions":{},"includedScopes":[]},"contributions":{},"includedScopes":[]},"contributions":{},"includedScopes":[]},"sourceMap":{"end":{"column":13,"line":124,"offset":2982},"start":{"column":3,"line":124,"offset":2972}}}},{"condition":{"args":[{"id":"9584dd39-ff20-4ce5-a6fc-aa55760d7495","metadata":[],"scope":{"containerScope":{"containerScope":{"containerScope":{"containerScope":{"containerScope":{"containerScope":{"containerScope":{"containerScope":{"contributions":{},"includedScopes":[]},"contributions":{},"includedScopes":[]},"contributions":{},"includedScopes":[{"contributions":{},"includedScopes":[]},{"contributions":{},"includedScopes":[]},{"contributions":{},"includedScopes":[]}]},"contributions":{},"includedScopes":[{"containerScope":{"containerScope":{"containerScope":{"contributions":{},"includedScopes":[]},"contributions":{},"includedScopes":[]},"contributions":{},"includedScopes":[]},"contributions":{},"includedScopes":[]}]},"contributions":{},"includedScopes":[]},"contributions":{},"includedScopes":[]},"contributions":{},"includedScopes":[]},"contributions":{},"includedScopes":[]},"contributions":{},"includedScopes":[]},"sourceMap":{"end":{"column":22,"line":125,"offset":3018},"start":{"column":21,"line":125,"offset":3017}},"value":2}],"id":"4c1bb1c9-edc5-40da-9525-94f8f1ee7898","message":">=","metadata":[],"receiver":{"id":"f8e8b94e-0992-414d-baf7-0df5d4e2555b","metadata":[],"name":"lifePoints","scope":{"containerScope":{"containerScope":{"containerScope":{"containerScope":{"containerScope":{"containerScope":{"containerScope":{"containerScope":{"contributions":{},"includedScopes":[]},"contributions":{},"includedScopes":[]},"contributions":{},"includedScopes":[{"contributions":{},"includedScopes":[]},{"contributions":{},"includedScopes":[]},{"contributions":{},"includedScopes":[]}]},"contributions":{},"includedScopes":[{"containerScope":{"containerScope":{"containerScope":{"contributions":{},"includedScopes":[]},"contributions":{},"includedScopes":[]},"contributions":{},"includedScopes":[]},"contributions":{},"includedScopes":[]}]},"contributions":{},"includedScopes":[]},"contributions":{},"includedScopes":[]},"contributions":{},"includedScopes":[]},"contributions":{},"includedScopes":[]},"contributions":{},"includedScopes":[]},"sourceMap":{"end":{"column":17,"line":125,"offset":3013},"start":{"column":7,"line":125,"offset":3003}}},"scope":{"containerScope":{"containerScope":{"containerScope":{"containerScope":{"containerScope":{"containerScope":{"containerScope":{"contributions":{},"includedScopes":[]},"contributions":{},"includedScopes":[]},"contributions":{},"includedScopes":[{"contributions":{},"includedScopes":[]},{"contributions":{},"includedScopes":[]},{"contributions":{},"includedScopes":[]}]},"contributions":{},"includedScopes":[{"containerScope":{"containerScope":{"containerScope":{"contributions":{},"includedScopes":[]},"contributions":{},"includedScopes":[]},"contributions":{},"includedScopes":[]},"contributions":{},"includedScopes":[]}]},"contributions":{},"includedScopes":[]},"contributions":{},"includedScopes":[]},"contributions":{},"includedScopes":[]},"contributions":{},"includedScopes":[]},"sourceMap":{"end":{"column":22,"line":125,"offset":3018},"start":{"column":7,"line":125,"offset":3003}}},"elseBody":{"id":"6bb8abfb-812d-44c6-b9f1-46e6e9e49754","metadata":[],"scope":{"containerScope":{"containerScope":{"containerScope":{"containerScope":{"containerScope":{"containerScope":{"containerScope":{"contributions":{},"includedScopes":[]},"contributions":{},"includedScopes":[]},"contributions":{},"includedScopes":[{"contributions":{},"includedScopes":[]},{"contributions":{},"includedScopes":[]},{"contributions":{},"includedScopes":[]}]},"contributions":{},"includedScopes":[{"containerScope":{"containerScope":{"containerScope":{"contributions":{},"includedScopes":[]},"contributions":{},"includedScopes":[]},"contributions":{},"includedScopes":[]},"contributions":{},"includedScopes":[]}]},"contributions":{},"includedScopes":[]},"contributions":{},"includedScopes":[]},"contributions":{},"includedScopes":[]},"contributions":{},"includedScopes":[]},"sentences":[{"condition":{"args":[{"id":"b0689ffb-24c9-4108-a368-af3743cd9015","metadata":[],"scope":{"containerScope":{"containerScope":{"containerScope":{"containerScope":{"containerScope":{"containerScope":{"containerScope":{"containerScope":{"containerScope":{"containerScope":{"contributions":{},"includedScopes":[]},"contributions":{},"includedScopes":[]},"contributions":{},"includedScopes":[{"contributions":{},"includedScopes":[]},{"contributions":{},"includedScopes":[]},{"contributions":{},"includedScopes":[]}]},"contributions":{},"includedScopes":[{"containerScope":{"containerScope":{"containerScope":{"contributions":{},"includedScopes":[]},"contributions":{},"includedScopes":[]},"contributions":{},"includedScopes":[]},"contributions":{},"includedScopes":[]}]},"contributions":{},"includedScopes":[]},"contributions":{},"includedScopes":[]},"contributions":{},"includedScopes":[]},"contributions":{},"includedScopes":[]},"contributions":{},"includedScopes":[]},"contributions":{},"includedScopes":[]},"contributions":{},"includedScopes":[]},"sourceMap":{"end":{"column":29,"line":128,"offset":3110},"start":{"column":28,"line":128,"offset":3109}},"value":1}],"id":"9de80ef6-989c-4a73-b48b-ba4b910cb2f8","message":"==","metadata":[],"receiver":{"id":"47a46d93-0739-4ccc-b31c-5d6e4a2853ae","metadata":[],"name":"lifePoints","scope":{"containerScope":{"containerScope":{"containerScope":{"containerScope":{"containerScope":{"containerScope":{"containerScope":{"containerScope":{"containerScope":{"containerScope":{"contributions":{},"includedScopes":[]},"contributions":{},"includedScopes":[]},"contributions":{},"includedScopes":[{"contributions":{},"includedScopes":[]},{"contributions":{},"includedScopes":[]},{"contributions":{},"includedScopes":[]}]},"contributions":{},"includedScopes":[{"containerScope":{"containerScope":{"containerScope":{"contributions":{},"includedScopes":[]},"contributions":{},"includedScopes":[]},"contributions":{},"includedScopes":[]},"contributions":{},"includedScopes":[]}]},"contributions":{},"includedScopes":[]},"contributions":{},"includedScopes":[]},"contributions":{},"includedScopes":[]},"contributions":{},"includedScopes":[]},"contributions":{},"includedScopes":[]},"contributions":{},"includedScopes":[]},"contributions":{},"includedScopes":[]},"sourceMap":{"end":{"column":24,"line":128,"offset":3105},"start":{"column":14,"line":128,"offset":3095}}},"scope":{"containerScope":{"containerScope":{"containerScope":{"containerScope":{"containerScope":{"containerScope":{"containerScope":{"containerScope":{"containerScope":{"contributions":{},"includedScopes":[]},"contributions":{},"includedScopes":[]},"contributions":{},"includedScopes":[{"contributions":{},"includedScopes":[]},{"contributions":{},"includedScopes":[]},{"contributions":{},"includedScopes":[]}]},"contributions":{},"includedScopes":[{"containerScope":{"containerScope":{"containerScope":{"contributions":{},"includedScopes":[]},"contributions":{},"includedScopes":[]},"contributions":{},"includedScopes":[]},"contributions":{},"includedScopes":[]}]},"contributions":{},"includedScopes":[]},"contributions":{},"includedScopes":[]},"contributions":{},"includedScopes":[]},"contributions":{},"includedScopes":[]},"contributions":{},"includedScopes":[]},"contributions":{},"includedScopes":[]},"sourceMap":{"end":{"column":29,"line":128,"offset":3110},"start":{"column":14,"line":128,"offset":3095}}},"elseBody":{"id":"103447a0-7767-40a2-bc1f-4f23f8529121","metadata":[],"scope":{"containerScope":{"containerScope":{"containerScope":{"containerScope":{"containerScope":{"containerScope":{"containerScope":{"containerScope":{"containerScope":{"contributions":{},"includedScopes":[]},"contributions":{},"includedScopes":[]},"contributions":{},"includedScopes":[{"contributions":{},"includedScopes":[]},{"contributions":{},"includedScopes":[]},{"contributions":{},"includedScopes":[]}]},"contributions":{},"includedScopes":[{"containerScope":{"containerScope":{"containerScope":{"contributions":{},"includedScopes":[]},"contributions":{},"includedScopes":[]},"contributions":{},"includedScopes":[]},"contributions":{},"includedScopes":[]}]},"contributions":{},"includedScopes":[]},"contributions":{},"includedScopes":[]},"contributions":{},"includedScopes":[]},"contributions":{},"includedScopes":[]},"contributions":{},"includedScopes":[]},"contributions":{},"includedScopes":[]},"sentences":[]},"id":"9eab85d3-8580-432a-906f-15688b1a6ec2","metadata":[],"scope":{"containerScope":{"containerScope":{"containerScope":{"containerScope":{"containerScope":{"containerScope":{"containerScope":{"containerScope":{"contributions":{},"includedScopes":[]},"contributions":{},"includedScopes":[]},"contributions":{},"includedScopes":[{"contributions":{},"includedScopes":[]},{"contributions":{},"includedScopes":[]},{"contributions":{},"includedScopes":[]}]},"contributions":{},"includedScopes":[{"containerScope":{"containerScope":{"containerScope":{"contributions":{},"includedScopes":[]},"contributions":{},"includedScopes":[]},"contributions":{},"includedScopes":[]},"contributions":{},"includedScopes":[]}]},"contributions":{},"includedScopes":[]},"contributions":{},"includedScopes":[]},"contributions":{},"includedScopes":[]},"contributions":{},"includedScopes":[]},"contributions":{},"includedScopes":[]},"sourceMap":{"end":{"column":4,"line":131,"offset":3177},"start":{"column":10,"line":128,"offset":3091}},"thenBody":{"id":"7faf163c-f3d6-42a6-9610-a009b69deb3d","metadata":[],"problems":[],"scope":{"containerScope":{"containerScope":{"containerScope":{"containerScope":{"containerScope":{"containerScope":{"containerScope":{"containerScope":{"containerScope":{"contributions":{},"includedScopes":[]},"contributions":{},"includedScopes":[]},"contributions":{},"includedScopes":[{"contributions":{},"includedScopes":[]},{"contributions":{},"includedScopes":[]},{"contributions":{},"includedScopes":[]}]},"contributions":{},"includedScopes":[{"containerScope":{"containerScope":{"containerScope":{"contributions":{},"includedScopes":[]},"contributions":{},"includedScopes":[]},"contributions":{},"includedScopes":[]},"contributions":{},"includedScopes":[]}]},"contributions":{},"includedScopes":[]},"contributions":{},"includedScopes":[]},"contributions":{},"includedScopes":[]},"contributions":{},"includedScopes":[]},"contributions":{},"includedScopes":[]},"contributions":{},"includedScopes":[]},"sentences":[{"id":"b8913283-5f06-4cd4-87e6-afbbf0a20d40","metadata":[],"scope":{"containerScope":{"containerScope":{"containerScope":{"containerScope":{"containerScope":{"containerScope":{"containerScope":{"containerScope":{"containerScope":{"containerScope":{"contributions":{},"includedScopes":[]},"contributions":{},"includedScopes":[]},"contributions":{},"includedScopes":[{"contributions":{},"includedScopes":[]},{"contributions":{},"includedScopes":[]},{"contributions":{},"includedScopes":[]}]},"contributions":{},"includedScopes":[{"containerScope":{"containerScope":{"containerScope":{"contributions":{},"includedScopes":[]},"contributions":{},"includedScopes":[]},"contributions":{},"includedScopes":[]},"contributions":{},"includedScopes":[]}]},"contributions":{},"includedScopes":[]},"contributions":{},"includedScopes":[]},"contributions":{},"includedScopes":[]},"contributions":{},"includedScopes":[]},"contributions":{},"includedScopes":[]},"contributions":{},"includedScopes":[]},"contributions":{},"includedScopes":[]},"sourceMap":{"end":{"column":26,"line":129,"offset":3140},"start":{"column":4,"line":129,"offset":3118}},"value":{"id":"b9052fe4-6fdd-4f1b-85e2-eb0c06faa2a1","metadata":[],"name":"heartHalf","scope":{"containerScope":{"containerScope":{"containerScope":{"containerScope":{"containerScope":{"containerScope":{"containerScope":{"containerScope":{"containerScope":{"containerScope":{"containerScope":{"contributions":{},"includedScopes":[]},"contributions":{},"includedScopes":[]},"contributions":{},"includedScopes":[{"contributions":{},"includedScopes":[]},{"contributions":{},"includedScopes":[]},{"contributions":{},"includedScopes":[]}]},"contributions":{},"includedScopes":[{"containerScope":{"containerScope":{"containerScope":{"contributions":{},"includedScopes":[]},"contributions":{},"includedScopes":[]},"contributions":{},"includedScopes":[]},"contributions":{},"includedScopes":[]}]},"contributions":{},"includedScopes":[]},"contributions":{},"includedScopes":[]},"contributions":{},"includedScopes":[]},"contributions":{},"includedScopes":[]},"contributions":{},"includedScopes":[]},"contributions":{},"includedScopes":[]},"contributions":{},"includedScopes":[]},"contributions":{},"includedScopes":[]},"sourceMap":{"end":{"column":26,"line":129,"offset":3140},"start":{"column":17,"line":129,"offset":3131}}},"variable":{"id":"09e612b0-9799-4896-99fc-9fd8e4e30933","metadata":[],"name":"imageToUse","scope":{"containerScope":{"containerScope":{"containerScope":{"containerScope":{"containerScope":{"containerScope":{"containerScope":{"containerScope":{"containerScope":{"containerScope":{"containerScope":{"contributions":{},"includedScopes":[]},"contributions":{},"includedScopes":[]},"contributions":{},"includedScopes":[{"contributions":{},"includedScopes":[]},{"contributions":{},"includedScopes":[]},{"contributions":{},"includedScopes":[]}]},"contributions":{},"includedScopes":[{"containerScope":{"containerScope":{"containerScope":{"contributions":{},"includedScopes":[]},"contributions":{},"includedScopes":[]},"contributions":{},"includedScopes":[]},"contributions":{},"includedScopes":[]}]},"contributions":{},"includedScopes":[]},"contributions":{},"includedScopes":[]},"contributions":{},"includedScopes":[]},"contributions":{},"includedScopes":[]},"contributions":{},"includedScopes":[]},"contributions":{},"includedScopes":[]},"contributions":{},"includedScopes":[]},"contributions":{},"includedScopes":[]},"sourceMap":{"end":{"column":14,"line":129,"offset":3128},"start":{"column":4,"line":129,"offset":3118}}}},{"id":"9866310e-6b58-4911-8e21-93588ae16d62","metadata":[],"scope":{"containerScope":{"containerScope":{"containerScope":{"containerScope":{"containerScope":{"containerScope":{"containerScope":{"containerScope":{"containerScope":{"containerScope":{"contributions":{},"includedScopes":[]},"contributions":{},"includedScopes":[]},"contributions":{},"includedScopes":[{"contributions":{},"includedScopes":[]},{"contributions":{},"includedScopes":[]},{"contributions":{},"includedScopes":[]}]},"contributions":{},"includedScopes":[{"containerScope":{"containerScope":{"containerScope":{"contributions":{},"includedScopes":[]},"contributions":{},"includedScopes":[]},"contributions":{},"includedScopes":[]},"contributions":{},"includedScopes":[]}]},"contributions":{},"includedScopes":[]},"contributions":{},"includedScopes":[]},"contributions":{},"includedScopes":[]},"contributions":{},"includedScopes":[]},"contributions":{},"includedScopes":[]},"contributions":{},"includedScopes":[]},"contributions":{},"includedScopes":[]},"sourceMap":{"end":{"column":31,"line":130,"offset":3172},"start":{"column":4,"line":130,"offset":3145}},"value":{"args":[{"id":"6ac7dade-6e91-4771-8d6d-5b85f7a6ac7b","metadata":[],"scope":{"containerScope":{"containerScope":{"containerScope":{"containerScope":{"containerScope":{"containerScope":{"containerScope":{"containerScope":{"containerScope":{"containerScope":{"containerScope":{"containerScope":{"contributions":{},"includedScopes":[]},"contributions":{},"includedScopes":[]},"contributions":{},"includedScopes":[{"contributions":{},"includedScopes":[]},{"contributions":{},"includedScopes":[]},{"contributions":{},"includedScopes":[]}]},"contributions":{},"includedScopes":[{"containerScope":{"containerScope":{"containerScope":{"contributions":{},"includedScopes":[]},"contributions":{},"includedScopes":[]},"contributions":{},"includedScopes":[]},"contributions":{},"includedScopes":[]}]},"contributions":{},"includedScopes":[]},"contributions":{},"includedScopes":[]},"contributions":{},"includedScopes":[]},"contributions":{},"includedScopes":[]},"contributions":{},"includedScopes":[]},"contributions":{},"includedScopes":[]},"contributions":{},"includedScopes":[]},"contributions":{},"includedScopes":[]},"contributions":{},"includedScopes":[]},"sourceMap":{"end":{"column":31,"line":130,"offset":3172},"start":{"column":30,"line":130,"offset":3171}},"value":1}],"id":"b05456e0-8ade-4862-b8cb-129650b5879e","message":"-","metadata":[],"receiver":{"id":"2c8bea0e-d02e-45b9-966f-4343d8d2f892","metadata":[],"name":"lifePoints","scope":{"containerScope":{"containerScope":{"containerScope":{"containerScope":{"containerScope":{"containerScope":{"containerScope":{"containerScope":{"containerScope":{"containerScope":{"containerScope":{"containerScope":{"contributions":{},"includedScopes":[]},"contributions":{},"includedScopes":[]},"contributions":{},"includedScopes":[{"contributions":{},"includedScopes":[]},{"contributions":{},"includedScopes":[]},{"contributions":{},"includedScopes":[]}]},"contributions":{},"includedScopes":[{"containerScope":{"containerScope":{"containerScope":{"contributions":{},"includedScopes":[]},"contributions":{},"includedScopes":[]},"contributions":{},"includedScopes":[]},"contributions":{},"includedScopes":[]}]},"contributions":{},"includedScopes":[]},"contributions":{},"includedScopes":[]},"contributions":{},"includedScopes":[]},"contributions":{},"includedScopes":[]},"contributions":{},"includedScopes":[]},"contributions":{},"includedScopes":[]},"contributions":{},"includedScopes":[]},"contributions":{},"includedScopes":[]},"contributions":{},"includedScopes":[]},"sourceMap":{"end":{"column":27,"line":130,"offset":3168},"start":{"column":17,"line":130,"offset":3158}}},"scope":{"containerScope":{"containerScope":{"containerScope":{"containerScope":{"containerScope":{"containerScope":{"containerScope":{"containerScope":{"containerScope":{"containerScope":{"containerScope":{"contributions":{},"includedScopes":[]},"contributions":{},"includedScopes":[]},"contributions":{},"includedScopes":[{"contributions":{},"includedScopes":[]},{"contributions":{},"includedScopes":[]},{"contributions":{},"includedScopes":[]}]},"contributions":{},"includedScopes":[{"containerScope":{"containerScope":{"containerScope":{"contributions":{},"includedScopes":[]},"contributions":{},"includedScopes":[]},"contributions":{},"includedScopes":[]},"contributions":{},"includedScopes":[]}]},"contributions":{},"includedScopes":[]},"contributions":{},"includedScopes":[]},"contributions":{},"includedScopes":[]},"contributions":{},"includedScopes":[]},"contributions":{},"includedScopes":[]},"contributions":{},"includedScopes":[]},"contributions":{},"includedScopes":[]},"contributions":{},"includedScopes":[]},"sourceMap":{"end":{"column":31,"line":130,"offset":3172},"start":{"column":17,"line":130,"offset":3158}}},"variable":{"id":"a0531b0e-aebb-41a3-96be-21980e382dba","metadata":[],"name":"lifePoints","scope":{"containerScope":{"containerScope":{"containerScope":{"containerScope":{"containerScope":{"containerScope":{"containerScope":{"containerScope":{"containerScope":{"containerScope":{"containerScope":{"contributions":{},"includedScopes":[]},"contributions":{},"includedScopes":[]},"contributions":{},"includedScopes":[{"contributions":{},"includedScopes":[]},{"contributions":{},"includedScopes":[]},{"contributions":{},"includedScopes":[]}]},"contributions":{},"includedScopes":[{"containerScope":{"containerScope":{"containerScope":{"contributions":{},"includedScopes":[]},"contributions":{},"includedScopes":[]},"contributions":{},"includedScopes":[]},"contributions":{},"includedScopes":[]}]},"contributions":{},"includedScopes":[]},"contributions":{},"includedScopes":[]},"contributions":{},"includedScopes":[]},"contributions":{},"includedScopes":[]},"contributions":{},"includedScopes":[]},"contributions":{},"includedScopes":[]},"contributions":{},"includedScopes":[]},"contributions":{},"includedScopes":[]},"sourceMap":{"end":{"column":14,"line":130,"offset":3155},"start":{"column":4,"line":130,"offset":3145}}}}],"sourceMap":{"end":{"column":4,"line":131,"offset":3177},"start":{"column":31,"line":128,"offset":3112}}}}],"sourceMap":{"end":{"column":4,"line":131,"offset":3177},"start":{"column":10,"line":128,"offset":3091}}},"id":"9b96c0a0-f61d-46a0-97b6-d71f48471093","metadata":[],"scope":{"containerScope":{"containerScope":{"containerScope":{"containerScope":{"containerScope":{"containerScope":{"contributions":{},"includedScopes":[]},"contributions":{},"includedScopes":[]},"contributions":{},"includedScopes":[{"contributions":{},"includedScopes":[]},{"contributions":{},"includedScopes":[]},{"contributions":{},"includedScopes":[]}]},"contributions":{},"includedScopes":[{"containerScope":{"containerScope":{"containerScope":{"contributions":{},"includedScopes":[]},"contributions":{},"includedScopes":[]},"contributions":{},"includedScopes":[]},"contributions":{},"includedScopes":[]}]},"contributions":{},"includedScopes":[]},"contributions":{},"includedScopes":[]},"contributions":{},"includedScopes":[]},"sourceMap":{"end":{"column":4,"line":131,"offset":3177},"start":{"column":3,"line":125,"offset":2999}},"thenBody":{"id":"a380069b-a993-48de-b0d0-0b317aed8add","metadata":[],"problems":[],"scope":{"containerScope":{"containerScope":{"containerScope":{"containerScope":{"containerScope":{"containerScope":{"containerScope":{"contributions":{},"includedScopes":[]},"contributions":{},"includedScopes":[]},"contributions":{},"includedScopes":[{"contributions":{},"includedScopes":[]},{"contributions":{},"includedScopes":[]},{"contributions":{},"includedScopes":[]}]},"contributions":{},"includedScopes":[{"containerScope":{"containerScope":{"containerScope":{"contributions":{},"includedScopes":[]},"contributions":{},"includedScopes":[]},"contributions":{},"includedScopes":[]},"contributions":{},"includedScopes":[]}]},"contributions":{},"includedScopes":[]},"contributions":{},"includedScopes":[]},"contributions":{},"includedScopes":[]},"contributions":{},"includedScopes":[]},"sentences":[{"id":"da758d4f-753b-4cd7-abe1-9e4bdf22ad9a","metadata":[],"scope":{"containerScope":{"containerScope":{"containerScope":{"containerScope":{"containerScope":{"containerScope":{"containerScope":{"containerScope":{"contributions":{},"includedScopes":[]},"contributions":{},"includedScopes":[]},"contributions":{},"includedScopes":[{"contributions":{},"includedScopes":[]},{"contributions":{},"includedScopes":[]},{"contributions":{},"includedScopes":[]}]},"contributions":{},"includedScopes":[{"containerScope":{"containerScope":{"containerScope":{"contributions":{},"includedScopes":[]},"contributions":{},"includedScopes":[]},"contributions":{},"includedScopes":[]},"contributions":{},"includedScopes":[]}]},"contributions":{},"includedScopes":[]},"contributions":{},"includedScopes":[]},"contributions":{},"includedScopes":[]},"contributions":{},"includedScopes":[]},"contributions":{},"includedScopes":[]},"sourceMap":{"end":{"column":26,"line":126,"offset":3048},"start":{"column":4,"line":126,"offset":3026}},"value":{"id":"41e08921-b641-4bce-bef7-e8ba21eb0b04","metadata":[],"name":"heartFull","scope":{"containerScope":{"containerScope":{"containerScope":{"containerScope":{"containerScope":{"containerScope":{"containerScope":{"containerScope":{"containerScope":{"contributions":{},"includedScopes":[]},"contributions":{},"includedScopes":[]},"contributions":{},"includedScopes":[{"contributions":{},"includedScopes":[]},{"contributions":{},"includedScopes":[]},{"contributions":{},"includedScopes":[]}]},"contributions":{},"includedScopes":[{"containerScope":{"containerScope":{"containerScope":{"contributions":{},"includedScopes":[]},"contributions":{},"includedScopes":[]},"contributions":{},"includedScopes":[]},"contributions":{},"includedScopes":[]}]},"contributions":{},"includedScopes":[]},"contributions":{},"includedScopes":[]},"contributions":{},"includedScopes":[]},"contributions":{},"includedScopes":[]},"contributions":{},"includedScopes":[]},"contributions":{},"includedScopes":[]},"sourceMap":{"end":{"column":26,"line":126,"offset":3048},"start":{"column":17,"line":126,"offset":3039}}},"variable":{"id":"c25ed7eb-e4e7-4311-a537-6284ae5f6db7","metadata":[],"name":"imageToUse","scope":{"containerScope":{"containerScope":{"containerScope":{"containerScope":{"containerScope":{"containerScope":{"containerScope":{"containerScope":{"containerScope":{"contributions":{},"includedScopes":[]},"contributions":{},"includedScopes":[]},"contributions":{},"includedScopes":[{"contributions":{},"includedScopes":[]},{"contributions":{},"includedScopes":[]},{"contributions":{},"includedScopes":[]}]},"contributions":{},"includedScopes":[{"containerScope":{"containerScope":{"containerScope":{"contributions":{},"includedScopes":[]},"contributions":{},"includedScopes":[]},"contributions":{},"includedScopes":[]},"contributions":{},"includedScopes":[]}]},"contributions":{},"includedScopes":[]},"contributions":{},"includedScopes":[]},"contributions":{},"includedScopes":[]},"contributions":{},"includedScopes":[]},"contributions":{},"includedScopes":[]},"contributions":{},"includedScopes":[]},"sourceMap":{"end":{"column":14,"line":126,"offset":3036},"start":{"column":4,"line":126,"offset":3026}}}},{"id":"008bc51a-f647-44a3-80fb-79e25253b9fa","metadata":[],"scope":{"containerScope":{"containerScope":{"containerScope":{"containerScope":{"containerScope":{"containerScope":{"containerScope":{"containerScope":{"contributions":{},"includedScopes":[]},"contributions":{},"includedScopes":[]},"contributions":{},"includedScopes":[{"contributions":{},"includedScopes":[]},{"contributions":{},"includedScopes":[]},{"contributions":{},"includedScopes":[]}]},"contributions":{},"includedScopes":[{"containerScope":{"containerScope":{"containerScope":{"contributions":{},"includedScopes":[]},"contributions":{},"includedScopes":[]},"contributions":{},"includedScopes":[]},"contributions":{},"includedScopes":[]}]},"contributions":{},"includedScopes":[]},"contributions":{},"includedScopes":[]},"contributions":{},"includedScopes":[]},"contributions":{},"includedScopes":[]},"contributions":{},"includedScopes":[]},"sourceMap":{"end":{"column":31,"line":127,"offset":3080},"start":{"column":4,"line":127,"offset":3053}},"value":{"args":[{"id":"11a063ee-b5a6-42f2-ac4a-93aba38386b3","metadata":[],"scope":{"containerScope":{"containerScope":{"containerScope":{"containerScope":{"containerScope":{"containerScope":{"containerScope":{"containerScope":{"containerScope":{"containerScope":{"contributions":{},"includedScopes":[]},"contributions":{},"includedScopes":[]},"contributions":{},"includedScopes":[{"contributions":{},"includedScopes":[]},{"contributions":{},"includedScopes":[]},{"contributions":{},"includedScopes":[]}]},"contributions":{},"includedScopes":[{"containerScope":{"containerScope":{"containerScope":{"contributions":{},"includedScopes":[]},"contributions":{},"includedScopes":[]},"contributions":{},"includedScopes":[]},"contributions":{},"includedScopes":[]}]},"contributions":{},"includedScopes":[]},"contributions":{},"includedScopes":[]},"contributions":{},"includedScopes":[]},"contributions":{},"includedScopes":[]},"contributions":{},"includedScopes":[]},"contributions":{},"includedScopes":[]},"contributions":{},"includedScopes":[]},"sourceMap":{"end":{"column":31,"line":127,"offset":3080},"start":{"column":30,"line":127,"offset":3079}},"value":2}],"id":"e2d6d3fa-2873-4462-8462-a3dba170fe77","message":"-","metadata":[],"receiver":{"id":"bb59adeb-8c46-463e-9c63-15d4e972bac3","metadata":[],"name":"lifePoints","scope":{"containerScope":{"containerScope":{"containerScope":{"containerScope":{"containerScope":{"containerScope":{"containerScope":{"containerScope":{"containerScope":{"containerScope":{"contributions":{},"includedScopes":[]},"contributions":{},"includedScopes":[]},"contributions":{},"includedScopes":[{"contributions":{},"includedScopes":[]},{"contributions":{},"includedScopes":[]},{"contributions":{},"includedScopes":[]}]},"contributions":{},"includedScopes":[{"containerScope":{"containerScope":{"containerScope":{"contributions":{},"includedScopes":[]},"contributions":{},"includedScopes":[]},"contributions":{},"includedScopes":[]},"contributions":{},"includedScopes":[]}]},"contributions":{},"includedScopes":[]},"contributions":{},"includedScopes":[]},"contributions":{},"includedScopes":[]},"contributions":{},"includedScopes":[]},"contributions":{},"includedScopes":[]},"contributions":{},"includedScopes":[]},"contributions":{},"includedScopes":[]},"sourceMap":{"end":{"column":27,"line":127,"offset":3076},"start":{"column":17,"line":127,"offset":3066}}},"scope":{"containerScope":{"containerScope":{"containerScope":{"containerScope":{"containerScope":{"containerScope":{"containerScope":{"containerScope":{"containerScope":{"contributions":{},"includedScopes":[]},"contributions":{},"includedScopes":[]},"contributions":{},"includedScopes":[{"contributions":{},"includedScopes":[]},{"contributions":{},"includedScopes":[]},{"contributions":{},"includedScopes":[]}]},"contributions":{},"includedScopes":[{"containerScope":{"containerScope":{"containerScope":{"contributions":{},"includedScopes":[]},"contributions":{},"includedScopes":[]},"contributions":{},"includedScopes":[]},"contributions":{},"includedScopes":[]}]},"contributions":{},"includedScopes":[]},"contributions":{},"includedScopes":[]},"contributions":{},"includedScopes":[]},"contributions":{},"includedScopes":[]},"contributions":{},"includedScopes":[]},"contributions":{},"includedScopes":[]},"sourceMap":{"end":{"column":31,"line":127,"offset":3080},"start":{"column":17,"line":127,"offset":3066}}},"variable":{"id":"38204fdd-4816-4afa-a232-768a021294a5","metadata":[],"name":"lifePoints","scope":{"containerScope":{"containerScope":{"containerScope":{"containerScope":{"containerScope":{"containerScope":{"containerScope":{"containerScope":{"containerScope":{"contributions":{},"includedScopes":[]},"contributions":{},"includedScopes":[]},"contributions":{},"includedScopes":[{"contributions":{},"includedScopes":[]},{"contributions":{},"includedScopes":[]},{"contributions":{},"includedScopes":[]}]},"contributions":{},"includedScopes":[{"containerScope":{"containerScope":{"containerScope":{"contributions":{},"includedScopes":[]},"contributions":{},"includedScopes":[]},"contributions":{},"includedScopes":[]},"contributions":{},"includedScopes":[]}]},"contributions":{},"includedScopes":[]},"contributions":{},"includedScopes":[]},"contributions":{},"includedScopes":[]},"contributions":{},"includedScopes":[]},"contributions":{},"includedScopes":[]},"contributions":{},"includedScopes":[]},"sourceMap":{"end":{"column":14,"line":127,"offset":3063},"start":{"column":4,"line":127,"offset":3053}}}}],"sourceMap":{"end":{"column":4,"line":128,"offset":3085},"start":{"column":24,"line":125,"offset":3020}}}},{"args":[{"id":"72ceb5a6-9a58-4d21-b7f0-8a8fe7904ff8","metadata":[],"name":"imageToUse","scope":{"containerScope":{"containerScope":{"containerScope":{"containerScope":{"containerScope":{"containerScope":{"containerScope":{"contributions":{},"includedScopes":[]},"contributions":{},"includedScopes":[]},"contributions":{},"includedScopes":[{"contributions":{},"includedScopes":[]},{"contributions":{},"includedScopes":[]},{"contributions":{},"includedScopes":[]}]},"contributions":{},"includedScopes":[{"containerScope":{"containerScope":{"containerScope":{"contributions":{},"includedScopes":[]},"contributions":{},"includedScopes":[]},"contributions":{},"includedScopes":[]},"contributions":{},"includedScopes":[]}]},"contributions":{},"includedScopes":[]},"contributions":{},"includedScopes":[]},"contributions":{},"includedScopes":[]},"contributions":{},"includedScopes":[]},"sourceMap":{"end":{"column":34,"line":132,"offset":3212},"start":{"column":24,"line":132,"offset":3202}}},{"id":"1a2a2b62-baee-446e-a393-269b74087920","metadata":[],"scope":{"containerScope":{"containerScope":{"containerScope":{"containerScope":{"containerScope":{"containerScope":{"containerScope":{"contributions":{},"includedScopes":[]},"contributions":{},"includedScopes":[]},"contributions":{},"includedScopes":[{"contributions":{},"includedScopes":[]},{"contributions":{},"includedScopes":[]},{"contributions":{},"includedScopes":[]}]},"contributions":{},"includedScopes":[{"containerScope":{"containerScope":{"containerScope":{"contributions":{},"includedScopes":[]},"contributions":{},"includedScopes":[]},"contributions":{},"includedScopes":[]},"contributions":{},"includedScopes":[]}]},"contributions":{},"includedScopes":[]},"contributions":{},"includedScopes":[]},"contributions":{},"includedScopes":[]},"contributions":{},"includedScopes":[]},"sourceMap":{"end":{"column":37,"line":132,"offset":3215},"start":{"column":36,"line":132,"offset":3214}},"value":0}],"id":"8f7a95e0-1303-4bd5-bb93-4ae9f61ff5db","message":"drawSingleHeart","metadata":[],"receiver":{"id":"739fd690-f8ce-47ee-998e-6d1484662988","metadata":[],"scope":{"containerScope":{"containerScope":{"containerScope":{"containerScope":{"containerScope":{"containerScope":{"containerScope":{"contributions":{},"includedScopes":[]},"contributions":{},"includedScopes":[]},"contributions":{},"includedScopes":[{"contributions":{},"includedScopes":[]},{"contributions":{},"includedScopes":[]},{"contributions":{},"includedScopes":[]}]},"contributions":{},"includedScopes":[{"containerScope":{"containerScope":{"containerScope":{"contributions":{},"includedScopes":[]},"contributions":{},"includedScopes":[]},"contributions":{},"includedScopes":[]},"contributions":{},"includedScopes":[]}]},"contributions":{},"includedScopes":[]},"contributions":{},"includedScopes":[]},"contributions":{},"includedScopes":[]},"contributions":{},"includedScopes":[]},"sourceMap":{"end":{"column":7,"line":132,"offset":3185},"start":{"column":3,"line":132,"offset":3181}}},"scope":{"containerScope":{"containerScope":{"containerScope":{"containerScope":{"containerScope":{"containerScope":{"contributions":{},"includedScopes":[]},"contributions":{},"includedScopes":[]},"contributions":{},"includedScopes":[{"contributions":{},"includedScopes":[]},{"contributions":{},"includedScopes":[]},{"contributions":{},"includedScopes":[]}]},"contributions":{},"includedScopes":[{"containerScope":{"containerScope":{"containerScope":{"contributions":{},"includedScopes":[]},"contributions":{},"includedScopes":[]},"contributions":{},"includedScopes":[]},"contributions":{},"includedScopes":[]}]},"contributions":{},"includedScopes":[]},"contributions":{},"includedScopes":[]},"contributions":{},"includedScopes":[]},"sourceMap":{"end":{"column":38,"line":132,"offset":3216},"start":{"column":2,"line":132,"offset":3181}}},{"id":"d8e16ee6-ef46-4800-93e7-33da8ac1e784","metadata":[],"scope":{"containerScope":{"containerScope":{"containerScope":{"containerScope":{"containerScope":{"containerScope":{"contributions":{},"includedScopes":[]},"contributions":{},"includedScopes":[]},"contributions":{},"includedScopes":[{"contributions":{},"includedScopes":[]},{"contributions":{},"includedScopes":[]},{"contributions":{},"includedScopes":[]}]},"contributions":{},"includedScopes":[{"containerScope":{"containerScope":{"containerScope":{"contributions":{},"includedScopes":[]},"contributions":{},"includedScopes":[]},"contributions":{},"includedScopes":[]},"contributions":{},"includedScopes":[]}]},"contributions":{},"includedScopes":[]},"contributions":{},"includedScopes":[]},"contributions":{},"includedScopes":[]},"sourceMap":{"end":{"column":26,"line":134,"offset":3247},"start":{"column":3,"line":134,"offset":3224}},"value":{"id":"606e9ddd-47e4-4074-ad46-6fc325bd819d","metadata":[],"name":"heartEmpty","scope":{"containerScope":{"containerScope":{"containerScope":{"containerScope":{"containerScope":{"containerScope":{"containerScope":{"contributions":{},"includedScopes":[]},"contributions":{},"includedScopes":[]},"contributions":{},"includedScopes":[{"contributions":{},"includedScopes":[]},{"contributions":{},"includedScopes":[]},{"contributions":{},"includedScopes":[]}]},"contributions":{},"includedScopes":[{"containerScope":{"containerScope":{"containerScope":{"contributions":{},"includedScopes":[]},"contributions":{},"includedScopes":[]},"contributions":{},"includedScopes":[]},"contributions":{},"includedScopes":[]}]},"contributions":{},"includedScopes":[]},"contributions":{},"includedScopes":[]},"contributions":{},"includedScopes":[]},"contributions":{},"includedScopes":[]},"sourceMap":{"end":{"column":26,"line":134,"offset":3247},"start":{"column":16,"line":134,"offset":3237}}},"variable":{"id":"edc76325-6fa9-4eaa-8cdc-e96cd8da496f","metadata":[],"name":"imageToUse","scope":{"containerScope":{"containerScope":{"containerScope":{"containerScope":{"containerScope":{"containerScope":{"containerScope":{"contributions":{},"includedScopes":[]},"contributions":{},"includedScopes":[]},"contributions":{},"includedScopes":[{"contributions":{},"includedScopes":[]},{"contributions":{},"includedScopes":[]},{"contributions":{},"includedScopes":[]}]},"contributions":{},"includedScopes":[{"containerScope":{"containerScope":{"containerScope":{"contributions":{},"includedScopes":[]},"contributions":{},"includedScopes":[]},"contributions":{},"includedScopes":[]},"contributions":{},"includedScopes":[]}]},"contributions":{},"includedScopes":[]},"contributions":{},"includedScopes":[]},"contributions":{},"includedScopes":[]},"contributions":{},"includedScopes":[]},"sourceMap":{"end":{"column":13,"line":134,"offset":3234},"start":{"column":3,"line":134,"offset":3224}}}},{"condition":{"args":[{"id":"26a35a6e-ff2c-4507-bc1c-a570bfaf32c5","metadata":[],"scope":{"containerScope":{"containerScope":{"containerScope":{"containerScope":{"containerScope":{"containerScope":{"containerScope":{"containerScope":{"contributions":{},"includedScopes":[]},"contributions":{},"includedScopes":[]},"contributions":{},"includedScopes":[{"contributions":{},"includedScopes":[]},{"contributions":{},"includedScopes":[]},{"contributions":{},"includedScopes":[]}]},"contributions":{},"includedScopes":[{"containerScope":{"containerScope":{"containerScope":{"contributions":{},"includedScopes":[]},"contributions":{},"includedScopes":[]},"contributions":{},"includedScopes":[]},"contributions":{},"includedScopes":[]}]},"contributions":{},"includedScopes":[]},"contributions":{},"includedScopes":[]},"contributions":{},"includedScopes":[]},"contributions":{},"includedScopes":[]},"contributions":{},"includedScopes":[]},"sourceMap":{"end":{"column":22,"line":135,"offset":3270},"start":{"column":21,"line":135,"offset":3269}},"value":2}],"id":"066dc94a-4fa7-4a8a-86ef-49c2152890d6","message":">=","metadata":[],"receiver":{"id":"44d3d4b0-759e-49d7-bfec-23de087ffe74","metadata":[],"name":"lifePoints","scope":{"containerScope":{"containerScope":{"containerScope":{"containerScope":{"containerScope":{"containerScope":{"containerScope":{"containerScope":{"contributions":{},"includedScopes":[]},"contributions":{},"includedScopes":[]},"contributions":{},"includedScopes":[{"contributions":{},"includedScopes":[]},{"contributions":{},"includedScopes":[]},{"contributions":{},"includedScopes":[]}]},"contributions":{},"includedScopes":[{"containerScope":{"containerScope":{"containerScope":{"contributions":{},"includedScopes":[]},"contributions":{},"includedScopes":[]},"contributions":{},"includedScopes":[]},"contributions":{},"includedScopes":[]}]},"contributions":{},"includedScopes":[]},"contributions":{},"includedScopes":[]},"contributions":{},"includedScopes":[]},"contributions":{},"includedScopes":[]},"contributions":{},"includedScopes":[]},"sourceMap":{"end":{"column":17,"line":135,"offset":3265},"start":{"column":7,"line":135,"offset":3255}}},"scope":{"containerScope":{"containerScope":{"containerScope":{"containerScope":{"containerScope":{"containerScope":{"containerScope":{"contributions":{},"includedScopes":[]},"contributions":{},"includedScopes":[]},"contributions":{},"includedScopes":[{"contributions":{},"includedScopes":[]},{"contributions":{},"includedScopes":[]},{"contributions":{},"includedScopes":[]}]},"contributions":{},"includedScopes":[{"containerScope":{"containerScope":{"containerScope":{"contributions":{},"includedScopes":[]},"contributions":{},"includedScopes":[]},"contributions":{},"includedScopes":[]},"contributions":{},"includedScopes":[]}]},"contributions":{},"includedScopes":[]},"contributions":{},"includedScopes":[]},"contributions":{},"includedScopes":[]},"contributions":{},"includedScopes":[]},"sourceMap":{"end":{"column":22,"line":135,"offset":3270},"start":{"column":7,"line":135,"offset":3255}}},"elseBody":{"id":"86423a3c-a19b-4ff1-a240-44c3b415ed21","metadata":[],"scope":{"containerScope":{"containerScope":{"containerScope":{"containerScope":{"containerScope":{"containerScope":{"containerScope":{"contributions":{},"includedScopes":[]},"contributions":{},"includedScopes":[]},"contributions":{},"includedScopes":[{"contributions":{},"includedScopes":[]},{"contributions":{},"includedScopes":[]},{"contributions":{},"includedScopes":[]}]},"contributions":{},"includedScopes":[{"containerScope":{"containerScope":{"containerScope":{"contributions":{},"includedScopes":[]},"contributions":{},"includedScopes":[]},"contributions":{},"includedScopes":[]},"contributions":{},"includedScopes":[]}]},"contributions":{},"includedScopes":[]},"contributions":{},"includedScopes":[]},"contributions":{},"includedScopes":[]},"contributions":{},"includedScopes":[]},"sentences":[{"condition":{"args":[{"id":"52306910-bd8c-4ea4-ba37-b20917907617","metadata":[],"scope":{"containerScope":{"containerScope":{"containerScope":{"containerScope":{"containerScope":{"containerScope":{"containerScope":{"containerScope":{"containerScope":{"containerScope":{"contributions":{},"includedScopes":[]},"contributions":{},"includedScopes":[]},"contributions":{},"includedScopes":[{"contributions":{},"includedScopes":[]},{"contributions":{},"includedScopes":[]},{"contributions":{},"includedScopes":[]}]},"contributions":{},"includedScopes":[{"containerScope":{"containerScope":{"containerScope":{"contributions":{},"includedScopes":[]},"contributions":{},"includedScopes":[]},"contributions":{},"includedScopes":[]},"contributions":{},"includedScopes":[]}]},"contributions":{},"includedScopes":[]},"contributions":{},"includedScopes":[]},"contributions":{},"includedScopes":[]},"contributions":{},"includedScopes":[]},"contributions":{},"includedScopes":[]},"contributions":{},"includedScopes":[]},"contributions":{},"includedScopes":[]},"sourceMap":{"end":{"column":29,"line":138,"offset":3362},"start":{"column":28,"line":138,"offset":3361}},"value":1}],"id":"99b6ff36-520f-4bc1-8cf1-c75b3b6cb3ca","message":"==","metadata":[],"receiver":{"id":"a70337f0-3d3e-4253-ac64-735a61d28fee","metadata":[],"name":"lifePoints","scope":{"containerScope":{"containerScope":{"containerScope":{"containerScope":{"containerScope":{"containerScope":{"containerScope":{"containerScope":{"containerScope":{"containerScope":{"contributions":{},"includedScopes":[]},"contributions":{},"includedScopes":[]},"contributions":{},"includedScopes":[{"contributions":{},"includedScopes":[]},{"contributions":{},"includedScopes":[]},{"contributions":{},"includedScopes":[]}]},"contributions":{},"includedScopes":[{"containerScope":{"containerScope":{"containerScope":{"contributions":{},"includedScopes":[]},"contributions":{},"includedScopes":[]},"contributions":{},"includedScopes":[]},"contributions":{},"includedScopes":[]}]},"contributions":{},"includedScopes":[]},"contributions":{},"includedScopes":[]},"contributions":{},"includedScopes":[]},"contributions":{},"includedScopes":[]},"contributions":{},"includedScopes":[]},"contributions":{},"includedScopes":[]},"contributions":{},"includedScopes":[]},"sourceMap":{"end":{"column":24,"line":138,"offset":3357},"start":{"column":14,"line":138,"offset":3347}}},"scope":{"containerScope":{"containerScope":{"containerScope":{"containerScope":{"containerScope":{"containerScope":{"containerScope":{"containerScope":{"containerScope":{"contributions":{},"includedScopes":[]},"contributions":{},"includedScopes":[]},"contributions":{},"includedScopes":[{"contributions":{},"includedScopes":[]},{"contributions":{},"includedScopes":[]},{"contributions":{},"includedScopes":[]}]},"contributions":{},"includedScopes":[{"containerScope":{"containerScope":{"containerScope":{"contributions":{},"includedScopes":[]},"contributions":{},"includedScopes":[]},"contributions":{},"includedScopes":[]},"contributions":{},"includedScopes":[]}]},"contributions":{},"includedScopes":[]},"contributions":{},"includedScopes":[]},"contributions":{},"includedScopes":[]},"contributions":{},"includedScopes":[]},"contributions":{},"includedScopes":[]},"contributions":{},"includedScopes":[]},"sourceMap":{"end":{"column":29,"line":138,"offset":3362},"start":{"column":14,"line":138,"offset":3347}}},"elseBody":{"id":"408f0982-1f2a-403a-871f-d3c85de1462b","metadata":[],"scope":{"containerScope":{"containerScope":{"containerScope":{"containerScope":{"containerScope":{"containerScope":{"containerScope":{"containerScope":{"containerScope":{"contributions":{},"includedScopes":[]},"contributions":{},"includedScopes":[]},"contributions":{},"includedScopes":[{"contributions":{},"includedScopes":[]},{"contributions":{},"includedScopes":[]},{"contributions":{},"includedScopes":[]}]},"contributions":{},"includedScopes":[{"containerScope":{"containerScope":{"containerScope":{"contributions":{},"includedScopes":[]},"contributions":{},"includedScopes":[]},"contributions":{},"includedScopes":[]},"contributions":{},"includedScopes":[]}]},"contributions":{},"includedScopes":[]},"contributions":{},"includedScopes":[]},"contributions":{},"includedScopes":[]},"contributions":{},"includedScopes":[]},"contributions":{},"includedScopes":[]},"contributions":{},"includedScopes":[]},"sentences":[]},"id":"f63524c9-73bd-4e36-a4d8-0499061a544b","metadata":[],"scope":{"containerScope":{"containerScope":{"containerScope":{"containerScope":{"containerScope":{"containerScope":{"containerScope":{"containerScope":{"contributions":{},"includedScopes":[]},"contributions":{},"includedScopes":[]},"contributions":{},"includedScopes":[{"contributions":{},"includedScopes":[]},{"contributions":{},"includedScopes":[]},{"contributions":{},"includedScopes":[]}]},"contributions":{},"includedScopes":[{"containerScope":{"containerScope":{"containerScope":{"contributions":{},"includedScopes":[]},"contributions":{},"includedScopes":[]},"contributions":{},"includedScopes":[]},"contributions":{},"includedScopes":[]}]},"contributions":{},"includedScopes":[]},"contributions":{},"includedScopes":[]},"contributions":{},"includedScopes":[]},"contributions":{},"includedScopes":[]},"contributions":{},"includedScopes":[]},"sourceMap":{"end":{"column":4,"line":141,"offset":3429},"start":{"column":10,"line":138,"offset":3343}},"thenBody":{"id":"1dc4c0a6-1fc4-4dcc-81c6-0bb9097190c6","metadata":[],"problems":[],"scope":{"containerScope":{"containerScope":{"containerScope":{"containerScope":{"containerScope":{"containerScope":{"containerScope":{"containerScope":{"containerScope":{"contributions":{},"includedScopes":[]},"contributions":{},"includedScopes":[]},"contributions":{},"includedScopes":[{"contributions":{},"includedScopes":[]},{"contributions":{},"includedScopes":[]},{"contributions":{},"includedScopes":[]}]},"contributions":{},"includedScopes":[{"containerScope":{"containerScope":{"containerScope":{"contributions":{},"includedScopes":[]},"contributions":{},"includedScopes":[]},"contributions":{},"includedScopes":[]},"contributions":{},"includedScopes":[]}]},"contributions":{},"includedScopes":[]},"contributions":{},"includedScopes":[]},"contributions":{},"includedScopes":[]},"contributions":{},"includedScopes":[]},"contributions":{},"includedScopes":[]},"contributions":{},"includedScopes":[]},"sentences":[{"id":"5f2eab29-4f6b-43c8-bffd-c021a3eb2b05","metadata":[],"scope":{"containerScope":{"containerScope":{"containerScope":{"containerScope":{"containerScope":{"containerScope":{"containerScope":{"containerScope":{"containerScope":{"containerScope":{"contributions":{},"includedScopes":[]},"contributions":{},"includedScopes":[]},"contributions":{},"includedScopes":[{"contributions":{},"includedScopes":[]},{"contributions":{},"includedScopes":[]},{"contributions":{},"includedScopes":[]}]},"contributions":{},"includedScopes":[{"containerScope":{"containerScope":{"containerScope":{"contributions":{},"includedScopes":[]},"contributions":{},"includedScopes":[]},"contributions":{},"includedScopes":[]},"contributions":{},"includedScopes":[]}]},"contributions":{},"includedScopes":[]},"contributions":{},"includedScopes":[]},"contributions":{},"includedScopes":[]},"contributions":{},"includedScopes":[]},"contributions":{},"includedScopes":[]},"contributions":{},"includedScopes":[]},"contributions":{},"includedScopes":[]},"sourceMap":{"end":{"column":26,"line":139,"offset":3392},"start":{"column":4,"line":139,"offset":3370}},"value":{"id":"e14ba40b-2229-4521-9598-72b55fbca874","metadata":[],"name":"heartHalf","scope":{"containerScope":{"containerScope":{"containerScope":{"containerScope":{"containerScope":{"containerScope":{"containerScope":{"containerScope":{"containerScope":{"containerScope":{"containerScope":{"contributions":{},"includedScopes":[]},"contributions":{},"includedScopes":[]},"contributions":{},"includedScopes":[{"contributions":{},"includedScopes":[]},{"contributions":{},"includedScopes":[]},{"contributions":{},"includedScopes":[]}]},"contributions":{},"includedScopes":[{"containerScope":{"containerScope":{"containerScope":{"contributions":{},"includedScopes":[]},"contributions":{},"includedScopes":[]},"contributions":{},"includedScopes":[]},"contributions":{},"includedScopes":[]}]},"contributions":{},"includedScopes":[]},"contributions":{},"includedScopes":[]},"contributions":{},"includedScopes":[]},"contributions":{},"includedScopes":[]},"contributions":{},"includedScopes":[]},"contributions":{},"includedScopes":[]},"contributions":{},"includedScopes":[]},"contributions":{},"includedScopes":[]},"sourceMap":{"end":{"column":26,"line":139,"offset":3392},"start":{"column":17,"line":139,"offset":3383}}},"variable":{"id":"bed82bcf-b278-4547-916b-1fa143d1e05e","metadata":[],"name":"imageToUse","scope":{"containerScope":{"containerScope":{"containerScope":{"containerScope":{"containerScope":{"containerScope":{"containerScope":{"containerScope":{"containerScope":{"containerScope":{"containerScope":{"contributions":{},"includedScopes":[]},"contributions":{},"includedScopes":[]},"contributions":{},"includedScopes":[{"contributions":{},"includedScopes":[]},{"contributions":{},"includedScopes":[]},{"contributions":{},"includedScopes":[]}]},"contributions":{},"includedScopes":[{"containerScope":{"containerScope":{"containerScope":{"contributions":{},"includedScopes":[]},"contributions":{},"includedScopes":[]},"contributions":{},"includedScopes":[]},"contributions":{},"includedScopes":[]}]},"contributions":{},"includedScopes":[]},"contributions":{},"includedScopes":[]},"contributions":{},"includedScopes":[]},"contributions":{},"includedScopes":[]},"contributions":{},"includedScopes":[]},"contributions":{},"includedScopes":[]},"contributions":{},"includedScopes":[]},"contributions":{},"includedScopes":[]},"sourceMap":{"end":{"column":14,"line":139,"offset":3380},"start":{"column":4,"line":139,"offset":3370}}}},{"id":"ff08f205-93a1-4a30-ae31-e2b7d2263b7e","metadata":[],"scope":{"containerScope":{"containerScope":{"containerScope":{"containerScope":{"containerScope":{"containerScope":{"containerScope":{"containerScope":{"containerScope":{"containerScope":{"contributions":{},"includedScopes":[]},"contributions":{},"includedScopes":[]},"contributions":{},"includedScopes":[{"contributions":{},"includedScopes":[]},{"contributions":{},"includedScopes":[]},{"contributions":{},"includedScopes":[]}]},"contributions":{},"includedScopes":[{"containerScope":{"containerScope":{"containerScope":{"contributions":{},"includedScopes":[]},"contributions":{},"includedScopes":[]},"contributions":{},"includedScopes":[]},"contributions":{},"includedScopes":[]}]},"contributions":{},"includedScopes":[]},"contributions":{},"includedScopes":[]},"contributions":{},"includedScopes":[]},"contributions":{},"includedScopes":[]},"contributions":{},"includedScopes":[]},"contributions":{},"includedScopes":[]},"contributions":{},"includedScopes":[]},"sourceMap":{"end":{"column":31,"line":140,"offset":3424},"start":{"column":4,"line":140,"offset":3397}},"value":{"args":[{"id":"5614b8e6-e698-4094-b9e6-e14a7bf018d7","metadata":[],"scope":{"containerScope":{"containerScope":{"containerScope":{"containerScope":{"containerScope":{"containerScope":{"containerScope":{"containerScope":{"containerScope":{"containerScope":{"containerScope":{"containerScope":{"contributions":{},"includedScopes":[]},"contributions":{},"includedScopes":[]},"contributions":{},"includedScopes":[{"contributions":{},"includedScopes":[]},{"contributions":{},"includedScopes":[]},{"contributions":{},"includedScopes":[]}]},"contributions":{},"includedScopes":[{"containerScope":{"containerScope":{"containerScope":{"contributions":{},"includedScopes":[]},"contributions":{},"includedScopes":[]},"contributions":{},"includedScopes":[]},"contributions":{},"includedScopes":[]}]},"contributions":{},"includedScopes":[]},"contributions":{},"includedScopes":[]},"contributions":{},"includedScopes":[]},"contributions":{},"includedScopes":[]},"contributions":{},"includedScopes":[]},"contributions":{},"includedScopes":[]},"contributions":{},"includedScopes":[]},"contributions":{},"includedScopes":[]},"contributions":{},"includedScopes":[]},"sourceMap":{"end":{"column":31,"line":140,"offset":3424},"start":{"column":30,"line":140,"offset":3423}},"value":1}],"id":"39c0166d-c8cd-4aaa-99c0-ff91da41b2b1","message":"-","metadata":[],"receiver":{"id":"bf83a6e4-831f-44ba-a42a-1486857cbcbd","metadata":[],"name":"lifePoints","scope":{"containerScope":{"containerScope":{"containerScope":{"containerScope":{"containerScope":{"containerScope":{"containerScope":{"containerScope":{"containerScope":{"containerScope":{"containerScope":{"containerScope":{"contributions":{},"includedScopes":[]},"contributions":{},"includedScopes":[]},"contributions":{},"includedScopes":[{"contributions":{},"includedScopes":[]},{"contributions":{},"includedScopes":[]},{"contributions":{},"includedScopes":[]}]},"contributions":{},"includedScopes":[{"containerScope":{"containerScope":{"containerScope":{"contributions":{},"includedScopes":[]},"contributions":{},"includedScopes":[]},"contributions":{},"includedScopes":[]},"contributions":{},"includedScopes":[]}]},"contributions":{},"includedScopes":[]},"contributions":{},"includedScopes":[]},"contributions":{},"includedScopes":[]},"contributions":{},"includedScopes":[]},"contributions":{},"includedScopes":[]},"contributions":{},"includedScopes":[]},"contributions":{},"includedScopes":[]},"contributions":{},"includedScopes":[]},"contributions":{},"includedScopes":[]},"sourceMap":{"end":{"column":27,"line":140,"offset":3420},"start":{"column":17,"line":140,"offset":3410}}},"scope":{"containerScope":{"containerScope":{"containerScope":{"containerScope":{"containerScope":{"containerScope":{"containerScope":{"containerScope":{"containerScope":{"containerScope":{"containerScope":{"contributions":{},"includedScopes":[]},"contributions":{},"includedScopes":[]},"contributions":{},"includedScopes":[{"contributions":{},"includedScopes":[]},{"contributions":{},"includedScopes":[]},{"contributions":{},"includedScopes":[]}]},"contributions":{},"includedScopes":[{"containerScope":{"containerScope":{"containerScope":{"contributions":{},"includedScopes":[]},"contributions":{},"includedScopes":[]},"contributions":{},"includedScopes":[]},"contributions":{},"includedScopes":[]}]},"contributions":{},"includedScopes":[]},"contributions":{},"includedScopes":[]},"contributions":{},"includedScopes":[]},"contributions":{},"includedScopes":[]},"contributions":{},"includedScopes":[]},"contributions":{},"includedScopes":[]},"contributions":{},"includedScopes":[]},"contributions":{},"includedScopes":[]},"sourceMap":{"end":{"column":31,"line":140,"offset":3424},"start":{"column":17,"line":140,"offset":3410}}},"variable":{"id":"400ab71a-2041-4908-8b98-38e6a385392f","metadata":[],"name":"lifePoints","scope":{"containerScope":{"containerScope":{"containerScope":{"containerScope":{"containerScope":{"containerScope":{"containerScope":{"containerScope":{"containerScope":{"containerScope":{"containerScope":{"contributions":{},"includedScopes":[]},"contributions":{},"includedScopes":[]},"contributions":{},"includedScopes":[{"contributions":{},"includedScopes":[]},{"contributions":{},"includedScopes":[]},{"contributions":{},"includedScopes":[]}]},"contributions":{},"includedScopes":[{"containerScope":{"containerScope":{"containerScope":{"contributions":{},"includedScopes":[]},"contributions":{},"includedScopes":[]},"contributions":{},"includedScopes":[]},"contributions":{},"includedScopes":[]}]},"contributions":{},"includedScopes":[]},"contributions":{},"includedScopes":[]},"contributions":{},"includedScopes":[]},"contributions":{},"includedScopes":[]},"contributions":{},"includedScopes":[]},"contributions":{},"includedScopes":[]},"contributions":{},"includedScopes":[]},"contributions":{},"includedScopes":[]},"sourceMap":{"end":{"column":14,"line":140,"offset":3407},"start":{"column":4,"line":140,"offset":3397}}}}],"sourceMap":{"end":{"column":4,"line":141,"offset":3429},"start":{"column":31,"line":138,"offset":3364}}}}],"sourceMap":{"end":{"column":4,"line":141,"offset":3429},"start":{"column":10,"line":138,"offset":3343}}},"id":"f3342fbd-e042-4d17-8877-ff6c459bdcbc","metadata":[],"scope":{"containerScope":{"containerScope":{"containerScope":{"containerScope":{"containerScope":{"containerScope":{"contributions":{},"includedScopes":[]},"contributions":{},"includedScopes":[]},"contributions":{},"includedScopes":[{"contributions":{},"includedScopes":[]},{"contributions":{},"includedScopes":[]},{"contributions":{},"includedScopes":[]}]},"contributions":{},"includedScopes":[{"containerScope":{"containerScope":{"containerScope":{"contributions":{},"includedScopes":[]},"contributions":{},"includedScopes":[]},"contributions":{},"includedScopes":[]},"contributions":{},"includedScopes":[]}]},"contributions":{},"includedScopes":[]},"contributions":{},"includedScopes":[]},"contributions":{},"includedScopes":[]},"sourceMap":{"end":{"column":4,"line":141,"offset":3429},"start":{"column":3,"line":135,"offset":3251}},"thenBody":{"id":"2ffe27b6-4f37-469e-a1ef-8d9b0ffd28b4","metadata":[],"problems":[],"scope":{"containerScope":{"containerScope":{"containerScope":{"containerScope":{"containerScope":{"containerScope":{"containerScope":{"contributions":{},"includedScopes":[]},"contributions":{},"includedScopes":[]},"contributions":{},"includedScopes":[{"contributions":{},"includedScopes":[]},{"contributions":{},"includedScopes":[]},{"contributions":{},"includedScopes":[]}]},"contributions":{},"includedScopes":[{"containerScope":{"containerScope":{"containerScope":{"contributions":{},"includedScopes":[]},"contributions":{},"includedScopes":[]},"contributions":{},"includedScopes":[]},"contributions":{},"includedScopes":[]}]},"contributions":{},"includedScopes":[]},"contributions":{},"includedScopes":[]},"contributions":{},"includedScopes":[]},"contributions":{},"includedScopes":[]},"sentences":[{"id":"0d974a46-d54a-4faa-8282-c9790613a287","metadata":[],"scope":{"containerScope":{"containerScope":{"containerScope":{"containerScope":{"containerScope":{"containerScope":{"containerScope":{"containerScope":{"contributions":{},"includedScopes":[]},"contributions":{},"includedScopes":[]},"contributions":{},"includedScopes":[{"contributions":{},"includedScopes":[]},{"contributions":{},"includedScopes":[]},{"contributions":{},"includedScopes":[]}]},"contributions":{},"includedScopes":[{"containerScope":{"containerScope":{"containerScope":{"contributions":{},"includedScopes":[]},"contributions":{},"includedScopes":[]},"contributions":{},"includedScopes":[]},"contributions":{},"includedScopes":[]}]},"contributions":{},"includedScopes":[]},"contributions":{},"includedScopes":[]},"contributions":{},"includedScopes":[]},"contributions":{},"includedScopes":[]},"contributions":{},"includedScopes":[]},"sourceMap":{"end":{"column":26,"line":136,"offset":3300},"start":{"column":4,"line":136,"offset":3278}},"value":{"id":"e1c72f43-9418-494e-a3ae-1ddcfdf8d55a","metadata":[],"name":"heartFull","scope":{"containerScope":{"containerScope":{"containerScope":{"containerScope":{"containerScope":{"containerScope":{"containerScope":{"containerScope":{"containerScope":{"contributions":{},"includedScopes":[]},"contributions":{},"includedScopes":[]},"contributions":{},"includedScopes":[{"contributions":{},"includedScopes":[]},{"contributions":{},"includedScopes":[]},{"contributions":{},"includedScopes":[]}]},"contributions":{},"includedScopes":[{"containerScope":{"containerScope":{"containerScope":{"contributions":{},"includedScopes":[]},"contributions":{},"includedScopes":[]},"contributions":{},"includedScopes":[]},"contributions":{},"includedScopes":[]}]},"contributions":{},"includedScopes":[]},"contributions":{},"includedScopes":[]},"contributions":{},"includedScopes":[]},"contributions":{},"includedScopes":[]},"contributions":{},"includedScopes":[]},"contributions":{},"includedScopes":[]},"sourceMap":{"end":{"column":26,"line":136,"offset":3300},"start":{"column":17,"line":136,"offset":3291}}},"variable":{"id":"0d909da0-51a3-48c4-9f28-4dd9addcc643","metadata":[],"name":"imageToUse","scope":{"containerScope":{"containerScope":{"containerScope":{"containerScope":{"containerScope":{"containerScope":{"containerScope":{"containerScope":{"containerScope":{"contributions":{},"includedScopes":[]},"contributions":{},"includedScopes":[]},"contributions":{},"includedScopes":[{"contributions":{},"includedScopes":[]},{"contributions":{},"includedScopes":[]},{"contributions":{},"includedScopes":[]}]},"contributions":{},"includedScopes":[{"containerScope":{"containerScope":{"containerScope":{"contributions":{},"includedScopes":[]},"contributions":{},"includedScopes":[]},"contributions":{},"includedScopes":[]},"contributions":{},"includedScopes":[]}]},"contributions":{},"includedScopes":[]},"contributions":{},"includedScopes":[]},"contributions":{},"includedScopes":[]},"contributions":{},"includedScopes":[]},"contributions":{},"includedScopes":[]},"contributions":{},"includedScopes":[]},"sourceMap":{"end":{"column":14,"line":136,"offset":3288},"start":{"column":4,"line":136,"offset":3278}}}},{"id":"5d21ff90-4a4f-4a59-b7d0-be9fd52c5e3c","metadata":[],"scope":{"containerScope":{"containerScope":{"containerScope":{"containerScope":{"containerScope":{"containerScope":{"containerScope":{"containerScope":{"contributions":{},"includedScopes":[]},"contributions":{},"includedScopes":[]},"contributions":{},"includedScopes":[{"contributions":{},"includedScopes":[]},{"contributions":{},"includedScopes":[]},{"contributions":{},"includedScopes":[]}]},"contributions":{},"includedScopes":[{"containerScope":{"containerScope":{"containerScope":{"contributions":{},"includedScopes":[]},"contributions":{},"includedScopes":[]},"contributions":{},"includedScopes":[]},"contributions":{},"includedScopes":[]}]},"contributions":{},"includedScopes":[]},"contributions":{},"includedScopes":[]},"contributions":{},"includedScopes":[]},"contributions":{},"includedScopes":[]},"contributions":{},"includedScopes":[]},"sourceMap":{"end":{"column":31,"line":137,"offset":3332},"start":{"column":4,"line":137,"offset":3305}},"value":{"args":[{"id":"fb02b903-e39d-4e59-a9d6-381a1c677573","metadata":[],"scope":{"containerScope":{"containerScope":{"containerScope":{"containerScope":{"containerScope":{"containerScope":{"containerScope":{"containerScope":{"containerScope":{"containerScope":{"contributions":{},"includedScopes":[]},"contributions":{},"includedScopes":[]},"contributions":{},"includedScopes":[{"contributions":{},"includedScopes":[]},{"contributions":{},"includedScopes":[]},{"contributions":{},"includedScopes":[]}]},"contributions":{},"includedScopes":[{"containerScope":{"containerScope":{"containerScope":{"contributions":{},"includedScopes":[]},"contributions":{},"includedScopes":[]},"contributions":{},"includedScopes":[]},"contributions":{},"includedScopes":[]}]},"contributions":{},"includedScopes":[]},"contributions":{},"includedScopes":[]},"contributions":{},"includedScopes":[]},"contributions":{},"includedScopes":[]},"contributions":{},"includedScopes":[]},"contributions":{},"includedScopes":[]},"contributions":{},"includedScopes":[]},"sourceMap":{"end":{"column":31,"line":137,"offset":3332},"start":{"column":30,"line":137,"offset":3331}},"value":2}],"id":"824287c9-9976-4514-b308-f76b7efea20d","message":"-","metadata":[],"receiver":{"id":"1c24e19e-44c9-4217-b329-ac2015f4c877","metadata":[],"name":"lifePoints","scope":{"containerScope":{"containerScope":{"containerScope":{"containerScope":{"containerScope":{"containerScope":{"containerScope":{"containerScope":{"containerScope":{"containerScope":{"contributions":{},"includedScopes":[]},"contributions":{},"includedScopes":[]},"contributions":{},"includedScopes":[{"contributions":{},"includedScopes":[]},{"contributions":{},"includedScopes":[]},{"contributions":{},"includedScopes":[]}]},"contributions":{},"includedScopes":[{"containerScope":{"containerScope":{"containerScope":{"contributions":{},"includedScopes":[]},"contributions":{},"includedScopes":[]},"contributions":{},"includedScopes":[]},"contributions":{},"includedScopes":[]}]},"contributions":{},"includedScopes":[]},"contributions":{},"includedScopes":[]},"contributions":{},"includedScopes":[]},"contributions":{},"includedScopes":[]},"contributions":{},"includedScopes":[]},"contributions":{},"includedScopes":[]},"contributions":{},"includedScopes":[]},"sourceMap":{"end":{"column":27,"line":137,"offset":3328},"start":{"column":17,"line":137,"offset":3318}}},"scope":{"containerScope":{"containerScope":{"containerScope":{"containerScope":{"containerScope":{"containerScope":{"containerScope":{"containerScope":{"containerScope":{"contributions":{},"includedScopes":[]},"contributions":{},"includedScopes":[]},"contributions":{},"includedScopes":[{"contributions":{},"includedScopes":[]},{"contributions":{},"includedScopes":[]},{"contributions":{},"includedScopes":[]}]},"contributions":{},"includedScopes":[{"containerScope":{"containerScope":{"containerScope":{"contributions":{},"includedScopes":[]},"contributions":{},"includedScopes":[]},"contributions":{},"includedScopes":[]},"contributions":{},"includedScopes":[]}]},"contributions":{},"includedScopes":[]},"contributions":{},"includedScopes":[]},"contributions":{},"includedScopes":[]},"contributions":{},"includedScopes":[]},"contributions":{},"includedScopes":[]},"contributions":{},"includedScopes":[]},"sourceMap":{"end":{"column":31,"line":137,"offset":3332},"start":{"column":17,"line":137,"offset":3318}}},"variable":{"id":"45e9a293-6714-4596-8c73-b610fe2ae7ca","metadata":[],"name":"lifePoints","scope":{"containerScope":{"containerScope":{"containerScope":{"containerScope":{"containerScope":{"containerScope":{"containerScope":{"containerScope":{"containerScope":{"contributions":{},"includedScopes":[]},"contributions":{},"includedScopes":[]},"contributions":{},"includedScopes":[{"contributions":{},"includedScopes":[]},{"contributions":{},"includedScopes":[]},{"contributions":{},"includedScopes":[]}]},"contributions":{},"includedScopes":[{"containerScope":{"containerScope":{"containerScope":{"contributions":{},"includedScopes":[]},"contributions":{},"includedScopes":[]},"contributions":{},"includedScopes":[]},"contributions":{},"includedScopes":[]}]},"contributions":{},"includedScopes":[]},"contributions":{},"includedScopes":[]},"contributions":{},"includedScopes":[]},"contributions":{},"includedScopes":[]},"contributions":{},"includedScopes":[]},"contributions":{},"includedScopes":[]},"sourceMap":{"end":{"column":14,"line":137,"offset":3315},"start":{"column":4,"line":137,"offset":3305}}}}],"sourceMap":{"end":{"column":4,"line":138,"offset":3337},"start":{"column":24,"line":135,"offset":3272}}}},{"args":[{"id":"ed1f276d-bd2b-4989-ad28-60d2831046e0","metadata":[],"name":"imageToUse","scope":{"containerScope":{"containerScope":{"containerScope":{"containerScope":{"containerScope":{"containerScope":{"containerScope":{"contributions":{},"includedScopes":[]},"contributions":{},"includedScopes":[]},"contributions":{},"includedScopes":[{"contributions":{},"includedScopes":[]},{"contributions":{},"includedScopes":[]},{"contributions":{},"includedScopes":[]}]},"contributions":{},"includedScopes":[{"containerScope":{"containerScope":{"containerScope":{"contributions":{},"includedScopes":[]},"contributions":{},"includedScopes":[]},"contributions":{},"includedScopes":[]},"contributions":{},"includedScopes":[]}]},"contributions":{},"includedScopes":[]},"contributions":{},"includedScopes":[]},"contributions":{},"includedScopes":[]},"contributions":{},"includedScopes":[]},"sourceMap":{"end":{"column":34,"line":142,"offset":3464},"start":{"column":24,"line":142,"offset":3454}}},{"id":"518c4b92-3bad-43dd-88ae-270f732d7a70","metadata":[],"scope":{"containerScope":{"containerScope":{"containerScope":{"containerScope":{"containerScope":{"containerScope":{"containerScope":{"contributions":{},"includedScopes":[]},"contributions":{},"includedScopes":[]},"contributions":{},"includedScopes":[{"contributions":{},"includedScopes":[]},{"contributions":{},"includedScopes":[]},{"contributions":{},"includedScopes":[]}]},"contributions":{},"includedScopes":[{"containerScope":{"containerScope":{"containerScope":{"contributions":{},"includedScopes":[]},"contributions":{},"includedScopes":[]},"contributions":{},"includedScopes":[]},"contributions":{},"includedScopes":[]}]},"contributions":{},"includedScopes":[]},"contributions":{},"includedScopes":[]},"contributions":{},"includedScopes":[]},"contributions":{},"includedScopes":[]},"sourceMap":{"end":{"column":37,"line":142,"offset":3467},"start":{"column":36,"line":142,"offset":3466}},"value":1}],"id":"6fc63e03-950d-4b9e-9c52-898d211ebfa2","message":"drawSingleHeart","metadata":[],"receiver":{"id":"ec70e4f4-62e9-4a73-bceb-3f27b7401ed2","metadata":[],"scope":{"containerScope":{"containerScope":{"containerScope":{"containerScope":{"containerScope":{"containerScope":{"containerScope":{"contributions":{},"includedScopes":[]},"contributions":{},"includedScopes":[]},"contributions":{},"includedScopes":[{"contributions":{},"includedScopes":[]},{"contributions":{},"includedScopes":[]},{"contributions":{},"includedScopes":[]}]},"contributions":{},"includedScopes":[{"containerScope":{"containerScope":{"containerScope":{"contributions":{},"includedScopes":[]},"contributions":{},"includedScopes":[]},"contributions":{},"includedScopes":[]},"contributions":{},"includedScopes":[]}]},"contributions":{},"includedScopes":[]},"contributions":{},"includedScopes":[]},"contributions":{},"includedScopes":[]},"contributions":{},"includedScopes":[]},"sourceMap":{"end":{"column":7,"line":142,"offset":3437},"start":{"column":3,"line":142,"offset":3433}}},"scope":{"containerScope":{"containerScope":{"containerScope":{"containerScope":{"containerScope":{"containerScope":{"contributions":{},"includedScopes":[]},"contributions":{},"includedScopes":[]},"contributions":{},"includedScopes":[{"contributions":{},"includedScopes":[]},{"contributions":{},"includedScopes":[]},{"contributions":{},"includedScopes":[]}]},"contributions":{},"includedScopes":[{"containerScope":{"containerScope":{"containerScope":{"contributions":{},"includedScopes":[]},"contributions":{},"includedScopes":[]},"contributions":{},"includedScopes":[]},"contributions":{},"includedScopes":[]}]},"contributions":{},"includedScopes":[]},"contributions":{},"includedScopes":[]},"contributions":{},"includedScopes":[]},"sourceMap":{"end":{"column":38,"line":142,"offset":3468},"start":{"column":2,"line":142,"offset":3433}}},{"id":"97a77850-8f6e-42c0-b27e-be117a9b6e2d","metadata":[],"scope":{"containerScope":{"containerScope":{"containerScope":{"containerScope":{"containerScope":{"containerScope":{"contributions":{},"includedScopes":[]},"contributions":{},"includedScopes":[]},"contributions":{},"includedScopes":[{"contributions":{},"includedScopes":[]},{"contributions":{},"includedScopes":[]},{"contributions":{},"includedScopes":[]}]},"contributions":{},"includedScopes":[{"containerScope":{"containerScope":{"containerScope":{"contributions":{},"includedScopes":[]},"contributions":{},"includedScopes":[]},"contributions":{},"includedScopes":[]},"contributions":{},"includedScopes":[]}]},"contributions":{},"includedScopes":[]},"contributions":{},"includedScopes":[]},"contributions":{},"includedScopes":[]},"sourceMap":{"end":{"column":26,"line":144,"offset":3497},"start":{"column":3,"line":144,"offset":3474}},"value":{"id":"80b1a77a-bde3-4cd4-9657-ff2e99dcf0f3","metadata":[],"name":"heartEmpty","scope":{"containerScope":{"containerScope":{"containerScope":{"containerScope":{"containerScope":{"containerScope":{"containerScope":{"contributions":{},"includedScopes":[]},"contributions":{},"includedScopes":[]},"contributions":{},"includedScopes":[{"contributions":{},"includedScopes":[]},{"contributions":{},"includedScopes":[]},{"contributions":{},"includedScopes":[]}]},"contributions":{},"includedScopes":[{"containerScope":{"containerScope":{"containerScope":{"contributions":{},"includedScopes":[]},"contributions":{},"includedScopes":[]},"contributions":{},"includedScopes":[]},"contributions":{},"includedScopes":[]}]},"contributions":{},"includedScopes":[]},"contributions":{},"includedScopes":[]},"contributions":{},"includedScopes":[]},"contributions":{},"includedScopes":[]},"sourceMap":{"end":{"column":26,"line":144,"offset":3497},"start":{"column":16,"line":144,"offset":3487}}},"variable":{"id":"ebc4e1d2-226b-4461-9863-fb22ec3c677f","metadata":[],"name":"imageToUse","scope":{"containerScope":{"containerScope":{"containerScope":{"containerScope":{"containerScope":{"containerScope":{"containerScope":{"contributions":{},"includedScopes":[]},"contributions":{},"includedScopes":[]},"contributions":{},"includedScopes":[{"contributions":{},"includedScopes":[]},{"contributions":{},"includedScopes":[]},{"contributions":{},"includedScopes":[]}]},"contributions":{},"includedScopes":[{"containerScope":{"containerScope":{"containerScope":{"contributions":{},"includedScopes":[]},"contributions":{},"includedScopes":[]},"contributions":{},"includedScopes":[]},"contributions":{},"includedScopes":[]}]},"contributions":{},"includedScopes":[]},"contributions":{},"includedScopes":[]},"contributions":{},"includedScopes":[]},"contributions":{},"includedScopes":[]},"sourceMap":{"end":{"column":13,"line":144,"offset":3484},"start":{"column":3,"line":144,"offset":3474}}}},{"condition":{"args":[{"id":"decb1ab2-2c76-4720-ab76-8d8096437434","metadata":[],"scope":{"containerScope":{"containerScope":{"containerScope":{"containerScope":{"containerScope":{"containerScope":{"containerScope":{"containerScope":{"contributions":{},"includedScopes":[]},"contributions":{},"includedScopes":[]},"contributions":{},"includedScopes":[{"contributions":{},"includedScopes":[]},{"contributions":{},"includedScopes":[]},{"contributions":{},"includedScopes":[]}]},"contributions":{},"includedScopes":[{"containerScope":{"containerScope":{"containerScope":{"contributions":{},"includedScopes":[]},"contributions":{},"includedScopes":[]},"contributions":{},"includedScopes":[]},"contributions":{},"includedScopes":[]}]},"contributions":{},"includedScopes":[]},"contributions":{},"includedScopes":[]},"contributions":{},"includedScopes":[]},"contributions":{},"includedScopes":[]},"contributions":{},"includedScopes":[]},"sourceMap":{"end":{"column":22,"line":145,"offset":3520},"start":{"column":21,"line":145,"offset":3519}},"value":2}],"id":"58112251-4da3-4474-8ec6-9480b9409e61","message":">=","metadata":[],"receiver":{"id":"990045d0-d0af-4f3f-a4f3-04484f5d415d","metadata":[],"name":"lifePoints","scope":{"containerScope":{"containerScope":{"containerScope":{"containerScope":{"containerScope":{"containerScope":{"containerScope":{"containerScope":{"contributions":{},"includedScopes":[]},"contributions":{},"includedScopes":[]},"contributions":{},"includedScopes":[{"contributions":{},"includedScopes":[]},{"contributions":{},"includedScopes":[]},{"contributions":{},"includedScopes":[]}]},"contributions":{},"includedScopes":[{"containerScope":{"containerScope":{"containerScope":{"contributions":{},"includedScopes":[]},"contributions":{},"includedScopes":[]},"contributions":{},"includedScopes":[]},"contributions":{},"includedScopes":[]}]},"contributions":{},"includedScopes":[]},"contributions":{},"includedScopes":[]},"contributions":{},"includedScopes":[]},"contributions":{},"includedScopes":[]},"contributions":{},"includedScopes":[]},"sourceMap":{"end":{"column":17,"line":145,"offset":3515},"start":{"column":7,"line":145,"offset":3505}}},"scope":{"containerScope":{"containerScope":{"containerScope":{"containerScope":{"containerScope":{"containerScope":{"containerScope":{"contributions":{},"includedScopes":[]},"contributions":{},"includedScopes":[]},"contributions":{},"includedScopes":[{"contributions":{},"includedScopes":[]},{"contributions":{},"includedScopes":[]},{"contributions":{},"includedScopes":[]}]},"contributions":{},"includedScopes":[{"containerScope":{"containerScope":{"containerScope":{"contributions":{},"includedScopes":[]},"contributions":{},"includedScopes":[]},"contributions":{},"includedScopes":[]},"contributions":{},"includedScopes":[]}]},"contributions":{},"includedScopes":[]},"contributions":{},"includedScopes":[]},"contributions":{},"includedScopes":[]},"contributions":{},"includedScopes":[]},"sourceMap":{"end":{"column":22,"line":145,"offset":3520},"start":{"column":7,"line":145,"offset":3505}}},"elseBody":{"id":"6849a3c2-07b1-408c-8558-7854dbd9003b","metadata":[],"scope":{"containerScope":{"containerScope":{"containerScope":{"containerScope":{"containerScope":{"containerScope":{"containerScope":{"contributions":{},"includedScopes":[]},"contributions":{},"includedScopes":[]},"contributions":{},"includedScopes":[{"contributions":{},"includedScopes":[]},{"contributions":{},"includedScopes":[]},{"contributions":{},"includedScopes":[]}]},"contributions":{},"includedScopes":[{"containerScope":{"containerScope":{"containerScope":{"contributions":{},"includedScopes":[]},"contributions":{},"includedScopes":[]},"contributions":{},"includedScopes":[]},"contributions":{},"includedScopes":[]}]},"contributions":{},"includedScopes":[]},"contributions":{},"includedScopes":[]},"contributions":{},"includedScopes":[]},"contributions":{},"includedScopes":[]},"sentences":[{"condition":{"args":[{"id":"26c598b6-b453-498e-9f6e-cb51ae2000c9","metadata":[],"scope":{"containerScope":{"containerScope":{"containerScope":{"containerScope":{"containerScope":{"containerScope":{"containerScope":{"containerScope":{"containerScope":{"containerScope":{"contributions":{},"includedScopes":[]},"contributions":{},"includedScopes":[]},"contributions":{},"includedScopes":[{"contributions":{},"includedScopes":[]},{"contributions":{},"includedScopes":[]},{"contributions":{},"includedScopes":[]}]},"contributions":{},"includedScopes":[{"containerScope":{"containerScope":{"containerScope":{"contributions":{},"includedScopes":[]},"contributions":{},"includedScopes":[]},"contributions":{},"includedScopes":[]},"contributions":{},"includedScopes":[]}]},"contributions":{},"includedScopes":[]},"contributions":{},"includedScopes":[]},"contributions":{},"includedScopes":[]},"contributions":{},"includedScopes":[]},"contributions":{},"includedScopes":[]},"contributions":{},"includedScopes":[]},"contributions":{},"includedScopes":[]},"sourceMap":{"end":{"column":29,"line":148,"offset":3612},"start":{"column":28,"line":148,"offset":3611}},"value":1}],"id":"e76b0632-a946-4769-a9f8-e5a6db281046","message":"==","metadata":[],"receiver":{"id":"829eb337-fec6-4640-921a-56c4cd1987a2","metadata":[],"name":"lifePoints","scope":{"containerScope":{"containerScope":{"containerScope":{"containerScope":{"containerScope":{"containerScope":{"containerScope":{"containerScope":{"containerScope":{"containerScope":{"contributions":{},"includedScopes":[]},"contributions":{},"includedScopes":[]},"contributions":{},"includedScopes":[{"contributions":{},"includedScopes":[]},{"contributions":{},"includedScopes":[]},{"contributions":{},"includedScopes":[]}]},"contributions":{},"includedScopes":[{"containerScope":{"containerScope":{"containerScope":{"contributions":{},"includedScopes":[]},"contributions":{},"includedScopes":[]},"contributions":{},"includedScopes":[]},"contributions":{},"includedScopes":[]}]},"contributions":{},"includedScopes":[]},"contributions":{},"includedScopes":[]},"contributions":{},"includedScopes":[]},"contributions":{},"includedScopes":[]},"contributions":{},"includedScopes":[]},"contributions":{},"includedScopes":[]},"contributions":{},"includedScopes":[]},"sourceMap":{"end":{"column":24,"line":148,"offset":3607},"start":{"column":14,"line":148,"offset":3597}}},"scope":{"containerScope":{"containerScope":{"containerScope":{"containerScope":{"containerScope":{"containerScope":{"containerScope":{"containerScope":{"containerScope":{"contributions":{},"includedScopes":[]},"contributions":{},"includedScopes":[]},"contributions":{},"includedScopes":[{"contributions":{},"includedScopes":[]},{"contributions":{},"includedScopes":[]},{"contributions":{},"includedScopes":[]}]},"contributions":{},"includedScopes":[{"containerScope":{"containerScope":{"containerScope":{"contributions":{},"includedScopes":[]},"contributions":{},"includedScopes":[]},"contributions":{},"includedScopes":[]},"contributions":{},"includedScopes":[]}]},"contributions":{},"includedScopes":[]},"contributions":{},"includedScopes":[]},"contributions":{},"includedScopes":[]},"contributions":{},"includedScopes":[]},"contributions":{},"includedScopes":[]},"contributions":{},"includedScopes":[]},"sourceMap":{"end":{"column":29,"line":148,"offset":3612},"start":{"column":14,"line":148,"offset":3597}}},"elseBody":{"id":"94876a64-9fee-48d1-8e30-26b87c606201","metadata":[],"scope":{"containerScope":{"containerScope":{"containerScope":{"containerScope":{"containerScope":{"containerScope":{"containerScope":{"containerScope":{"containerScope":{"contributions":{},"includedScopes":[]},"contributions":{},"includedScopes":[]},"contributions":{},"includedScopes":[{"contributions":{},"includedScopes":[]},{"contributions":{},"includedScopes":[]},{"contributions":{},"includedScopes":[]}]},"contributions":{},"includedScopes":[{"containerScope":{"containerScope":{"containerScope":{"contributions":{},"includedScopes":[]},"contributions":{},"includedScopes":[]},"contributions":{},"includedScopes":[]},"contributions":{},"includedScopes":[]}]},"contributions":{},"includedScopes":[]},"contributions":{},"includedScopes":[]},"contributions":{},"includedScopes":[]},"contributions":{},"includedScopes":[]},"contributions":{},"includedScopes":[]},"contributions":{},"includedScopes":[]},"sentences":[]},"id":"7ec89f97-a28b-4089-bb7a-525f73383d65","metadata":[],"scope":{"containerScope":{"containerScope":{"containerScope":{"containerScope":{"containerScope":{"containerScope":{"containerScope":{"containerScope":{"contributions":{},"includedScopes":[]},"contributions":{},"includedScopes":[]},"contributions":{},"includedScopes":[{"contributions":{},"includedScopes":[]},{"contributions":{},"includedScopes":[]},{"contributions":{},"includedScopes":[]}]},"contributions":{},"includedScopes":[{"containerScope":{"containerScope":{"containerScope":{"contributions":{},"includedScopes":[]},"contributions":{},"includedScopes":[]},"contributions":{},"includedScopes":[]},"contributions":{},"includedScopes":[]}]},"contributions":{},"includedScopes":[]},"contributions":{},"includedScopes":[]},"contributions":{},"includedScopes":[]},"contributions":{},"includedScopes":[]},"contributions":{},"includedScopes":[]},"sourceMap":{"end":{"column":4,"line":151,"offset":3679},"start":{"column":10,"line":148,"offset":3593}},"thenBody":{"id":"f32ad15c-e692-444b-a248-85e3fcd01c1b","metadata":[],"problems":[],"scope":{"containerScope":{"containerScope":{"containerScope":{"containerScope":{"containerScope":{"containerScope":{"containerScope":{"containerScope":{"containerScope":{"contributions":{},"includedScopes":[]},"contributions":{},"includedScopes":[]},"contributions":{},"includedScopes":[{"contributions":{},"includedScopes":[]},{"contributions":{},"includedScopes":[]},{"contributions":{},"includedScopes":[]}]},"contributions":{},"includedScopes":[{"containerScope":{"containerScope":{"containerScope":{"contributions":{},"includedScopes":[]},"contributions":{},"includedScopes":[]},"contributions":{},"includedScopes":[]},"contributions":{},"includedScopes":[]}]},"contributions":{},"includedScopes":[]},"contributions":{},"includedScopes":[]},"contributions":{},"includedScopes":[]},"contributions":{},"includedScopes":[]},"contributions":{},"includedScopes":[]},"contributions":{},"includedScopes":[]},"sentences":[{"id":"c46d8ca2-0abe-44bc-9999-b0bffbdd41d6","metadata":[],"scope":{"containerScope":{"containerScope":{"containerScope":{"containerScope":{"containerScope":{"containerScope":{"containerScope":{"containerScope":{"containerScope":{"containerScope":{"contributions":{},"includedScopes":[]},"contributions":{},"includedScopes":[]},"contributions":{},"includedScopes":[{"contributions":{},"includedScopes":[]},{"contributions":{},"includedScopes":[]},{"contributions":{},"includedScopes":[]}]},"contributions":{},"includedScopes":[{"containerScope":{"containerScope":{"containerScope":{"contributions":{},"includedScopes":[]},"contributions":{},"includedScopes":[]},"contributions":{},"includedScopes":[]},"contributions":{},"includedScopes":[]}]},"contributions":{},"includedScopes":[]},"contributions":{},"includedScopes":[]},"contributions":{},"includedScopes":[]},"contributions":{},"includedScopes":[]},"contributions":{},"includedScopes":[]},"contributions":{},"includedScopes":[]},"contributions":{},"includedScopes":[]},"sourceMap":{"end":{"column":26,"line":149,"offset":3642},"start":{"column":4,"line":149,"offset":3620}},"value":{"id":"6c9cebbe-98a4-4ded-a9c0-9a3358f3eb21","metadata":[],"name":"heartHalf","scope":{"containerScope":{"containerScope":{"containerScope":{"containerScope":{"containerScope":{"containerScope":{"containerScope":{"containerScope":{"containerScope":{"containerScope":{"containerScope":{"contributions":{},"includedScopes":[]},"contributions":{},"includedScopes":[]},"contributions":{},"includedScopes":[{"contributions":{},"includedScopes":[]},{"contributions":{},"includedScopes":[]},{"contributions":{},"includedScopes":[]}]},"contributions":{},"includedScopes":[{"containerScope":{"containerScope":{"containerScope":{"contributions":{},"includedScopes":[]},"contributions":{},"includedScopes":[]},"contributions":{},"includedScopes":[]},"contributions":{},"includedScopes":[]}]},"contributions":{},"includedScopes":[]},"contributions":{},"includedScopes":[]},"contributions":{},"includedScopes":[]},"contributions":{},"includedScopes":[]},"contributions":{},"includedScopes":[]},"contributions":{},"includedScopes":[]},"contributions":{},"includedScopes":[]},"contributions":{},"includedScopes":[]},"sourceMap":{"end":{"column":26,"line":149,"offset":3642},"start":{"column":17,"line":149,"offset":3633}}},"variable":{"id":"e947ca7c-c17b-494e-bb68-e1cc216520f7","metadata":[],"name":"imageToUse","scope":{"containerScope":{"containerScope":{"containerScope":{"containerScope":{"containerScope":{"containerScope":{"containerScope":{"containerScope":{"containerScope":{"containerScope":{"containerScope":{"contributions":{},"includedScopes":[]},"contributions":{},"includedScopes":[]},"contributions":{},"includedScopes":[{"contributions":{},"includedScopes":[]},{"contributions":{},"includedScopes":[]},{"contributions":{},"includedScopes":[]}]},"contributions":{},"includedScopes":[{"containerScope":{"containerScope":{"containerScope":{"contributions":{},"includedScopes":[]},"contributions":{},"includedScopes":[]},"contributions":{},"includedScopes":[]},"contributions":{},"includedScopes":[]}]},"contributions":{},"includedScopes":[]},"contributions":{},"includedScopes":[]},"contributions":{},"includedScopes":[]},"contributions":{},"includedScopes":[]},"contributions":{},"includedScopes":[]},"contributions":{},"includedScopes":[]},"contributions":{},"includedScopes":[]},"contributions":{},"includedScopes":[]},"sourceMap":{"end":{"column":14,"line":149,"offset":3630},"start":{"column":4,"line":149,"offset":3620}}}},{"id":"1f6c476a-6b82-483b-b7a6-d0c76d467e3e","metadata":[],"scope":{"containerScope":{"containerScope":{"containerScope":{"containerScope":{"containerScope":{"containerScope":{"containerScope":{"containerScope":{"containerScope":{"containerScope":{"contributions":{},"includedScopes":[]},"contributions":{},"includedScopes":[]},"contributions":{},"includedScopes":[{"contributions":{},"includedScopes":[]},{"contributions":{},"includedScopes":[]},{"contributions":{},"includedScopes":[]}]},"contributions":{},"includedScopes":[{"containerScope":{"containerScope":{"containerScope":{"contributions":{},"includedScopes":[]},"contributions":{},"includedScopes":[]},"contributions":{},"includedScopes":[]},"contributions":{},"includedScopes":[]}]},"contributions":{},"includedScopes":[]},"contributions":{},"includedScopes":[]},"contributions":{},"includedScopes":[]},"contributions":{},"includedScopes":[]},"contributions":{},"includedScopes":[]},"contributions":{},"includedScopes":[]},"contributions":{},"includedScopes":[]},"sourceMap":{"end":{"column":31,"line":150,"offset":3674},"start":{"column":4,"line":150,"offset":3647}},"value":{"args":[{"id":"b89de819-b5f2-4ddc-a314-c2fc1895e054","metadata":[],"scope":{"containerScope":{"containerScope":{"containerScope":{"containerScope":{"containerScope":{"containerScope":{"containerScope":{"containerScope":{"containerScope":{"containerScope":{"containerScope":{"containerScope":{"contributions":{},"includedScopes":[]},"contributions":{},"includedScopes":[]},"contributions":{},"includedScopes":[{"contributions":{},"includedScopes":[]},{"contributions":{},"includedScopes":[]},{"contributions":{},"includedScopes":[]}]},"contributions":{},"includedScopes":[{"containerScope":{"containerScope":{"containerScope":{"contributions":{},"includedScopes":[]},"contributions":{},"includedScopes":[]},"contributions":{},"includedScopes":[]},"contributions":{},"includedScopes":[]}]},"contributions":{},"includedScopes":[]},"contributions":{},"includedScopes":[]},"contributions":{},"includedScopes":[]},"contributions":{},"includedScopes":[]},"contributions":{},"includedScopes":[]},"contributions":{},"includedScopes":[]},"contributions":{},"includedScopes":[]},"contributions":{},"includedScopes":[]},"contributions":{},"includedScopes":[]},"sourceMap":{"end":{"column":31,"line":150,"offset":3674},"start":{"column":30,"line":150,"offset":3673}},"value":1}],"id":"b3351e54-27ab-4015-852f-5bc6eb165959","message":"-","metadata":[],"receiver":{"id":"80dbd837-c696-4666-bfb1-a37f66efa09d","metadata":[],"name":"lifePoints","scope":{"containerScope":{"containerScope":{"containerScope":{"containerScope":{"containerScope":{"containerScope":{"containerScope":{"containerScope":{"containerScope":{"containerScope":{"containerScope":{"containerScope":{"contributions":{},"includedScopes":[]},"contributions":{},"includedScopes":[]},"contributions":{},"includedScopes":[{"contributions":{},"includedScopes":[]},{"contributions":{},"includedScopes":[]},{"contributions":{},"includedScopes":[]}]},"contributions":{},"includedScopes":[{"containerScope":{"containerScope":{"containerScope":{"contributions":{},"includedScopes":[]},"contributions":{},"includedScopes":[]},"contributions":{},"includedScopes":[]},"contributions":{},"includedScopes":[]}]},"contributions":{},"includedScopes":[]},"contributions":{},"includedScopes":[]},"contributions":{},"includedScopes":[]},"contributions":{},"includedScopes":[]},"contributions":{},"includedScopes":[]},"contributions":{},"includedScopes":[]},"contributions":{},"includedScopes":[]},"contributions":{},"includedScopes":[]},"contributions":{},"includedScopes":[]},"sourceMap":{"end":{"column":27,"line":150,"offset":3670},"start":{"column":17,"line":150,"offset":3660}}},"scope":{"containerScope":{"containerScope":{"containerScope":{"containerScope":{"containerScope":{"containerScope":{"containerScope":{"containerScope":{"containerScope":{"containerScope":{"containerScope":{"contributions":{},"includedScopes":[]},"contributions":{},"includedScopes":[]},"contributions":{},"includedScopes":[{"contributions":{},"includedScopes":[]},{"contributions":{},"includedScopes":[]},{"contributions":{},"includedScopes":[]}]},"contributions":{},"includedScopes":[{"containerScope":{"containerScope":{"containerScope":{"contributions":{},"includedScopes":[]},"contributions":{},"includedScopes":[]},"contributions":{},"includedScopes":[]},"contributions":{},"includedScopes":[]}]},"contributions":{},"includedScopes":[]},"contributions":{},"includedScopes":[]},"contributions":{},"includedScopes":[]},"contributions":{},"includedScopes":[]},"contributions":{},"includedScopes":[]},"contributions":{},"includedScopes":[]},"contributions":{},"includedScopes":[]},"contributions":{},"includedScopes":[]},"sourceMap":{"end":{"column":31,"line":150,"offset":3674},"start":{"column":17,"line":150,"offset":3660}}},"variable":{"id":"92a76fc6-2519-4b37-8d52-affdf759246d","metadata":[],"name":"lifePoints","scope":{"containerScope":{"containerScope":{"containerScope":{"containerScope":{"containerScope":{"containerScope":{"containerScope":{"containerScope":{"containerScope":{"containerScope":{"containerScope":{"contributions":{},"includedScopes":[]},"contributions":{},"includedScopes":[]},"contributions":{},"includedScopes":[{"contributions":{},"includedScopes":[]},{"contributions":{},"includedScopes":[]},{"contributions":{},"includedScopes":[]}]},"contributions":{},"includedScopes":[{"containerScope":{"containerScope":{"containerScope":{"contributions":{},"includedScopes":[]},"contributions":{},"includedScopes":[]},"contributions":{},"includedScopes":[]},"contributions":{},"includedScopes":[]}]},"contributions":{},"includedScopes":[]},"contributions":{},"includedScopes":[]},"contributions":{},"includedScopes":[]},"contributions":{},"includedScopes":[]},"contributions":{},"includedScopes":[]},"contributions":{},"includedScopes":[]},"contributions":{},"includedScopes":[]},"contributions":{},"includedScopes":[]},"sourceMap":{"end":{"column":14,"line":150,"offset":3657},"start":{"column":4,"line":150,"offset":3647}}}}],"sourceMap":{"end":{"column":4,"line":151,"offset":3679},"start":{"column":31,"line":148,"offset":3614}}}}],"sourceMap":{"end":{"column":4,"line":151,"offset":3679},"start":{"column":10,"line":148,"offset":3593}}},"id":"f3ab5d7a-9ce6-47d3-9d49-f51faf457c61","metadata":[],"scope":{"containerScope":{"containerScope":{"containerScope":{"containerScope":{"containerScope":{"containerScope":{"contributions":{},"includedScopes":[]},"contributions":{},"includedScopes":[]},"contributions":{},"includedScopes":[{"contributions":{},"includedScopes":[]},{"contributions":{},"includedScopes":[]},{"contributions":{},"includedScopes":[]}]},"contributions":{},"includedScopes":[{"containerScope":{"containerScope":{"containerScope":{"contributions":{},"includedScopes":[]},"contributions":{},"includedScopes":[]},"contributions":{},"includedScopes":[]},"contributions":{},"includedScopes":[]}]},"contributions":{},"includedScopes":[]},"contributions":{},"includedScopes":[]},"contributions":{},"includedScopes":[]},"sourceMap":{"end":{"column":4,"line":151,"offset":3679},"start":{"column":3,"line":145,"offset":3501}},"thenBody":{"id":"0bc9a35f-69e6-416d-aea2-abcdeeac72d8","metadata":[],"problems":[],"scope":{"containerScope":{"containerScope":{"containerScope":{"containerScope":{"containerScope":{"containerScope":{"containerScope":{"contributions":{},"includedScopes":[]},"contributions":{},"includedScopes":[]},"contributions":{},"includedScopes":[{"contributions":{},"includedScopes":[]},{"contributions":{},"includedScopes":[]},{"contributions":{},"includedScopes":[]}]},"contributions":{},"includedScopes":[{"containerScope":{"containerScope":{"containerScope":{"contributions":{},"includedScopes":[]},"contributions":{},"includedScopes":[]},"contributions":{},"includedScopes":[]},"contributions":{},"includedScopes":[]}]},"contributions":{},"includedScopes":[]},"contributions":{},"includedScopes":[]},"contributions":{},"includedScopes":[]},"contributions":{},"includedScopes":[]},"sentences":[{"id":"6128768d-35b4-461c-8718-642dcea2249a","metadata":[],"scope":{"containerScope":{"containerScope":{"containerScope":{"containerScope":{"containerScope":{"containerScope":{"containerScope":{"containerScope":{"contributions":{},"includedScopes":[]},"contributions":{},"includedScopes":[]},"contributions":{},"includedScopes":[{"contributions":{},"includedScopes":[]},{"contributions":{},"includedScopes":[]},{"contributions":{},"includedScopes":[]}]},"contributions":{},"includedScopes":[{"containerScope":{"containerScope":{"containerScope":{"contributions":{},"includedScopes":[]},"contributions":{},"includedScopes":[]},"contributions":{},"includedScopes":[]},"contributions":{},"includedScopes":[]}]},"contributions":{},"includedScopes":[]},"contributions":{},"includedScopes":[]},"contributions":{},"includedScopes":[]},"contributions":{},"includedScopes":[]},"contributions":{},"includedScopes":[]},"sourceMap":{"end":{"column":26,"line":146,"offset":3550},"start":{"column":4,"line":146,"offset":3528}},"value":{"id":"46a94cba-9766-4f50-9d92-12cb911cac10","metadata":[],"name":"heartFull","scope":{"containerScope":{"containerScope":{"containerScope":{"containerScope":{"containerScope":{"containerScope":{"containerScope":{"containerScope":{"containerScope":{"contributions":{},"includedScopes":[]},"contributions":{},"includedScopes":[]},"contributions":{},"includedScopes":[{"contributions":{},"includedScopes":[]},{"contributions":{},"includedScopes":[]},{"contributions":{},"includedScopes":[]}]},"contributions":{},"includedScopes":[{"containerScope":{"containerScope":{"containerScope":{"contributions":{},"includedScopes":[]},"contributions":{},"includedScopes":[]},"contributions":{},"includedScopes":[]},"contributions":{},"includedScopes":[]}]},"contributions":{},"includedScopes":[]},"contributions":{},"includedScopes":[]},"contributions":{},"includedScopes":[]},"contributions":{},"includedScopes":[]},"contributions":{},"includedScopes":[]},"contributions":{},"includedScopes":[]},"sourceMap":{"end":{"column":26,"line":146,"offset":3550},"start":{"column":17,"line":146,"offset":3541}}},"variable":{"id":"c644619d-c0a7-4e78-9f59-a97788878404","metadata":[],"name":"imageToUse","scope":{"containerScope":{"containerScope":{"containerScope":{"containerScope":{"containerScope":{"containerScope":{"containerScope":{"containerScope":{"containerScope":{"contributions":{},"includedScopes":[]},"contributions":{},"includedScopes":[]},"contributions":{},"includedScopes":[{"contributions":{},"includedScopes":[]},{"contributions":{},"includedScopes":[]},{"contributions":{},"includedScopes":[]}]},"contributions":{},"includedScopes":[{"containerScope":{"containerScope":{"containerScope":{"contributions":{},"includedScopes":[]},"contributions":{},"includedScopes":[]},"contributions":{},"includedScopes":[]},"contributions":{},"includedScopes":[]}]},"contributions":{},"includedScopes":[]},"contributions":{},"includedScopes":[]},"contributions":{},"includedScopes":[]},"contributions":{},"includedScopes":[]},"contributions":{},"includedScopes":[]},"contributions":{},"includedScopes":[]},"sourceMap":{"end":{"column":14,"line":146,"offset":3538},"start":{"column":4,"line":146,"offset":3528}}}},{"id":"641526da-3d4f-4f07-a964-2b70ea735da2","metadata":[],"scope":{"containerScope":{"containerScope":{"containerScope":{"containerScope":{"containerScope":{"containerScope":{"containerScope":{"containerScope":{"contributions":{},"includedScopes":[]},"contributions":{},"includedScopes":[]},"contributions":{},"includedScopes":[{"contributions":{},"includedScopes":[]},{"contributions":{},"includedScopes":[]},{"contributions":{},"includedScopes":[]}]},"contributions":{},"includedScopes":[{"containerScope":{"containerScope":{"containerScope":{"contributions":{},"includedScopes":[]},"contributions":{},"includedScopes":[]},"contributions":{},"includedScopes":[]},"contributions":{},"includedScopes":[]}]},"contributions":{},"includedScopes":[]},"contributions":{},"includedScopes":[]},"contributions":{},"includedScopes":[]},"contributions":{},"includedScopes":[]},"contributions":{},"includedScopes":[]},"sourceMap":{"end":{"column":31,"line":147,"offset":3582},"start":{"column":4,"line":147,"offset":3555}},"value":{"args":[{"id":"7264484e-393e-425a-8276-53b216348e9f","metadata":[],"scope":{"containerScope":{"containerScope":{"containerScope":{"containerScope":{"containerScope":{"containerScope":{"containerScope":{"containerScope":{"containerScope":{"containerScope":{"contributions":{},"includedScopes":[]},"contributions":{},"includedScopes":[]},"contributions":{},"includedScopes":[{"contributions":{},"includedScopes":[]},{"contributions":{},"includedScopes":[]},{"contributions":{},"includedScopes":[]}]},"contributions":{},"includedScopes":[{"containerScope":{"containerScope":{"containerScope":{"contributions":{},"includedScopes":[]},"contributions":{},"includedScopes":[]},"contributions":{},"includedScopes":[]},"contributions":{},"includedScopes":[]}]},"contributions":{},"includedScopes":[]},"contributions":{},"includedScopes":[]},"contributions":{},"includedScopes":[]},"contributions":{},"includedScopes":[]},"contributions":{},"includedScopes":[]},"contributions":{},"includedScopes":[]},"contributions":{},"includedScopes":[]},"sourceMap":{"end":{"column":31,"line":147,"offset":3582},"start":{"column":30,"line":147,"offset":3581}},"value":2}],"id":"cbfda5fa-f20b-44a9-a47a-1e1da610dff8","message":"-","metadata":[],"receiver":{"id":"1891ac4e-2297-40a9-98ff-16039ccee5af","metadata":[],"name":"lifePoints","scope":{"containerScope":{"containerScope":{"containerScope":{"containerScope":{"containerScope":{"containerScope":{"containerScope":{"containerScope":{"containerScope":{"containerScope":{"contributions":{},"includedScopes":[]},"contributions":{},"includedScopes":[]},"contributions":{},"includedScopes":[{"contributions":{},"includedScopes":[]},{"contributions":{},"includedScopes":[]},{"contributions":{},"includedScopes":[]}]},"contributions":{},"includedScopes":[{"containerScope":{"containerScope":{"containerScope":{"contributions":{},"includedScopes":[]},"contributions":{},"includedScopes":[]},"contributions":{},"includedScopes":[]},"contributions":{},"includedScopes":[]}]},"contributions":{},"includedScopes":[]},"contributions":{},"includedScopes":[]},"contributions":{},"includedScopes":[]},"contributions":{},"includedScopes":[]},"contributions":{},"includedScopes":[]},"contributions":{},"includedScopes":[]},"contributions":{},"includedScopes":[]},"sourceMap":{"end":{"column":27,"line":147,"offset":3578},"start":{"column":17,"line":147,"offset":3568}}},"scope":{"containerScope":{"containerScope":{"containerScope":{"containerScope":{"containerScope":{"containerScope":{"containerScope":{"containerScope":{"containerScope":{"contributions":{},"includedScopes":[]},"contributions":{},"includedScopes":[]},"contributions":{},"includedScopes":[{"contributions":{},"includedScopes":[]},{"contributions":{},"includedScopes":[]},{"contributions":{},"includedScopes":[]}]},"contributions":{},"includedScopes":[{"containerScope":{"containerScope":{"containerScope":{"contributions":{},"includedScopes":[]},"contributions":{},"includedScopes":[]},"contributions":{},"includedScopes":[]},"contributions":{},"includedScopes":[]}]},"contributions":{},"includedScopes":[]},"contributions":{},"includedScopes":[]},"contributions":{},"includedScopes":[]},"contributions":{},"includedScopes":[]},"contributions":{},"includedScopes":[]},"contributions":{},"includedScopes":[]},"sourceMap":{"end":{"column":31,"line":147,"offset":3582},"start":{"column":17,"line":147,"offset":3568}}},"variable":{"id":"94a25918-4db8-423c-8f2b-6b1741c8be6c","metadata":[],"name":"lifePoints","scope":{"containerScope":{"containerScope":{"containerScope":{"containerScope":{"containerScope":{"containerScope":{"containerScope":{"containerScope":{"containerScope":{"contributions":{},"includedScopes":[]},"contributions":{},"includedScopes":[]},"contributions":{},"includedScopes":[{"contributions":{},"includedScopes":[]},{"contributions":{},"includedScopes":[]},{"contributions":{},"includedScopes":[]}]},"contributions":{},"includedScopes":[{"containerScope":{"containerScope":{"containerScope":{"contributions":{},"includedScopes":[]},"contributions":{},"includedScopes":[]},"contributions":{},"includedScopes":[]},"contributions":{},"includedScopes":[]}]},"contributions":{},"includedScopes":[]},"contributions":{},"includedScopes":[]},"contributions":{},"includedScopes":[]},"contributions":{},"includedScopes":[]},"contributions":{},"includedScopes":[]},"contributions":{},"includedScopes":[]},"sourceMap":{"end":{"column":14,"line":147,"offset":3565},"start":{"column":4,"line":147,"offset":3555}}}}],"sourceMap":{"end":{"column":4,"line":148,"offset":3587},"start":{"column":24,"line":145,"offset":3522}}}},{"args":[{"id":"c0efce42-d83b-4a65-a38d-6398faa79c38","metadata":[],"name":"imageToUse","scope":{"containerScope":{"containerScope":{"containerScope":{"containerScope":{"containerScope":{"containerScope":{"containerScope":{"contributions":{},"includedScopes":[]},"contributions":{},"includedScopes":[]},"contributions":{},"includedScopes":[{"contributions":{},"includedScopes":[]},{"contributions":{},"includedScopes":[]},{"contributions":{},"includedScopes":[]}]},"contributions":{},"includedScopes":[{"containerScope":{"containerScope":{"containerScope":{"contributions":{},"includedScopes":[]},"contributions":{},"includedScopes":[]},"contributions":{},"includedScopes":[]},"contributions":{},"includedScopes":[]}]},"contributions":{},"includedScopes":[]},"contributions":{},"includedScopes":[]},"contributions":{},"includedScopes":[]},"contributions":{},"includedScopes":[]},"sourceMap":{"end":{"column":34,"line":152,"offset":3714},"start":{"column":24,"line":152,"offset":3704}}},{"id":"d3dcbb21-e442-4eb1-a224-ba4f2e1daf4c","metadata":[],"scope":{"containerScope":{"containerScope":{"containerScope":{"containerScope":{"containerScope":{"containerScope":{"containerScope":{"contributions":{},"includedScopes":[]},"contributions":{},"includedScopes":[]},"contributions":{},"includedScopes":[{"contributions":{},"includedScopes":[]},{"contributions":{},"includedScopes":[]},{"contributions":{},"includedScopes":[]}]},"contributions":{},"includedScopes":[{"containerScope":{"containerScope":{"containerScope":{"contributions":{},"includedScopes":[]},"contributions":{},"includedScopes":[]},"contributions":{},"includedScopes":[]},"contributions":{},"includedScopes":[]}]},"contributions":{},"includedScopes":[]},"contributions":{},"includedScopes":[]},"contributions":{},"includedScopes":[]},"contributions":{},"includedScopes":[]},"sourceMap":{"end":{"column":37,"line":152,"offset":3717},"start":{"column":36,"line":152,"offset":3716}},"value":2}],"id":"7eef447e-6532-49c6-bdea-fbb5ebb3807d","message":"drawSingleHeart","metadata":[],"receiver":{"id":"5db788ed-8959-4651-acb2-f05545a29433","metadata":[],"scope":{"containerScope":{"containerScope":{"containerScope":{"containerScope":{"containerScope":{"containerScope":{"containerScope":{"contributions":{},"includedScopes":[]},"contributions":{},"includedScopes":[]},"contributions":{},"includedScopes":[{"contributions":{},"includedScopes":[]},{"contributions":{},"includedScopes":[]},{"contributions":{},"includedScopes":[]}]},"contributions":{},"includedScopes":[{"containerScope":{"containerScope":{"containerScope":{"contributions":{},"includedScopes":[]},"contributions":{},"includedScopes":[]},"contributions":{},"includedScopes":[]},"contributions":{},"includedScopes":[]}]},"contributions":{},"includedScopes":[]},"contributions":{},"includedScopes":[]},"contributions":{},"includedScopes":[]},"contributions":{},"includedScopes":[]},"sourceMap":{"end":{"column":7,"line":152,"offset":3687},"start":{"column":3,"line":152,"offset":3683}}},"scope":{"containerScope":{"containerScope":{"containerScope":{"containerScope":{"containerScope":{"containerScope":{"contributions":{},"includedScopes":[]},"contributions":{},"includedScopes":[]},"contributions":{},"includedScopes":[{"contributions":{},"includedScopes":[]},{"contributions":{},"includedScopes":[]},{"contributions":{},"includedScopes":[]}]},"contributions":{},"includedScopes":[{"containerScope":{"containerScope":{"containerScope":{"contributions":{},"includedScopes":[]},"contributions":{},"includedScopes":[]},"contributions":{},"includedScopes":[]},"contributions":{},"includedScopes":[]}]},"contributions":{},"includedScopes":[]},"contributions":{},"includedScopes":[]},"contributions":{},"includedScopes":[]},"sourceMap":{"end":{"column":38,"line":152,"offset":3718},"start":{"column":2,"line":152,"offset":3683}}}],"sourceMap":{"end":{"column":4,"line":154,"offset":3727},"start":{"column":22,"line":114,"offset":2765}}},"compiled":false,"id":"7762ba47-8a12-438a-b95f-575373151061","isOverride":false,"metadata":[],"name":"drawHearts","parameters":[],"problems":[],"scope":{"containerScope":{"containerScope":{"containerScope":{"containerScope":{"contributions":{},"includedScopes":[]},"contributions":{},"includedScopes":[]},"contributions":{},"includedScopes":[{"contributions":{},"includedScopes":[]},{"contributions":{},"includedScopes":[]},{"contributions":{},"includedScopes":[]}]},"contributions":{},"includedScopes":[{"containerScope":{"containerScope":{"containerScope":{"contributions":{},"includedScopes":[]},"contributions":{},"includedScopes":[]},"contributions":{},"includedScopes":[]},"contributions":{},"includedScopes":[]}]},"contributions":{},"includedScopes":[]},"sourceMap":{"end":{"column":4,"line":154,"offset":3727},"start":{"column":2,"line":114,"offset":2745}}}],"metadata":[],"name":"hearts","problems":[{"code":"malformedMember","sourceMap":{"end":{"column":32,"line":103,"offset":2514},"start":{"column":8,"line":103,"offset":2490}}}],"scope":{"containerScope":{"containerScope":{"containerScope":{"contributions":{},"includedScopes":[]},"contributions":{},"includedScopes":[]},"contributions":{},"includedScopes":[{"contributions":{},"includedScopes":[]},{"contributions":{},"includedScopes":[]},{"contributions":{},"includedScopes":[]}]},"contributions":{},"includedScopes":[{"containerScope":{"containerScope":{"containerScope":{"contributions":{},"includedScopes":[]},"contributions":{},"includedScopes":[]},"contributions":{},"includedScopes":[]},"contributions":{},"includedScopes":[]}]},"sourceMap":{"end":{"column":2,"line":155,"offset":3730},"start":{"column":1,"line":95,"offset":2311}},"supertypes":[]},"stack":"Error: Failed to print, found malformed node\n    at c:\\Users\\Guido\\.vscode\\extensions\\uqbar.wollok-lsp-ide-0.5.3\\out\\server\\src\\server.js:68:3585\n    at Gbn (c:\\Users\\Guido\\.vscode\\extensions\\uqbar.wollok-lsp-ide-0.5.3\\out\\server\\src\\server.js:68:3396)\n    at c:\\Users\\Guido\\.vscode\\extensions\\uqbar.wollok-lsp-ide-0.5.3\\out\\server\\src\\server.js:2393:847\n    at c:\\Users\\Guido\\.vscode\\extensions\\uqbar.wollok-lsp-ide-0.5.3\\out\\server\\src\\server.js:2393:8440\n    at c:\\Users\\Guido\\.vscode\\extensions\\uqbar.wollok-lsp-ide-0.5.3\\out\\server\\src\\server.js:37:74770\n    at Ye (c:\\Users\\Guido\\.vscode\\extensions\\uqbar.wollok-lsp-ide-0.5.3\\out\\server\\src\\server.js:7:8527)\n    at qt (c:\\Users\\Guido\\.vscode\\extensions\\uqbar.wollok-lsp-ide-0.5.3\\out\\server\\src\\server.js:7:6189)\n    at ot (c:\\Users\\Guido\\.vscode\\extensions\\uqbar.wollok-lsp-ide-0.5.3\\out\\server\\src\\server.js:7:6378)\n    at Immediate._onImmediate (c:\\Users\\Guido\\.vscode\\extensions\\uqbar.wollok-lsp-ide-0.5.3\\out\\server\\src\\server.js:7:6142)\n    at process.processImmediate (node:internal/timers:485:21)","timestamp":"2025-11-22T21:45:36.370Z"}
{"level":"info","message":"⌛ Building environment","timeElapsed":734,"timestamp":"2025-11-22T21:45:37.341Z"}
{"level":"info","message":"⌛ Validating src/hud.wlk","timeElapsed":503,"timestamp":"2025-11-22T21:45:37.899Z"}
{"level":"info","message":"⌛ Building environment","timeElapsed":662,"timestamp":"2025-11-22T21:45:41.045Z"}
{"level":"info","message":"⌛ Validating src/hud.wlk","timeElapsed":483,"timestamp":"2025-11-22T21:45:41.656Z"}
{"level":"info","message":"🚀 Program executed \u001b[3m\u001b[34msrc.program.run\u001b[39m\u001b[23m on \u001b[3m\u001b[34md:\\Guido\\Documents\\Objetos 1\\Nueva carpeta\\ads\\CrazyCave\\CrazyCave\u001b[39m\u001b[23m","ok":true,"timeElapsed":5082,"timestamp":"2025-11-22T21:46:13.062Z"}
{"exitCode":0,"level":"info","message":"👾 Game executed src.program.run on d:\\Guido\\Documents\\Objetos 1\\Nueva carpeta\\ads\\CrazyCave\\CrazyCave","timeElapsed":91890,"timestamp":"2025-11-22T21:47:39.868Z"}
{"level":"info","message":"⌛ Building environment","timeElapsed":1059,"timestamp":"2025-11-22T21:48:32.794Z"}
{"level":"info","message":"⌛ Validating src/entitys.wlk","timeElapsed":905,"timestamp":"2025-11-22T21:48:33.859Z"}
{"level":"info","message":"⌛ Building environment","timeElapsed":1159,"timestamp":"2025-11-22T21:48:35.020Z"}
{"level":"info","message":"⌛ Autocomplete - Reference","timeElapsed":322,"timestamp":"2025-11-22T21:48:35.377Z"}
{"level":"info","message":"⌛ Building environment","timeElapsed":1573,"timestamp":"2025-11-22T21:48:36.953Z"}
{"level":"info","message":"⌛ Building environment","timeElapsed":1289,"timestamp":"2025-11-22T21:48:38.334Z"}
{"level":"info","message":"⌛ Building environment","timeElapsed":1917,"timestamp":"2025-11-22T21:48:40.521Z"}
{"level":"info","message":"⌛ Building environment","timeElapsed":823,"timestamp":"2025-11-22T21:48:41.421Z"}
{"level":"info","message":"⌛ Autocomplete - Reference","timeElapsed":164,"timestamp":"2025-11-22T21:48:41.644Z"}
{"level":"info","message":"⌛ Building environment","timeElapsed":2011,"timestamp":"2025-11-22T21:48:43.821Z"}
{"level":"info","message":"⌛ Building environment","timeElapsed":740,"timestamp":"2025-11-22T21:48:44.671Z"}
{"level":"info","message":"⌛ Building environment","timeElapsed":910,"timestamp":"2025-11-22T21:48:45.583Z"}
{"level":"info","message":"⌛ Validating src/entitys.wlk","timeElapsed":628,"timestamp":"2025-11-22T21:48:46.381Z"}
{"level":"info","message":"⌛ Building environment","timeElapsed":1276,"timestamp":"2025-11-22T21:48:47.800Z"}
{"level":"info","message":"⌛ Building environment","timeElapsed":1296,"timestamp":"2025-11-22T21:48:49.101Z"}
{"level":"info","message":"⌛ Building environment","timeElapsed":1236,"timestamp":"2025-11-22T21:48:50.338Z"}
{"level":"info","message":"⌛ Building environment","timeElapsed":814,"timestamp":"2025-11-22T21:48:51.199Z"}
{"level":"info","message":"⌛ Building environment","timeElapsed":760,"timestamp":"2025-11-22T21:48:52.127Z"}
{"level":"info","message":"⌛ Building environment","timeElapsed":1919,"timestamp":"2025-11-22T21:48:54.112Z"}
{"level":"info","message":"⌛ Building environment","timeElapsed":933,"timestamp":"2025-11-22T21:48:55.049Z"}
{"level":"info","message":"⌛ Building environment","timeElapsed":1196,"timestamp":"2025-11-22T21:48:56.371Z"}
{"level":"info","message":"⌛ Validating src/entitys.wlk","timeElapsed":559,"timestamp":"2025-11-22T21:48:56.931Z"}
{"level":"info","message":"⌛ Building environment","timeElapsed":1102,"timestamp":"2025-11-22T21:48:58.671Z"}
{"level":"info","message":"⌛ Building environment","timeElapsed":1206,"timestamp":"2025-11-22T21:49:00.179Z"}
{"level":"info","message":"⌛ Validating src/entitys.wlk","timeElapsed":752,"timestamp":"2025-11-22T21:49:00.933Z"}
{"level":"info","message":"⌛ Building environment","timeElapsed":1126,"timestamp":"2025-11-22T21:49:02.400Z"}
{"level":"info","message":"⌛ Building environment","timeElapsed":889,"timestamp":"2025-11-22T21:49:03.301Z"}
{"level":"info","message":"⌛ Building environment","timeElapsed":1252,"timestamp":"2025-11-22T21:49:04.579Z"}
{"level":"info","message":"⌛ Building environment","timeElapsed":869,"timestamp":"2025-11-22T21:49:05.501Z"}
{"level":"info","message":"⌛ Building environment","timeElapsed":1637,"timestamp":"2025-11-22T21:49:07.182Z"}
{"level":"info","message":"⌛ Building environment","timeElapsed":2126,"timestamp":"2025-11-22T21:49:09.384Z"}
{"level":"info","message":"⌛ Validating src/entitys.wlk","timeElapsed":617,"timestamp":"2025-11-22T21:49:10.123Z"}
{"level":"info","message":"⌛ Validating src/entitys.wlk","timeElapsed":806,"timestamp":"2025-11-22T21:49:10.935Z"}
{"level":"info","message":"⌛ Validating src/entitys.wlk","timeElapsed":784,"timestamp":"2025-11-22T21:49:11.722Z"}
{"level":"info","message":"⌛ Validating src/entitys.wlk","timeElapsed":1061,"timestamp":"2025-11-22T21:49:12.864Z"}
{"level":"info","message":"⌛ Validating src/entitys.wlk","timeElapsed":509,"timestamp":"2025-11-22T21:49:13.374Z"}
{"level":"info","message":"⌛ Validating src/entitys.wlk","timeElapsed":569,"timestamp":"2025-11-22T21:49:14.306Z"}
{"level":"info","message":"⌛ Building environment","timeElapsed":1230,"timestamp":"2025-11-22T21:49:15.555Z"}
{"level":"info","message":"⌛ Validating src/entitys.wlk","timeElapsed":530,"timestamp":"2025-11-22T21:49:16.465Z"}
{"level":"info","message":"⌛ Validating src/entitys.wlk","timeElapsed":534,"timestamp":"2025-11-22T21:49:17.001Z"}
{"level":"info","message":"⌛ Validating src/entitys.wlk","timeElapsed":411,"timestamp":"2025-11-22T21:49:17.472Z"}
{"level":"info","message":"⌛ Validating src/entitys.wlk","timeElapsed":591,"timestamp":"2025-11-22T21:49:18.121Z"}
{"level":"info","message":"⌛ Building environment","timeElapsed":878,"timestamp":"2025-11-22T21:49:19.006Z"}
{"level":"info","message":"⌛ Validating src/entitys.wlk","timeElapsed":1036,"timestamp":"2025-11-22T21:49:20.639Z"}
{"level":"info","message":"⌛ Validating src/entitys.wlk","timeElapsed":927,"timestamp":"2025-11-22T21:49:23.204Z"}
{"level":"info","message":"⌛ Validating src/entitys.wlk","timeElapsed":420,"timestamp":"2025-11-22T21:49:23.729Z"}
{"level":"info","message":"⌛ Validating src/entitys.wlk","timeElapsed":1241,"timestamp":"2025-11-22T21:49:25.135Z"}
{"level":"info","message":"⌛ Validating src/entitys.wlk","timeElapsed":1320,"timestamp":"2025-11-22T21:49:26.456Z"}
{"level":"info","message":"⌛ Validating src/entitys.wlk","timeElapsed":436,"timestamp":"2025-11-22T21:49:26.964Z"}
{"level":"info","message":"⌛ Validating src/entitys.wlk","timeElapsed":1375,"timestamp":"2025-11-22T21:49:28.340Z"}
{"level":"info","message":"⌛ Validating src/entitys.wlk","timeElapsed":784,"timestamp":"2025-11-22T21:49:29.385Z"}
{"level":"info","message":"⌛ Validating src/entitys.wlk","timeElapsed":568,"timestamp":"2025-11-22T21:49:30.036Z"}
{"level":"info","message":"⌛ Validating src/entitys.wlk","timeElapsed":892,"timestamp":"2025-11-22T21:49:31.034Z"}
{"level":"info","message":"⌛ Validating src/entitys.wlk","timeElapsed":2235,"timestamp":"2025-11-22T21:49:33.270Z"}
{"level":"info","message":"⌛ Validating src/entitys.wlk","timeElapsed":1327,"timestamp":"2025-11-22T21:49:35.181Z"}
{"level":"info","message":"⌛ Validating src/entitys.wlk","timeElapsed":853,"timestamp":"2025-11-22T21:49:36.791Z"}
{"level":"info","message":"⌛ Building environment","timeElapsed":1229,"timestamp":"2025-11-22T21:50:25.133Z"}
{"level":"error","message":"✘ Completions for node Assignment ([89:3, 89:25] - src/items.wlk) failed: Error: [Assignment]{266a11} at src/items.wlk:89 exhausted all cases without a match [Assignment]{266a11} at src/items.wlk:89 exhausted all cases without a match","stack":"Error: [Assignment]{266a11} at src/items.wlk:89 exhausted all cases without a match\n    at c:\\Users\\Guido\\.vscode\\extensions\\uqbar.wollok-lsp-ide-0.5.3\\out\\server\\src\\server.js:38:6142\n    at D2 (c:\\Users\\Guido\\.vscode\\extensions\\uqbar.wollok-lsp-ide-0.5.3\\out\\server\\src\\server.js:2384:42)\n    at Qh (c:\\Users\\Guido\\.vscode\\extensions\\uqbar.wollok-lsp-ide-0.5.3\\out\\server\\src\\server.js:2384:1092)\n    at k6n (c:\\Users\\Guido\\.vscode\\extensions\\uqbar.wollok-lsp-ide-0.5.3\\out\\server\\src\\server.js:2384:1248)\n    at c:\\Users\\Guido\\.vscode\\extensions\\uqbar.wollok-lsp-ide-0.5.3\\out\\server\\src\\server.js:38:6131\n    at D2 (c:\\Users\\Guido\\.vscode\\extensions\\uqbar.wollok-lsp-ide-0.5.3\\out\\server\\src\\server.js:2384:42)\n    at c:\\Users\\Guido\\.vscode\\extensions\\uqbar.wollok-lsp-ide-0.5.3\\out\\server\\src\\server.js:2384:2988\n    at c:\\Users\\Guido\\.vscode\\extensions\\uqbar.wollok-lsp-ide-0.5.3\\out\\server\\src\\server.js:2393:8440\n    at c:\\Users\\Guido\\.vscode\\extensions\\uqbar.wollok-lsp-ide-0.5.3\\out\\server\\src\\server.js:37:74872\n    at Ye (c:\\Users\\Guido\\.vscode\\extensions\\uqbar.wollok-lsp-ide-0.5.3\\out\\server\\src\\server.js:7:8527)","timestamp":"2025-11-22T21:50:26.060Z"}
{"level":"info","message":"⌛ Autocomplete - Reference","timeElapsed":904,"timestamp":"2025-11-22T21:50:26.075Z"}
{"level":"info","message":"⌛ Validating src/items.wlk","timeElapsed":1402,"timestamp":"2025-11-22T21:50:27.524Z"}
{"level":"info","message":"🚀 Program executed \u001b[3m\u001b[34msrc.program.run\u001b[39m\u001b[23m on \u001b[3m\u001b[34md:\\Guido\\Documents\\Objetos 1\\Nueva carpeta\\ads\\CrazyCave\\CrazyCave\u001b[39m\u001b[23m","ok":true,"timeElapsed":9967,"timestamp":"2025-11-22T21:52:13.571Z"}
{"exitCode":"SIGHUP","level":"info","message":"👾 Game executed src.program.run on d:\\Guido\\Documents\\Objetos 1\\Nueva carpeta\\ads\\CrazyCave\\CrazyCave","timeElapsed":259600509,"timestamp":"2025-11-25T21:58:39.720Z"}
{"level":"info","message":"🚀 Program executed \u001b[3m\u001b[34msrc.program.run\u001b[39m\u001b[23m on \u001b[3m\u001b[34md:\\Guido\\Documents\\Objetos 1\\Nueva carpeta\\ads\\CrazyCave\\CrazyCave\u001b[39m\u001b[23m","ok":true,"timeElapsed":9428,"timestamp":"2025-11-25T21:59:09.848Z"}
{"exitCode":0,"level":"info","message":"👾 Game executed src.program.run on d:\\Guido\\Documents\\Objetos 1\\Nueva carpeta\\ads\\CrazyCave\\CrazyCave","timeElapsed":48333,"timestamp":"2025-11-25T21:59:48.733Z"}
{"level":"info","message":"🚀 Program executed \u001b[3m\u001b[34msrc.program.run\u001b[39m\u001b[23m on \u001b[3m\u001b[34md:\\Guido\\Documents\\Objetos 1\\Nueva carpeta\\ads\\CrazyCave\\CrazyCave\u001b[39m\u001b[23m","ok":true,"timeElapsed":10398,"timestamp":"2025-11-25T22:02:09.785Z"}
{"exitCode":0,"level":"info","message":"👾 Game executed src.program.run on d:\\Guido\\Documents\\Objetos 1\\Nueva carpeta\\ads\\CrazyCave\\CrazyCave","timeElapsed":49235,"timestamp":"2025-11-25T22:02:48.620Z"}
{"level":"info","message":"⌛ Building environment","timeElapsed":1119,"timestamp":"2025-11-26T18:35:49.697Z"}
{"level":"info","message":"⌛ Building environment","timeElapsed":1368,"timestamp":"2025-11-26T18:35:51.217Z"}
{"level":"info","message":"⌛ Validating src/hud.wlk","timeElapsed":623,"timestamp":"2025-11-26T18:35:51.952Z"}
{"level":"info","message":"⌛ Validating src/hud.wlk","timeElapsed":819,"timestamp":"2025-11-26T18:35:52.801Z"}
{"level":"info","message":"⌛ Building environment","timeElapsed":994,"timestamp":"2025-11-26T18:36:15.543Z"}
{"level":"info","message":"⌛ Validating src/hud.wlk","timeElapsed":735,"timestamp":"2025-11-26T18:36:16.350Z"}
{"level":"info","message":"⌛ Building environment","timeElapsed":798,"timestamp":"2025-11-26T18:36:22.735Z"}
{"level":"info","message":"⌛ Building environment","timeElapsed":832,"timestamp":"2025-11-26T18:36:23.568Z"}
{"level":"info","message":"⌛ Validating src/hud.wlk","timeElapsed":703,"timestamp":"2025-11-26T18:36:24.701Z"}
{"level":"info","message":"⌛ Validating src/hud.wlk","timeElapsed":615,"timestamp":"2025-11-26T18:36:25.367Z"}
{"level":"info","message":"🚀 Program executed \u001b[3m\u001b[34msrc.program.run\u001b[39m\u001b[23m on \u001b[3m\u001b[34md:\\Guido\\Documents\\Objetos 1\\Nueva carpeta\\ads\\CrazyCave\\CrazyCave\u001b[39m\u001b[23m","ok":true,"timeElapsed":3115,"timestamp":"2025-11-26T18:36:47.939Z"}
{"exitCode":0,"level":"info","message":"👾 Game executed src.program.run on d:\\Guido\\Documents\\Objetos 1\\Nueva carpeta\\ads\\CrazyCave\\CrazyCave","timeElapsed":55937,"timestamp":"2025-11-26T18:37:40.755Z"}
{"level":"info","message":"⌛ Building environment","timeElapsed":603,"timestamp":"2025-11-26T18:39:08.399Z"}
{"level":"info","message":"⌛ Building environment","timeElapsed":639,"timestamp":"2025-11-26T18:39:09.040Z"}
{"level":"info","message":"⌛ Building environment","timeElapsed":427,"timestamp":"2025-11-26T18:39:09.491Z"}
{"level":"info","message":"⌛ Building environment","timeElapsed":436,"timestamp":"2025-11-26T18:39:09.967Z"}
{"level":"info","message":"⌛ Validating src/hud.wlk","timeElapsed":354,"timestamp":"2025-11-26T18:39:10.325Z"}
{"level":"error","message":"✘ Failed to rebuild document Failed to parse src/hud.wlk: \n-- PARSING FAILED --------------------------------------------------\n\n  126 | \t\t\timageToUse = heartFull\n  127 | \t\t\tlifePoints = lifePoints - 2\n> 128 | \t\t} else if (lifePoints == 1) {\n      |   ^\n  129 | \t\t\timageToUse = heartHalf\n  130 | \t\t\tlifePoints = lifePoints - 1\n\nExpected one of the following: \n\n'@', 'class', 'const', 'describe', 'mixin', 'object', 'only', 'package', 'program', 'test', 'var', '{', EOF, comment, not \"} \", whitespace\n","stack":"Error: Failed to parse src/hud.wlk: \n-- PARSING FAILED --------------------------------------------------\n\n  126 | \t\t\timageToUse = heartFull\n  127 | \t\t\tlifePoints = lifePoints - 2\n> 128 | \t\t} else if (lifePoints == 1) {\n      |   ^\n  129 | \t\t\timageToUse = heartHalf\n  130 | \t\t\tlifePoints = lifePoints - 1\n\nExpected one of the following: \n\n'@', 'class', 'const', 'describe', 'mixin', 'object', 'only', 'package', 'program', 'test', 'var', '{', EOF, comment, not \"} \", whitespace\n\n    at c:\\Users\\Guido\\.vscode\\extensions\\uqbar.wollok-lsp-ide-0.5.3\\out\\server\\src\\server.js:2348:13026\n    at Array.map (<anonymous>)\n    at W1n (c:\\Users\\Guido\\.vscode\\extensions\\uqbar.wollok-lsp-ide-0.5.3\\out\\server\\src\\server.js:2348:12950)\n    at U2.buildEnvironmentFrom (c:\\Users\\Guido\\.vscode\\extensions\\uqbar.wollok-lsp-ide-0.5.3\\out\\server\\src\\server.js:2393:5254)\n    at U2.updateEnvironmentWith (c:\\Users\\Guido\\.vscode\\extensions\\uqbar.wollok-lsp-ide-0.5.3\\out\\server\\src\\server.js:2393:4989)\n    at JF (c:\\Users\\Guido\\.vscode\\extensions\\uqbar.wollok-lsp-ide-0.5.3\\out\\server\\src\\server.js:2393:7383)\n    at F3.invoke (c:\\Users\\Guido\\.vscode\\extensions\\uqbar.wollok-lsp-ide-0.5.3\\out\\server\\src\\server.js:3:157334)\n    at o.fire (c:\\Users\\Guido\\.vscode\\extensions\\uqbar.wollok-lsp-ide-0.5.3\\out\\server\\src\\server.js:3:158104)\n    at c:\\Users\\Guido\\.vscode\\extensions\\uqbar.wollok-lsp-ide-0.5.3\\out\\server\\src\\server.js:37:57871\n    at Zr (c:\\Users\\Guido\\.vscode\\extensions\\uqbar.wollok-lsp-ide-0.5.3\\out\\server\\src\\server.js:8:1561)","timestamp":"2025-11-26T18:39:10.421Z"}
{"level":"error","message":"✘ Failed to rebuild document Failed to parse src/hud.wlk: \n-- PARSING FAILED --------------------------------------------------\n\n  126 | \t\t\timageToUse = heartFull\n  127 | \t\t\tlifePoints = lifePoints - 2\n> 128 | \t\t} else if (lifePoints == 1) {\n      |   ^\n  129 | \t\t\timageToUse = heartHalf\n  130 | \t\t\tlifePoints = lifePoints - 1\n\nExpected one of the following: \n\n'@', 'class', 'const', 'describe', 'mixin', 'object', 'only', 'package', 'program', 'test', 'var', '{', EOF, comment, not \"} \", whitespace\n","stack":"Error: Failed to parse src/hud.wlk: \n-- PARSING FAILED --------------------------------------------------\n\n  126 | \t\t\timageToUse = heartFull\n  127 | \t\t\tlifePoints = lifePoints - 2\n> 128 | \t\t} else if (lifePoints == 1) {\n      |   ^\n  129 | \t\t\timageToUse = heartHalf\n  130 | \t\t\tlifePoints = lifePoints - 1\n\nExpected one of the following: \n\n'@', 'class', 'const', 'describe', 'mixin', 'object', 'only', 'package', 'program', 'test', 'var', '{', EOF, comment, not \"} \", whitespace\n\n    at c:\\Users\\Guido\\.vscode\\extensions\\uqbar.wollok-lsp-ide-0.5.3\\out\\server\\src\\server.js:2348:13026\n    at Array.map (<anonymous>)\n    at W1n (c:\\Users\\Guido\\.vscode\\extensions\\uqbar.wollok-lsp-ide-0.5.3\\out\\server\\src\\server.js:2348:12950)\n    at U2.buildEnvironmentFrom (c:\\Users\\Guido\\.vscode\\extensions\\uqbar.wollok-lsp-ide-0.5.3\\out\\server\\src\\server.js:2393:5254)\n    at U2.updateEnvironmentWith (c:\\Users\\Guido\\.vscode\\extensions\\uqbar.wollok-lsp-ide-0.5.3\\out\\server\\src\\server.js:2393:4989)\n    at JF (c:\\Users\\Guido\\.vscode\\extensions\\uqbar.wollok-lsp-ide-0.5.3\\out\\server\\src\\server.js:2393:7383)\n    at F3.invoke (c:\\Users\\Guido\\.vscode\\extensions\\uqbar.wollok-lsp-ide-0.5.3\\out\\server\\src\\server.js:3:157334)\n    at o.fire (c:\\Users\\Guido\\.vscode\\extensions\\uqbar.wollok-lsp-ide-0.5.3\\out\\server\\src\\server.js:3:158104)\n    at c:\\Users\\Guido\\.vscode\\extensions\\uqbar.wollok-lsp-ide-0.5.3\\out\\server\\src\\server.js:37:57871\n    at Zr (c:\\Users\\Guido\\.vscode\\extensions\\uqbar.wollok-lsp-ide-0.5.3\\out\\server\\src\\server.js:8:1561)","timestamp":"2025-11-26T18:39:10.540Z"}
{"level":"info","message":"⌛ Building environment","timeElapsed":351,"timestamp":"2025-11-26T18:39:10.896Z"}
{"level":"info","message":"⌛ Validating src/hud.wlk","timeElapsed":369,"timestamp":"2025-11-26T18:39:11.267Z"}
{"level":"info","message":"⌛ Building environment","timeElapsed":322,"timestamp":"2025-11-26T18:39:11.653Z"}
{"level":"info","message":"⌛ Validating src/hud.wlk","timeElapsed":319,"timestamp":"2025-11-26T18:39:12.018Z"}
{"level":"info","message":"⌛ Validating src/hud.wlk","timeElapsed":300,"timestamp":"2025-11-26T18:39:12.337Z"}
{"level":"info","message":"⌛ Validating src/hud.wlk","timeElapsed":318,"timestamp":"2025-11-26T18:39:12.688Z"}
{"level":"info","message":"⌛ Validating src/hud.wlk","timeElapsed":319,"timestamp":"2025-11-26T18:39:13.054Z"}
{"level":"info","message":"⌛ Building environment","timeElapsed":374,"timestamp":"2025-11-26T18:39:37.968Z"}
{"level":"info","message":"⌛ Building environment","timeElapsed":384,"timestamp":"2025-11-26T18:39:38.355Z"}
{"level":"info","message":"⌛ Validating src/hud.wlk","timeElapsed":398,"timestamp":"2025-11-26T18:39:38.753Z"}
{"level":"info","message":"⌛ Validating src/hud.wlk","timeElapsed":372,"timestamp":"2025-11-26T18:39:39.229Z"}
{"level":"info","message":"⌛ Building environment","timeElapsed":420,"timestamp":"2025-11-26T18:39:45.968Z"}
{"level":"error","message":"✘ Completions for node Send ([107:15, 107:33] - src/hud.wlk) failed: Error: [Send]{8011d8} at src/hud.wlk:107 exhausted all cases without a match [Send]{8011d8} at src/hud.wlk:107 exhausted all cases without a match","stack":"Error: [Send]{8011d8} at src/hud.wlk:107 exhausted all cases without a match\n    at c:\\Users\\Guido\\.vscode\\extensions\\uqbar.wollok-lsp-ide-0.5.3\\out\\server\\src\\server.js:38:6142\n    at D2 (c:\\Users\\Guido\\.vscode\\extensions\\uqbar.wollok-lsp-ide-0.5.3\\out\\server\\src\\server.js:2384:42)\n    at Qh (c:\\Users\\Guido\\.vscode\\extensions\\uqbar.wollok-lsp-ide-0.5.3\\out\\server\\src\\server.js:2384:1092)\n    at k6n (c:\\Users\\Guido\\.vscode\\extensions\\uqbar.wollok-lsp-ide-0.5.3\\out\\server\\src\\server.js:2384:1248)\n    at c:\\Users\\Guido\\.vscode\\extensions\\uqbar.wollok-lsp-ide-0.5.3\\out\\server\\src\\server.js:38:6131\n    at D2 (c:\\Users\\Guido\\.vscode\\extensions\\uqbar.wollok-lsp-ide-0.5.3\\out\\server\\src\\server.js:2384:42)\n    at c:\\Users\\Guido\\.vscode\\extensions\\uqbar.wollok-lsp-ide-0.5.3\\out\\server\\src\\server.js:2384:2988\n    at c:\\Users\\Guido\\.vscode\\extensions\\uqbar.wollok-lsp-ide-0.5.3\\out\\server\\src\\server.js:2393:8440\n    at c:\\Users\\Guido\\.vscode\\extensions\\uqbar.wollok-lsp-ide-0.5.3\\out\\server\\src\\server.js:37:74872\n    at Ye (c:\\Users\\Guido\\.vscode\\extensions\\uqbar.wollok-lsp-ide-0.5.3\\out\\server\\src\\server.js:7:8527)","timestamp":"2025-11-26T18:39:46.101Z"}
{"level":"error","message":"✘ Completions for node NamedArgument ([107:4, 107:33] - src/hud.wlk) failed: Error: [NamedArgument]{6dfac4} at src/hud.wlk:107 exhausted all cases without a match [NamedArgument]{6dfac4} at src/hud.wlk:107 exhausted all cases without a match","stack":"Error: [NamedArgument]{6dfac4} at src/hud.wlk:107 exhausted all cases without a match\n    at c:\\Users\\Guido\\.vscode\\extensions\\uqbar.wollok-lsp-ide-0.5.3\\out\\server\\src\\server.js:38:6142\n    at D2 (c:\\Users\\Guido\\.vscode\\extensions\\uqbar.wollok-lsp-ide-0.5.3\\out\\server\\src\\server.js:2384:42)\n    at Qh (c:\\Users\\Guido\\.vscode\\extensions\\uqbar.wollok-lsp-ide-0.5.3\\out\\server\\src\\server.js:2384:1092)\n    at D2 (c:\\Users\\Guido\\.vscode\\extensions\\uqbar.wollok-lsp-ide-0.5.3\\out\\server\\src\\server.js:2384:544)\n    at Qh (c:\\Users\\Guido\\.vscode\\extensions\\uqbar.wollok-lsp-ide-0.5.3\\out\\server\\src\\server.js:2384:1092)\n    at k6n (c:\\Users\\Guido\\.vscode\\extensions\\uqbar.wollok-lsp-ide-0.5.3\\out\\server\\src\\server.js:2384:1248)\n    at c:\\Users\\Guido\\.vscode\\extensions\\uqbar.wollok-lsp-ide-0.5.3\\out\\server\\src\\server.js:38:6131\n    at D2 (c:\\Users\\Guido\\.vscode\\extensions\\uqbar.wollok-lsp-ide-0.5.3\\out\\server\\src\\server.js:2384:42)\n    at c:\\Users\\Guido\\.vscode\\extensions\\uqbar.wollok-lsp-ide-0.5.3\\out\\server\\src\\server.js:2384:2988\n    at c:\\Users\\Guido\\.vscode\\extensions\\uqbar.wollok-lsp-ide-0.5.3\\out\\server\\src\\server.js:2393:8440","timestamp":"2025-11-26T18:39:46.102Z"}
{"level":"info","message":"⌛ Building environment","timeElapsed":282,"timestamp":"2025-11-26T18:39:46.387Z"}
{"level":"info","message":"⌛ Validating src/hud.wlk","timeElapsed":364,"timestamp":"2025-11-26T18:39:46.803Z"}
{"level":"info","message":"⌛ Validating src/hud.wlk","timeElapsed":415,"timestamp":"2025-11-26T18:39:47.235Z"}
{"level":"info","message":"⌛ Building environment","timeElapsed":298,"timestamp":"2025-11-26T18:39:47.537Z"}
{"level":"error","message":"✘ Completions for node Send ([107:15, 107:35] - src/hud.wlk) failed: Error: [Send]{43b346} at src/hud.wlk:107 exhausted all cases without a match [Send]{43b346} at src/hud.wlk:107 exhausted all cases without a match","stack":"Error: [Send]{43b346} at src/hud.wlk:107 exhausted all cases without a match\n    at c:\\Users\\Guido\\.vscode\\extensions\\uqbar.wollok-lsp-ide-0.5.3\\out\\server\\src\\server.js:38:6142\n    at D2 (c:\\Users\\Guido\\.vscode\\extensions\\uqbar.wollok-lsp-ide-0.5.3\\out\\server\\src\\server.js:2384:42)\n    at Qh (c:\\Users\\Guido\\.vscode\\extensions\\uqbar.wollok-lsp-ide-0.5.3\\out\\server\\src\\server.js:2384:1092)\n    at k6n (c:\\Users\\Guido\\.vscode\\extensions\\uqbar.wollok-lsp-ide-0.5.3\\out\\server\\src\\server.js:2384:1248)\n    at c:\\Users\\Guido\\.vscode\\extensions\\uqbar.wollok-lsp-ide-0.5.3\\out\\server\\src\\server.js:38:6131\n    at D2 (c:\\Users\\Guido\\.vscode\\extensions\\uqbar.wollok-lsp-ide-0.5.3\\out\\server\\src\\server.js:2384:42)\n    at c:\\Users\\Guido\\.vscode\\extensions\\uqbar.wollok-lsp-ide-0.5.3\\out\\server\\src\\server.js:2384:2988\n    at c:\\Users\\Guido\\.vscode\\extensions\\uqbar.wollok-lsp-ide-0.5.3\\out\\server\\src\\server.js:2393:8440\n    at c:\\Users\\Guido\\.vscode\\extensions\\uqbar.wollok-lsp-ide-0.5.3\\out\\server\\src\\server.js:37:74872\n    at Ye (c:\\Users\\Guido\\.vscode\\extensions\\uqbar.wollok-lsp-ide-0.5.3\\out\\server\\src\\server.js:7:8527)","timestamp":"2025-11-26T18:39:47.626Z"}
{"level":"error","message":"✘ Completions for node NamedArgument ([107:4, 107:35] - src/hud.wlk) failed: Error: [NamedArgument]{079cfd} at src/hud.wlk:107 exhausted all cases without a match [NamedArgument]{079cfd} at src/hud.wlk:107 exhausted all cases without a match","stack":"Error: [NamedArgument]{079cfd} at src/hud.wlk:107 exhausted all cases without a match\n    at c:\\Users\\Guido\\.vscode\\extensions\\uqbar.wollok-lsp-ide-0.5.3\\out\\server\\src\\server.js:38:6142\n    at D2 (c:\\Users\\Guido\\.vscode\\extensions\\uqbar.wollok-lsp-ide-0.5.3\\out\\server\\src\\server.js:2384:42)\n    at Qh (c:\\Users\\Guido\\.vscode\\extensions\\uqbar.wollok-lsp-ide-0.5.3\\out\\server\\src\\server.js:2384:1092)\n    at D2 (c:\\Users\\Guido\\.vscode\\extensions\\uqbar.wollok-lsp-ide-0.5.3\\out\\server\\src\\server.js:2384:544)\n    at Qh (c:\\Users\\Guido\\.vscode\\extensions\\uqbar.wollok-lsp-ide-0.5.3\\out\\server\\src\\server.js:2384:1092)\n    at k6n (c:\\Users\\Guido\\.vscode\\extensions\\uqbar.wollok-lsp-ide-0.5.3\\out\\server\\src\\server.js:2384:1248)\n    at c:\\Users\\Guido\\.vscode\\extensions\\uqbar.wollok-lsp-ide-0.5.3\\out\\server\\src\\server.js:38:6131\n    at D2 (c:\\Users\\Guido\\.vscode\\extensions\\uqbar.wollok-lsp-ide-0.5.3\\out\\server\\src\\server.js:2384:42)\n    at c:\\Users\\Guido\\.vscode\\extensions\\uqbar.wollok-lsp-ide-0.5.3\\out\\server\\src\\server.js:2384:2988\n    at c:\\Users\\Guido\\.vscode\\extensions\\uqbar.wollok-lsp-ide-0.5.3\\out\\server\\src\\server.js:2393:8440","timestamp":"2025-11-26T18:39:47.626Z"}
{"level":"info","message":"⌛ Building environment","timeElapsed":310,"timestamp":"2025-11-26T18:39:47.948Z"}
{"level":"info","message":"⌛ Building environment","timeElapsed":310,"timestamp":"2025-11-26T18:39:48.264Z"}
{"level":"info","message":"⌛ Validating src/hud.wlk","timeElapsed":311,"timestamp":"2025-11-26T18:39:48.616Z"}
{"level":"info","message":"⌛ Validating src/hud.wlk","timeElapsed":349,"timestamp":"2025-11-26T18:39:48.984Z"}
{"level":"info","message":"⌛ Validating src/hud.wlk","timeElapsed":348,"timestamp":"2025-11-26T18:39:49.334Z"}
{"level":"info","message":"⌛ Building environment","timeElapsed":285,"timestamp":"2025-11-26T18:39:53.315Z"}
{"level":"info","message":"⌛ Validating src/hud.wlk","timeElapsed":372,"timestamp":"2025-11-26T18:39:53.688Z"}
{"level":"error","message":"✘ Failed to rebuild document Failed to parse src/hud.wlk: \n-- PARSING FAILED --------------------------------------------------\n\n  125 | \t\t\timageToUse = heartFull\n  126 | \t\t\tlifePoints = lifePoints - 2\n> 127 | \t\t} else if (lifePoints == 1) {\n      |   ^\n  128 | \t\t\timageToUse = heartHalf\n  129 | \t\t\tlifePoints = lifePoints - 1\n\nExpected one of the following: \n\n'@', 'class', 'const', 'describe', 'mixin', 'object', 'only', 'package', 'program', 'test', 'var', '{', EOF, comment, not \"} \", whitespace\n","stack":"Error: Failed to parse src/hud.wlk: \n-- PARSING FAILED --------------------------------------------------\n\n  125 | \t\t\timageToUse = heartFull\n  126 | \t\t\tlifePoints = lifePoints - 2\n> 127 | \t\t} else if (lifePoints == 1) {\n      |   ^\n  128 | \t\t\timageToUse = heartHalf\n  129 | \t\t\tlifePoints = lifePoints - 1\n\nExpected one of the following: \n\n'@', 'class', 'const', 'describe', 'mixin', 'object', 'only', 'package', 'program', 'test', 'var', '{', EOF, comment, not \"} \", whitespace\n\n    at c:\\Users\\Guido\\.vscode\\extensions\\uqbar.wollok-lsp-ide-0.5.3\\out\\server\\src\\server.js:2348:13026\n    at Array.map (<anonymous>)\n    at W1n (c:\\Users\\Guido\\.vscode\\extensions\\uqbar.wollok-lsp-ide-0.5.3\\out\\server\\src\\server.js:2348:12950)\n    at U2.buildEnvironmentFrom (c:\\Users\\Guido\\.vscode\\extensions\\uqbar.wollok-lsp-ide-0.5.3\\out\\server\\src\\server.js:2393:5254)\n    at U2.updateEnvironmentWith (c:\\Users\\Guido\\.vscode\\extensions\\uqbar.wollok-lsp-ide-0.5.3\\out\\server\\src\\server.js:2393:4989)\n    at JF (c:\\Users\\Guido\\.vscode\\extensions\\uqbar.wollok-lsp-ide-0.5.3\\out\\server\\src\\server.js:2393:7383)\n    at F3.invoke (c:\\Users\\Guido\\.vscode\\extensions\\uqbar.wollok-lsp-ide-0.5.3\\out\\server\\src\\server.js:3:157334)\n    at o.fire (c:\\Users\\Guido\\.vscode\\extensions\\uqbar.wollok-lsp-ide-0.5.3\\out\\server\\src\\server.js:3:158104)\n    at c:\\Users\\Guido\\.vscode\\extensions\\uqbar.wollok-lsp-ide-0.5.3\\out\\server\\src\\server.js:37:57871\n    at Zr (c:\\Users\\Guido\\.vscode\\extensions\\uqbar.wollok-lsp-ide-0.5.3\\out\\server\\src\\server.js:8:1561)","timestamp":"2025-11-26T18:39:55.631Z"}
{"level":"info","message":"⌛ Building environment","timeElapsed":296,"timestamp":"2025-11-26T18:39:56.634Z"}
{"level":"info","message":"⌛ Building environment","timeElapsed":372,"timestamp":"2025-11-26T18:39:57.007Z"}
{"level":"error","message":"✘ Failed to rebuild document Failed to parse src/hud.wlk: \n-- PARSING FAILED --------------------------------------------------\n\n  125 | \t\t\timageToUse = heartFull\n  126 | \t\t\tlifePoints = lifePoints - 2\n> 127 | \t\t} else if (lifePoints == 1) {\n      |   ^\n  128 | \t\t\timageToUse = heartHalf\n  129 | \t\t\tlifePoints = lifePoints - 1\n\nExpected one of the following: \n\n'@', 'class', 'const', 'describe', 'mixin', 'object', 'only', 'package', 'program', 'test', 'var', '{', EOF, comment, not \"} \", whitespace\n","stack":"Error: Failed to parse src/hud.wlk: \n-- PARSING FAILED --------------------------------------------------\n\n  125 | \t\t\timageToUse = heartFull\n  126 | \t\t\tlifePoints = lifePoints - 2\n> 127 | \t\t} else if (lifePoints == 1) {\n      |   ^\n  128 | \t\t\timageToUse = heartHalf\n  129 | \t\t\tlifePoints = lifePoints - 1\n\nExpected one of the following: \n\n'@', 'class', 'const', 'describe', 'mixin', 'object', 'only', 'package', 'program', 'test', 'var', '{', EOF, comment, not \"} \", whitespace\n\n    at c:\\Users\\Guido\\.vscode\\extensions\\uqbar.wollok-lsp-ide-0.5.3\\out\\server\\src\\server.js:2348:13026\n    at Array.map (<anonymous>)\n    at W1n (c:\\Users\\Guido\\.vscode\\extensions\\uqbar.wollok-lsp-ide-0.5.3\\out\\server\\src\\server.js:2348:12950)\n    at U2.buildEnvironmentFrom (c:\\Users\\Guido\\.vscode\\extensions\\uqbar.wollok-lsp-ide-0.5.3\\out\\server\\src\\server.js:2393:5254)\n    at U2.updateEnvironmentWith (c:\\Users\\Guido\\.vscode\\extensions\\uqbar.wollok-lsp-ide-0.5.3\\out\\server\\src\\server.js:2393:4989)\n    at JF (c:\\Users\\Guido\\.vscode\\extensions\\uqbar.wollok-lsp-ide-0.5.3\\out\\server\\src\\server.js:2393:7383)\n    at F3.invoke (c:\\Users\\Guido\\.vscode\\extensions\\uqbar.wollok-lsp-ide-0.5.3\\out\\server\\src\\server.js:3:157334)\n    at o.fire (c:\\Users\\Guido\\.vscode\\extensions\\uqbar.wollok-lsp-ide-0.5.3\\out\\server\\src\\server.js:3:158104)\n    at c:\\Users\\Guido\\.vscode\\extensions\\uqbar.wollok-lsp-ide-0.5.3\\out\\server\\src\\server.js:37:57871\n    at Zr (c:\\Users\\Guido\\.vscode\\extensions\\uqbar.wollok-lsp-ide-0.5.3\\out\\server\\src\\server.js:8:1561)","timestamp":"2025-11-26T18:39:57.119Z"}
{"level":"info","message":"⌛ Validating src/hud.wlk","timeElapsed":287,"timestamp":"2025-11-26T18:39:57.408Z"}
{"level":"info","message":"⌛ Validating src/hud.wlk","timeElapsed":319,"timestamp":"2025-11-26T18:39:57.806Z"}
{"level":"info","message":"⌛ Building environment","timeElapsed":317,"timestamp":"2025-11-26T18:39:58.139Z"}
{"level":"info","message":"⌛ Validating src/hud.wlk","timeElapsed":366,"timestamp":"2025-11-26T18:39:58.559Z"}
{"level":"info","message":"🚀 Program executed \u001b[3m\u001b[34msrc.program.run\u001b[39m\u001b[23m on \u001b[3m\u001b[34md:\\Guido\\Documents\\Objetos 1\\Nueva carpeta\\ads\\CrazyCave\\CrazyCave\u001b[39m\u001b[23m","ok":true,"timeElapsed":2734,"timestamp":"2025-11-26T18:40:12.399Z"}
{"exitCode":0,"level":"info","message":"👾 Game executed src.program.run on d:\\Guido\\Documents\\Objetos 1\\Nueva carpeta\\ads\\CrazyCave\\CrazyCave","timeElapsed":29336,"timestamp":"2025-11-26T18:40:38.995Z"}
{"level":"info","message":"⌛ Building environment","timeElapsed":292,"timestamp":"2025-11-26T18:41:02.559Z"}
{"level":"info","message":"⌛ Building environment","timeElapsed":325,"timestamp":"2025-11-26T18:41:02.886Z"}
{"level":"info","message":"⌛ Validating src/map.wlk","timeElapsed":356,"timestamp":"2025-11-26T18:41:03.243Z"}
{"level":"info","message":"⌛ Building environment","timeElapsed":213,"timestamp":"2025-11-26T18:41:03.459Z"}
{"level":"info","message":"⌛ Building environment","timeElapsed":215,"timestamp":"2025-11-26T18:41:03.676Z"}
{"level":"info","message":"⌛ Validating src/map.wlk","timeElapsed":731,"timestamp":"2025-11-26T18:41:04.410Z"}
{"level":"info","message":"⌛ Validating src/map.wlk","timeElapsed":390,"timestamp":"2025-11-26T18:41:04.830Z"}
{"level":"info","message":"⌛ Validating src/map.wlk","timeElapsed":430,"timestamp":"2025-11-26T18:41:05.273Z"}
{"level":"info","message":"🚀 Program executed \u001b[3m\u001b[34msrc.program.run\u001b[39m\u001b[23m on \u001b[3m\u001b[34md:\\Guido\\Documents\\Objetos 1\\Nueva carpeta\\ads\\CrazyCave\\CrazyCave\u001b[39m\u001b[23m","ok":true,"timeElapsed":2766,"timestamp":"2025-11-26T18:41:15.312Z"}
{"level":"info","message":"⌛ Building environment","timeElapsed":413,"timestamp":"2025-11-26T18:42:43.856Z"}
{"level":"info","message":"⌛ Building environment","timeElapsed":291,"timestamp":"2025-11-26T18:42:44.181Z"}
{"level":"info","message":"⌛ Validating src/hud.wlk","timeElapsed":464,"timestamp":"2025-11-26T18:42:44.681Z"}
{"level":"info","message":"⌛ Validating src/hud.wlk","timeElapsed":351,"timestamp":"2025-11-26T18:42:45.066Z"}
{"level":"info","message":"⌛ Building environment","timeElapsed":597,"timestamp":"2025-11-26T18:42:46.596Z"}
{"level":"info","message":"⌛ Building environment","timeElapsed":429,"timestamp":"2025-11-26T18:42:47.142Z"}
{"level":"info","message":"⌛ Building environment","timeElapsed":633,"timestamp":"2025-11-26T18:42:47.813Z"}
{"level":"info","message":"⌛ Building environment","timeElapsed":249,"timestamp":"2025-11-26T18:42:48.142Z"}
{"level":"info","message":"⌛ Validating src/hud.wlk","timeElapsed":465,"timestamp":"2025-11-26T18:42:48.610Z"}
{"level":"info","message":"⌛ Building environment","timeElapsed":297,"timestamp":"2025-11-26T18:42:48.989Z"}
{"level":"info","message":"⌛ Validating src/hud.wlk","timeElapsed":391,"timestamp":"2025-11-26T18:42:49.483Z"}
{"level":"info","message":"⌛ Building environment","timeElapsed":277,"timestamp":"2025-11-26T18:42:49.793Z"}
{"level":"info","message":"⌛ Building environment","timeElapsed":306,"timestamp":"2025-11-26T18:42:50.101Z"}
{"level":"info","message":"⌛ Validating src/hud.wlk","timeElapsed":353,"timestamp":"2025-11-26T18:42:50.505Z"}
{"level":"info","message":"⌛ Validating src/hud.wlk","timeElapsed":355,"timestamp":"2025-11-26T18:42:50.898Z"}
{"level":"info","message":"⌛ Validating src/hud.wlk","timeElapsed":340,"timestamp":"2025-11-26T18:42:51.282Z"}
{"level":"info","message":"⌛ Validating src/hud.wlk","timeElapsed":444,"timestamp":"2025-11-26T18:42:51.790Z"}
{"level":"info","message":"⌛ Validating src/hud.wlk","timeElapsed":512,"timestamp":"2025-11-26T18:42:52.310Z"}
{"level":"info","message":"⌛ Building environment","timeElapsed":344,"timestamp":"2025-11-26T18:42:52.716Z"}
{"level":"info","message":"⌛ Building environment","timeElapsed":311,"timestamp":"2025-11-26T18:42:53.120Z"}
{"level":"info","message":"⌛ Building environment","timeElapsed":330,"timestamp":"2025-11-26T18:42:53.455Z"}
{"level":"info","message":"⌛ Validating src/hud.wlk","timeElapsed":491,"timestamp":"2025-11-26T18:42:53.948Z"}
{"level":"info","message":"⌛ Validating src/hud.wlk","timeElapsed":421,"timestamp":"2025-11-26T18:42:54.411Z"}
{"level":"info","message":"⌛ Validating src/hud.wlk","timeElapsed":460,"timestamp":"2025-11-26T18:42:54.873Z"}
{"level":"info","message":"⌛ Building environment","timeElapsed":358,"timestamp":"2025-11-26T18:42:55.233Z"}
{"level":"info","message":"⌛ Building environment","timeElapsed":402,"timestamp":"2025-11-26T18:42:55.642Z"}
{"level":"info","message":"⌛ Building environment","timeElapsed":329,"timestamp":"2025-11-26T18:42:56.121Z"}
{"level":"info","message":"⌛ Building environment","timeElapsed":333,"timestamp":"2025-11-26T18:42:56.457Z"}
{"level":"info","message":"⌛ Validating src/hud.wlk","timeElapsed":491,"timestamp":"2025-11-26T18:42:56.991Z"}
{"level":"info","message":"⌛ Building environment","timeElapsed":531,"timestamp":"2025-11-26T18:42:57.531Z"}
{"level":"info","message":"⌛ Building environment","timeElapsed":412,"timestamp":"2025-11-26T18:42:57.945Z"}
{"level":"info","message":"⌛ Validating src/hud.wlk","timeElapsed":416,"timestamp":"2025-11-26T18:42:58.362Z"}
{"level":"info","message":"⌛ Validating src/hud.wlk","timeElapsed":470,"timestamp":"2025-11-26T18:42:59.100Z"}
{"level":"info","message":"⌛ Validating src/hud.wlk","timeElapsed":443,"timestamp":"2025-11-26T18:42:59.548Z"}
{"level":"info","message":"⌛ Building environment","timeElapsed":492,"timestamp":"2025-11-26T18:43:00.063Z"}
{"level":"info","message":"⌛ Building environment","timeElapsed":337,"timestamp":"2025-11-26T18:43:00.415Z"}
{"level":"info","message":"⌛ Validating src/hud.wlk","timeElapsed":449,"timestamp":"2025-11-26T18:43:00.867Z"}
{"level":"info","message":"⌛ Building environment","timeElapsed":256,"timestamp":"2025-11-26T18:43:01.151Z"}
{"level":"info","message":"⌛ Validating src/hud.wlk","timeElapsed":347,"timestamp":"2025-11-26T18:43:01.588Z"}
{"level":"info","message":"⌛ Building environment","timeElapsed":519,"timestamp":"2025-11-26T18:43:02.115Z"}
{"level":"info","message":"⌛ Validating src/hud.wlk","timeElapsed":659,"timestamp":"2025-11-26T18:43:02.865Z"}
{"level":"info","message":"⌛ Validating src/hud.wlk","timeElapsed":418,"timestamp":"2025-11-26T18:43:03.292Z"}
{"level":"info","message":"⌛ Validating src/hud.wlk","timeElapsed":344,"timestamp":"2025-11-26T18:43:03.658Z"}
{"level":"info","message":"⌛ Validating src/hud.wlk","timeElapsed":426,"timestamp":"2025-11-26T18:43:04.107Z"}
{"level":"info","message":"⌛ Building environment","timeElapsed":401,"timestamp":"2025-11-26T18:43:05.099Z"}
{"level":"error","message":"✘ Failed to rebuild document Failed to parse src/hud.wlk: \n-- PARSING FAILED --------------------------------------------------\n\n  125 | \t\t\timageToUse = heartFull\n  126 | \t\t\tlifePoints = lifePoints - 2\n> 127 | \t\t} else if (lifePoints == 1) {\n      |   ^\n  128 | \t\t\timageToUse = heartHalf\n  129 | \t\t\tlifePoints = lifePoints - 1\n\nExpected one of the following: \n\n'@', 'class', 'const', 'describe', 'mixin', 'object', 'only', 'package', 'program', 'test', 'var', '{', EOF, comment, not \"} \", whitespace\n","stack":"Error: Failed to parse src/hud.wlk: \n-- PARSING FAILED --------------------------------------------------\n\n  125 | \t\t\timageToUse = heartFull\n  126 | \t\t\tlifePoints = lifePoints - 2\n> 127 | \t\t} else if (lifePoints == 1) {\n      |   ^\n  128 | \t\t\timageToUse = heartHalf\n  129 | \t\t\tlifePoints = lifePoints - 1\n\nExpected one of the following: \n\n'@', 'class', 'const', 'describe', 'mixin', 'object', 'only', 'package', 'program', 'test', 'var', '{', EOF, comment, not \"} \", whitespace\n\n    at c:\\Users\\Guido\\.vscode\\extensions\\uqbar.wollok-lsp-ide-0.5.3\\out\\server\\src\\server.js:2348:13026\n    at Array.map (<anonymous>)\n    at W1n (c:\\Users\\Guido\\.vscode\\extensions\\uqbar.wollok-lsp-ide-0.5.3\\out\\server\\src\\server.js:2348:12950)\n    at U2.buildEnvironmentFrom (c:\\Users\\Guido\\.vscode\\extensions\\uqbar.wollok-lsp-ide-0.5.3\\out\\server\\src\\server.js:2393:5254)\n    at U2.updateEnvironmentWith (c:\\Users\\Guido\\.vscode\\extensions\\uqbar.wollok-lsp-ide-0.5.3\\out\\server\\src\\server.js:2393:4989)\n    at JF (c:\\Users\\Guido\\.vscode\\extensions\\uqbar.wollok-lsp-ide-0.5.3\\out\\server\\src\\server.js:2393:7383)\n    at F3.invoke (c:\\Users\\Guido\\.vscode\\extensions\\uqbar.wollok-lsp-ide-0.5.3\\out\\server\\src\\server.js:3:157334)\n    at o.fire (c:\\Users\\Guido\\.vscode\\extensions\\uqbar.wollok-lsp-ide-0.5.3\\out\\server\\src\\server.js:3:158104)\n    at c:\\Users\\Guido\\.vscode\\extensions\\uqbar.wollok-lsp-ide-0.5.3\\out\\server\\src\\server.js:37:57871\n    at Zr (c:\\Users\\Guido\\.vscode\\extensions\\uqbar.wollok-lsp-ide-0.5.3\\out\\server\\src\\server.js:8:1561)","timestamp":"2025-11-26T18:43:05.175Z"}
{"level":"info","message":"⌛ Validating src/hud.wlk","timeElapsed":354,"timestamp":"2025-11-26T18:43:05.550Z"}
{"level":"info","message":"⌛ Building environment","timeElapsed":270,"timestamp":"2025-11-26T18:43:06.146Z"}
{"level":"info","message":"⌛ Autocomplete - Reference","timeElapsed":104,"timestamp":"2025-11-26T18:43:06.295Z"}
{"level":"info","message":"⌛ Validating src/hud.wlk","timeElapsed":451,"timestamp":"2025-11-26T18:43:06.797Z"}
{"level":"error","message":"✘ Failed to rebuild document Failed to parse src/hud.wlk: \n-- PARSING FAILED --------------------------------------------------\n\n  125 | \t\t\timageToUse = heartFull\n  126 | \t\t\tlifePoints = lifePoints - 2\n> 127 | \t\t} else if (lifePoints == 1) {\n      |   ^\n  128 | \t\t\timageToUse = heartHalf\n  129 | \t\t\tlifePoints = lifePoints - 1\n\nExpected one of the following: \n\n'@', 'class', 'const', 'describe', 'mixin', 'object', 'only', 'package', 'program', 'test', 'var', '{', EOF, comment, not \"} \", whitespace\n","stack":"Error: Failed to parse src/hud.wlk: \n-- PARSING FAILED --------------------------------------------------\n\n  125 | \t\t\timageToUse = heartFull\n  126 | \t\t\tlifePoints = lifePoints - 2\n> 127 | \t\t} else if (lifePoints == 1) {\n      |   ^\n  128 | \t\t\timageToUse = heartHalf\n  129 | \t\t\tlifePoints = lifePoints - 1\n\nExpected one of the following: \n\n'@', 'class', 'const', 'describe', 'mixin', 'object', 'only', 'package', 'program', 'test', 'var', '{', EOF, comment, not \"} \", whitespace\n\n    at c:\\Users\\Guido\\.vscode\\extensions\\uqbar.wollok-lsp-ide-0.5.3\\out\\server\\src\\server.js:2348:13026\n    at Array.map (<anonymous>)\n    at W1n (c:\\Users\\Guido\\.vscode\\extensions\\uqbar.wollok-lsp-ide-0.5.3\\out\\server\\src\\server.js:2348:12950)\n    at U2.buildEnvironmentFrom (c:\\Users\\Guido\\.vscode\\extensions\\uqbar.wollok-lsp-ide-0.5.3\\out\\server\\src\\server.js:2393:5254)\n    at U2.updateEnvironmentWith (c:\\Users\\Guido\\.vscode\\extensions\\uqbar.wollok-lsp-ide-0.5.3\\out\\server\\src\\server.js:2393:4989)\n    at JF (c:\\Users\\Guido\\.vscode\\extensions\\uqbar.wollok-lsp-ide-0.5.3\\out\\server\\src\\server.js:2393:7383)\n    at F3.invoke (c:\\Users\\Guido\\.vscode\\extensions\\uqbar.wollok-lsp-ide-0.5.3\\out\\server\\src\\server.js:3:157334)\n    at o.fire (c:\\Users\\Guido\\.vscode\\extensions\\uqbar.wollok-lsp-ide-0.5.3\\out\\server\\src\\server.js:3:158104)\n    at c:\\Users\\Guido\\.vscode\\extensions\\uqbar.wollok-lsp-ide-0.5.3\\out\\server\\src\\server.js:37:57871\n    at Zr (c:\\Users\\Guido\\.vscode\\extensions\\uqbar.wollok-lsp-ide-0.5.3\\out\\server\\src\\server.js:8:1561)","timestamp":"2025-11-26T18:43:06.949Z"}
{"level":"info","message":"⌛ Building environment","timeElapsed":399,"timestamp":"2025-11-26T18:43:07.349Z"}
{"level":"info","message":"⌛ Autocomplete - Reference","timeElapsed":166,"timestamp":"2025-11-26T18:43:07.528Z"}
{"level":"info","message":"⌛ Building environment","timeElapsed":312,"timestamp":"2025-11-26T18:43:07.842Z"}
{"level":"info","message":"⌛ Building environment","timeElapsed":421,"timestamp":"2025-11-26T18:43:08.283Z"}
{"level":"info","message":"⌛ Building environment","timeElapsed":777,"timestamp":"2025-11-26T18:43:09.062Z"}
{"level":"info","message":"⌛ Building environment","timeElapsed":292,"timestamp":"2025-11-26T18:43:09.355Z"}
{"level":"info","message":"⌛ Building environment","timeElapsed":282,"timestamp":"2025-11-26T18:43:09.674Z"}
{"level":"info","message":"⌛ Validating src/hud.wlk","timeElapsed":463,"timestamp":"2025-11-26T18:43:10.139Z"}
{"level":"info","message":"⌛ Building environment","timeElapsed":573,"timestamp":"2025-11-26T18:43:10.724Z"}
{"level":"info","message":"⌛ Building environment","timeElapsed":322,"timestamp":"2025-11-26T18:43:11.048Z"}
{"level":"info","message":"⌛ Building environment","timeElapsed":391,"timestamp":"2025-11-26T18:43:11.441Z"}
{"level":"info","message":"⌛ Building environment","timeElapsed":392,"timestamp":"2025-11-26T18:43:11.872Z"}
{"level":"info","message":"⌛ Validating src/hud.wlk","timeElapsed":460,"timestamp":"2025-11-26T18:43:12.334Z"}
{"level":"info","message":"⌛ Building environment","timeElapsed":290,"timestamp":"2025-11-26T18:43:12.629Z"}
{"level":"info","message":"⌛ Building environment","timeElapsed":424,"timestamp":"2025-11-26T18:43:13.056Z"}
{"level":"info","message":"⌛ Validating src/hud.wlk","timeElapsed":530,"timestamp":"2025-11-26T18:43:13.691Z"}
{"level":"info","message":"⌛ Building environment","timeElapsed":304,"timestamp":"2025-11-26T18:43:13.996Z"}
{"level":"info","message":"⌛ Validating src/hud.wlk","timeElapsed":462,"timestamp":"2025-11-26T18:43:14.501Z"}
{"level":"info","message":"⌛ Validating src/hud.wlk","timeElapsed":498,"timestamp":"2025-11-26T18:43:14.999Z"}
{"level":"info","message":"⌛ Building environment","timeElapsed":341,"timestamp":"2025-11-26T18:43:15.351Z"}
{"level":"info","message":"⌛ Validating src/hud.wlk","timeElapsed":454,"timestamp":"2025-11-26T18:43:15.811Z"}
{"level":"error","message":"✘ Failed to rebuild document Failed to parse src/hud.wlk: \n-- PARSING FAILED --------------------------------------------------\n\n  125 | \t\t\timageToUse = heartFull\n  126 | \t\t\tlifePoints = lifePoints - 2\n> 127 | \t\t} else if (lifePoints == 1) {\n      |   ^\n  128 | \t\t\timageToUse = heartHalf\n  129 | \t\t\tlifePoints = lifePoints - 1\n\nExpected one of the following: \n\n'@', 'class', 'const', 'describe', 'mixin', 'object', 'only', 'package', 'program', 'test', 'var', '{', EOF, comment, not \"} \", whitespace\n","stack":"Error: Failed to parse src/hud.wlk: \n-- PARSING FAILED --------------------------------------------------\n\n  125 | \t\t\timageToUse = heartFull\n  126 | \t\t\tlifePoints = lifePoints - 2\n> 127 | \t\t} else if (lifePoints == 1) {\n      |   ^\n  128 | \t\t\timageToUse = heartHalf\n  129 | \t\t\tlifePoints = lifePoints - 1\n\nExpected one of the following: \n\n'@', 'class', 'const', 'describe', 'mixin', 'object', 'only', 'package', 'program', 'test', 'var', '{', EOF, comment, not \"} \", whitespace\n\n    at c:\\Users\\Guido\\.vscode\\extensions\\uqbar.wollok-lsp-ide-0.5.3\\out\\server\\src\\server.js:2348:13026\n    at Array.map (<anonymous>)\n    at W1n (c:\\Users\\Guido\\.vscode\\extensions\\uqbar.wollok-lsp-ide-0.5.3\\out\\server\\src\\server.js:2348:12950)\n    at U2.buildEnvironmentFrom (c:\\Users\\Guido\\.vscode\\extensions\\uqbar.wollok-lsp-ide-0.5.3\\out\\server\\src\\server.js:2393:5254)\n    at U2.updateEnvironmentWith (c:\\Users\\Guido\\.vscode\\extensions\\uqbar.wollok-lsp-ide-0.5.3\\out\\server\\src\\server.js:2393:4989)\n    at JF (c:\\Users\\Guido\\.vscode\\extensions\\uqbar.wollok-lsp-ide-0.5.3\\out\\server\\src\\server.js:2393:7383)\n    at F3.invoke (c:\\Users\\Guido\\.vscode\\extensions\\uqbar.wollok-lsp-ide-0.5.3\\out\\server\\src\\server.js:3:157334)\n    at o.fire (c:\\Users\\Guido\\.vscode\\extensions\\uqbar.wollok-lsp-ide-0.5.3\\out\\server\\src\\server.js:3:158104)\n    at c:\\Users\\Guido\\.vscode\\extensions\\uqbar.wollok-lsp-ide-0.5.3\\out\\server\\src\\server.js:37:57871\n    at Zr (c:\\Users\\Guido\\.vscode\\extensions\\uqbar.wollok-lsp-ide-0.5.3\\out\\server\\src\\server.js:8:1561)","timestamp":"2025-11-26T18:43:16.333Z"}
{"level":"info","message":"⌛ Autocomplete - Singleton","timeElapsed":114,"timestamp":"2025-11-26T18:43:16.475Z"}
{"level":"info","message":"⌛ Building environment","timeElapsed":377,"timestamp":"2025-11-26T18:43:16.968Z"}
{"level":"info","message":"⌛ Validating src/hud.wlk","timeElapsed":425,"timestamp":"2025-11-26T18:43:17.394Z"}
{"level":"info","message":"⌛ Building environment","timeElapsed":345,"timestamp":"2025-11-26T18:43:17.774Z"}
{"level":"info","message":"⌛ Validating src/hud.wlk","timeElapsed":501,"timestamp":"2025-11-26T18:43:18.310Z"}
{"level":"info","message":"⌛ Building environment","timeElapsed":355,"timestamp":"2025-11-26T18:43:18.677Z"}
{"level":"info","message":"⌛ Validating src/hud.wlk","timeElapsed":363,"timestamp":"2025-11-26T18:43:19.044Z"}
{"level":"info","message":"⌛ Building environment","timeElapsed":270,"timestamp":"2025-11-26T18:43:19.315Z"}
{"level":"info","message":"⌛ Building environment","timeElapsed":310,"timestamp":"2025-11-26T18:43:19.628Z"}
{"level":"info","message":"⌛ Validating src/hud.wlk","timeElapsed":355,"timestamp":"2025-11-26T18:43:19.984Z"}
{"level":"info","message":"⌛ Validating src/hud.wlk","timeElapsed":341,"timestamp":"2025-11-26T18:43:20.381Z"}
{"level":"info","message":"⌛ Building environment","timeElapsed":258,"timestamp":"2025-11-26T18:43:20.650Z"}
{"level":"info","message":"⌛ Building environment","timeElapsed":252,"timestamp":"2025-11-26T18:43:20.930Z"}
{"level":"info","message":"⌛ Validating src/hud.wlk","timeElapsed":404,"timestamp":"2025-11-26T18:43:21.384Z"}
{"level":"info","message":"⌛ Building environment","timeElapsed":409,"timestamp":"2025-11-26T18:43:21.827Z"}
{"level":"info","message":"⌛ Validating src/hud.wlk","timeElapsed":456,"timestamp":"2025-11-26T18:43:22.301Z"}
{"level":"error","message":"✘ Failed to rebuild document Failed to parse src/hud.wlk: \n-- PARSING FAILED --------------------------------------------------\n\n  125 | \t\t\timageToUse = heartFull\n  126 | \t\t\tlifePoints = lifePoints - 2\n> 127 | \t\t} else if (lifePoints == 1) {\n      |   ^\n  128 | \t\t\timageToUse = heartHalf\n  129 | \t\t\tlifePoints = lifePoints - 1\n\nExpected one of the following: \n\n'@', 'class', 'const', 'describe', 'mixin', 'object', 'only', 'package', 'program', 'test', 'var', '{', EOF, comment, not \"} \", whitespace\n","stack":"Error: Failed to parse src/hud.wlk: \n-- PARSING FAILED --------------------------------------------------\n\n  125 | \t\t\timageToUse = heartFull\n  126 | \t\t\tlifePoints = lifePoints - 2\n> 127 | \t\t} else if (lifePoints == 1) {\n      |   ^\n  128 | \t\t\timageToUse = heartHalf\n  129 | \t\t\tlifePoints = lifePoints - 1\n\nExpected one of the following: \n\n'@', 'class', 'const', 'describe', 'mixin', 'object', 'only', 'package', 'program', 'test', 'var', '{', EOF, comment, not \"} \", whitespace\n\n    at c:\\Users\\Guido\\.vscode\\extensions\\uqbar.wollok-lsp-ide-0.5.3\\out\\server\\src\\server.js:2348:13026\n    at Array.map (<anonymous>)\n    at W1n (c:\\Users\\Guido\\.vscode\\extensions\\uqbar.wollok-lsp-ide-0.5.3\\out\\server\\src\\server.js:2348:12950)\n    at U2.buildEnvironmentFrom (c:\\Users\\Guido\\.vscode\\extensions\\uqbar.wollok-lsp-ide-0.5.3\\out\\server\\src\\server.js:2393:5254)\n    at U2.updateEnvironmentWith (c:\\Users\\Guido\\.vscode\\extensions\\uqbar.wollok-lsp-ide-0.5.3\\out\\server\\src\\server.js:2393:4989)\n    at JF (c:\\Users\\Guido\\.vscode\\extensions\\uqbar.wollok-lsp-ide-0.5.3\\out\\server\\src\\server.js:2393:7383)\n    at F3.invoke (c:\\Users\\Guido\\.vscode\\extensions\\uqbar.wollok-lsp-ide-0.5.3\\out\\server\\src\\server.js:3:157334)\n    at o.fire (c:\\Users\\Guido\\.vscode\\extensions\\uqbar.wollok-lsp-ide-0.5.3\\out\\server\\src\\server.js:3:158104)\n    at c:\\Users\\Guido\\.vscode\\extensions\\uqbar.wollok-lsp-ide-0.5.3\\out\\server\\src\\server.js:37:57871\n    at Zr (c:\\Users\\Guido\\.vscode\\extensions\\uqbar.wollok-lsp-ide-0.5.3\\out\\server\\src\\server.js:8:1561)","timestamp":"2025-11-26T18:43:22.396Z"}
{"level":"error","message":"✘ Failed to rebuild document Failed to parse src/hud.wlk: \n-- PARSING FAILED --------------------------------------------------\n\n  125 | \t\t\timageToUse = heartFull\n  126 | \t\t\tlifePoints = lifePoints - 2\n> 127 | \t\t} else if (lifePoints == 1) {\n      |   ^\n  128 | \t\t\timageToUse = heartHalf\n  129 | \t\t\tlifePoints = lifePoints - 1\n\nExpected one of the following: \n\n'@', 'class', 'const', 'describe', 'mixin', 'object', 'only', 'package', 'program', 'test', 'var', '{', EOF, comment, not \"} \", whitespace\n","stack":"Error: Failed to parse src/hud.wlk: \n-- PARSING FAILED --------------------------------------------------\n\n  125 | \t\t\timageToUse = heartFull\n  126 | \t\t\tlifePoints = lifePoints - 2\n> 127 | \t\t} else if (lifePoints == 1) {\n      |   ^\n  128 | \t\t\timageToUse = heartHalf\n  129 | \t\t\tlifePoints = lifePoints - 1\n\nExpected one of the following: \n\n'@', 'class', 'const', 'describe', 'mixin', 'object', 'only', 'package', 'program', 'test', 'var', '{', EOF, comment, not \"} \", whitespace\n\n    at c:\\Users\\Guido\\.vscode\\extensions\\uqbar.wollok-lsp-ide-0.5.3\\out\\server\\src\\server.js:2348:13026\n    at Array.map (<anonymous>)\n    at W1n (c:\\Users\\Guido\\.vscode\\extensions\\uqbar.wollok-lsp-ide-0.5.3\\out\\server\\src\\server.js:2348:12950)\n    at U2.buildEnvironmentFrom (c:\\Users\\Guido\\.vscode\\extensions\\uqbar.wollok-lsp-ide-0.5.3\\out\\server\\src\\server.js:2393:5254)\n    at U2.updateEnvironmentWith (c:\\Users\\Guido\\.vscode\\extensions\\uqbar.wollok-lsp-ide-0.5.3\\out\\server\\src\\server.js:2393:4989)\n    at JF (c:\\Users\\Guido\\.vscode\\extensions\\uqbar.wollok-lsp-ide-0.5.3\\out\\server\\src\\server.js:2393:7383)\n    at F3.invoke (c:\\Users\\Guido\\.vscode\\extensions\\uqbar.wollok-lsp-ide-0.5.3\\out\\server\\src\\server.js:3:157334)\n    at o.fire (c:\\Users\\Guido\\.vscode\\extensions\\uqbar.wollok-lsp-ide-0.5.3\\out\\server\\src\\server.js:3:158104)\n    at c:\\Users\\Guido\\.vscode\\extensions\\uqbar.wollok-lsp-ide-0.5.3\\out\\server\\src\\server.js:37:57871\n    at Zr (c:\\Users\\Guido\\.vscode\\extensions\\uqbar.wollok-lsp-ide-0.5.3\\out\\server\\src\\server.js:8:1561)","timestamp":"2025-11-26T18:43:22.563Z"}
{"level":"info","message":"⌛ Building environment","timeElapsed":301,"timestamp":"2025-11-26T18:43:22.868Z"}
{"level":"info","message":"⌛ Validating src/hud.wlk","timeElapsed":349,"timestamp":"2025-11-26T18:43:23.281Z"}
{"level":"info","message":"⌛ Validating src/hud.wlk","timeElapsed":343,"timestamp":"2025-11-26T18:43:23.935Z"}
{"level":"info","message":"⌛ Validating src/hud.wlk","timeElapsed":350,"timestamp":"2025-11-26T18:43:24.347Z"}
{"level":"info","message":"⌛ Validating src/hud.wlk","timeElapsed":344,"timestamp":"2025-11-26T18:43:24.730Z"}
{"level":"info","message":"⌛ Validating src/hud.wlk","timeElapsed":378,"timestamp":"2025-11-26T18:43:25.147Z"}
{"level":"info","message":"⌛ Validating src/hud.wlk","timeElapsed":460,"timestamp":"2025-11-26T18:43:25.624Z"}
{"level":"info","message":"⌛ Validating src/hud.wlk","timeElapsed":363,"timestamp":"2025-11-26T18:43:26.059Z"}
{"level":"info","message":"⌛ Validating src/hud.wlk","timeElapsed":457,"timestamp":"2025-11-26T18:43:26.517Z"}
{"level":"info","message":"⌛ Validating src/hud.wlk","timeElapsed":376,"timestamp":"2025-11-26T18:43:26.984Z"}
{"level":"info","message":"⌛ Validating src/hud.wlk","timeElapsed":353,"timestamp":"2025-11-26T18:43:27.378Z"}
{"level":"info","message":"⌛ Building environment","timeElapsed":289,"timestamp":"2025-11-26T18:43:49.851Z"}
{"level":"info","message":"⌛ Validating src/hud.wlk","timeElapsed":526,"timestamp":"2025-11-26T18:43:50.496Z"}
{"level":"info","message":"⌛ Building environment","timeElapsed":256,"timestamp":"2025-11-26T18:43:50.753Z"}
{"level":"info","message":"⌛ Building environment","timeElapsed":339,"timestamp":"2025-11-26T18:43:51.129Z"}
{"level":"info","message":"⌛ Validating src/hud.wlk","timeElapsed":388,"timestamp":"2025-11-26T18:43:51.596Z"}
{"level":"info","message":"⌛ Validating src/hud.wlk","timeElapsed":372,"timestamp":"2025-11-26T18:43:51.969Z"}
{"level":"info","message":"⌛ Building environment","timeElapsed":338,"timestamp":"2025-11-26T18:43:56.478Z"}
{"level":"error","message":"✘ Completions for node If ([114:3, 114:35] - src/hud.wlk) failed: Error: [If]{21aebb} at src/hud.wlk:114 exhausted all cases without a match [If]{21aebb} at src/hud.wlk:114 exhausted all cases without a match","stack":"Error: [If]{21aebb} at src/hud.wlk:114 exhausted all cases without a match\n    at c:\\Users\\Guido\\.vscode\\extensions\\uqbar.wollok-lsp-ide-0.5.3\\out\\server\\src\\server.js:38:6142\n    at D2 (c:\\Users\\Guido\\.vscode\\extensions\\uqbar.wollok-lsp-ide-0.5.3\\out\\server\\src\\server.js:2384:42)\n    at Qh (c:\\Users\\Guido\\.vscode\\extensions\\uqbar.wollok-lsp-ide-0.5.3\\out\\server\\src\\server.js:2384:1092)\n    at v6n (c:\\Users\\Guido\\.vscode\\extensions\\uqbar.wollok-lsp-ide-0.5.3\\out\\server\\src\\server.js:2384:818)\n    at c:\\Users\\Guido\\.vscode\\extensions\\uqbar.wollok-lsp-ide-0.5.3\\out\\server\\src\\server.js:38:6131\n    at D2 (c:\\Users\\Guido\\.vscode\\extensions\\uqbar.wollok-lsp-ide-0.5.3\\out\\server\\src\\server.js:2384:42)\n    at Qh (c:\\Users\\Guido\\.vscode\\extensions\\uqbar.wollok-lsp-ide-0.5.3\\out\\server\\src\\server.js:2384:1092)\n    at k6n (c:\\Users\\Guido\\.vscode\\extensions\\uqbar.wollok-lsp-ide-0.5.3\\out\\server\\src\\server.js:2384:1248)\n    at c:\\Users\\Guido\\.vscode\\extensions\\uqbar.wollok-lsp-ide-0.5.3\\out\\server\\src\\server.js:38:6131\n    at D2 (c:\\Users\\Guido\\.vscode\\extensions\\uqbar.wollok-lsp-ide-0.5.3\\out\\server\\src\\server.js:2384:42)","timestamp":"2025-11-26T18:43:56.610Z"}
{"level":"info","message":"⌛ Autocomplete - Reference","timeElapsed":104,"timestamp":"2025-11-26T18:43:56.615Z"}
{"level":"info","message":"⌛ Building environment","timeElapsed":413,"timestamp":"2025-11-26T18:43:57.069Z"}
{"level":"info","message":"⌛ Validating src/hud.wlk","timeElapsed":334,"timestamp":"2025-11-26T18:43:57.431Z"}
{"level":"info","message":"⌛ Building environment","timeElapsed":260,"timestamp":"2025-11-26T18:43:57.730Z"}
{"level":"info","message":"⌛ Building environment","timeElapsed":299,"timestamp":"2025-11-26T18:43:58.031Z"}
{"level":"error","message":"✘ Completions for node If ([114:3, 114:38] - src/hud.wlk) failed: Error: [If]{b36500} at src/hud.wlk:114 exhausted all cases without a match [If]{b36500} at src/hud.wlk:114 exhausted all cases without a match","stack":"Error: [If]{b36500} at src/hud.wlk:114 exhausted all cases without a match\n    at c:\\Users\\Guido\\.vscode\\extensions\\uqbar.wollok-lsp-ide-0.5.3\\out\\server\\src\\server.js:38:6142\n    at D2 (c:\\Users\\Guido\\.vscode\\extensions\\uqbar.wollok-lsp-ide-0.5.3\\out\\server\\src\\server.js:2384:42)\n    at Qh (c:\\Users\\Guido\\.vscode\\extensions\\uqbar.wollok-lsp-ide-0.5.3\\out\\server\\src\\server.js:2384:1092)\n    at v6n (c:\\Users\\Guido\\.vscode\\extensions\\uqbar.wollok-lsp-ide-0.5.3\\out\\server\\src\\server.js:2384:818)\n    at c:\\Users\\Guido\\.vscode\\extensions\\uqbar.wollok-lsp-ide-0.5.3\\out\\server\\src\\server.js:38:6131\n    at D2 (c:\\Users\\Guido\\.vscode\\extensions\\uqbar.wollok-lsp-ide-0.5.3\\out\\server\\src\\server.js:2384:42)\n    at Qh (c:\\Users\\Guido\\.vscode\\extensions\\uqbar.wollok-lsp-ide-0.5.3\\out\\server\\src\\server.js:2384:1092)\n    at k6n (c:\\Users\\Guido\\.vscode\\extensions\\uqbar.wollok-lsp-ide-0.5.3\\out\\server\\src\\server.js:2384:1248)\n    at c:\\Users\\Guido\\.vscode\\extensions\\uqbar.wollok-lsp-ide-0.5.3\\out\\server\\src\\server.js:38:6131\n    at D2 (c:\\Users\\Guido\\.vscode\\extensions\\uqbar.wollok-lsp-ide-0.5.3\\out\\server\\src\\server.js:2384:42)","timestamp":"2025-11-26T18:43:58.134Z"}
{"level":"info","message":"⌛ Building environment","timeElapsed":253,"timestamp":"2025-11-26T18:43:58.427Z"}
{"level":"info","message":"⌛ Building environment","timeElapsed":241,"timestamp":"2025-11-26T18:43:58.669Z"}
{"level":"info","message":"⌛ Validating src/hud.wlk","timeElapsed":376,"timestamp":"2025-11-26T18:43:59.052Z"}
{"level":"info","message":"⌛ Validating src/hud.wlk","timeElapsed":348,"timestamp":"2025-11-26T18:43:59.469Z"}
{"level":"info","message":"⌛ Validating src/hud.wlk","timeElapsed":388,"timestamp":"2025-11-26T18:43:59.882Z"}
{"level":"info","message":"⌛ Validating src/hud.wlk","timeElapsed":373,"timestamp":"2025-11-26T18:44:00.286Z"}
{"level":"info","message":"⌛ Validating src/hud.wlk","timeElapsed":402,"timestamp":"2025-11-26T18:44:00.700Z"}
{"level":"info","message":"⌛ Building environment","timeElapsed":291,"timestamp":"2025-11-26T18:44:02.363Z"}
{"level":"info","message":"⌛ Validating src/hud.wlk","timeElapsed":460,"timestamp":"2025-11-26T18:44:02.893Z"}
{"level":"info","message":"⌛ Building environment","timeElapsed":297,"timestamp":"2025-11-26T18:44:03.883Z"}
{"level":"info","message":"⌛ Validating src/hud.wlk","timeElapsed":404,"timestamp":"2025-11-26T18:44:04.364Z"}
{"level":"info","message":"⌛ Building environment","timeElapsed":569,"timestamp":"2025-11-26T18:44:18.664Z"}
{"level":"info","message":"⌛ Building environment","timeElapsed":371,"timestamp":"2025-11-26T18:44:19.037Z"}
{"level":"info","message":"⌛ Building environment","timeElapsed":332,"timestamp":"2025-11-26T18:44:19.398Z"}
{"level":"info","message":"⌛ Validating src/hud.wlk","timeElapsed":378,"timestamp":"2025-11-26T18:44:19.779Z"}
{"level":"info","message":"⌛ Building environment","timeElapsed":528,"timestamp":"2025-11-26T18:44:20.308Z"}
{"level":"info","message":"⌛ Building environment","timeElapsed":359,"timestamp":"2025-11-26T18:44:20.669Z"}
{"level":"info","message":"⌛ Validating src/hud.wlk","timeElapsed":576,"timestamp":"2025-11-26T18:44:21.301Z"}
{"level":"info","message":"⌛ Building environment","timeElapsed":360,"timestamp":"2025-11-26T18:44:21.663Z"}
{"level":"info","message":"⌛ Validating src/hud.wlk","timeElapsed":365,"timestamp":"2025-11-26T18:44:22.029Z"}
{"level":"info","message":"⌛ Validating src/hud.wlk","timeElapsed":368,"timestamp":"2025-11-26T18:44:22.415Z"}
{"level":"info","message":"⌛ Building environment","timeElapsed":266,"timestamp":"2025-11-26T18:44:22.682Z"}
{"level":"info","message":"⌛ Validating src/hud.wlk","timeElapsed":370,"timestamp":"2025-11-26T18:44:23.061Z"}
{"level":"info","message":"⌛ Validating src/hud.wlk","timeElapsed":321,"timestamp":"2025-11-26T18:44:23.425Z"}
{"level":"info","message":"⌛ Validating src/hud.wlk","timeElapsed":362,"timestamp":"2025-11-26T18:44:23.849Z"}
{"level":"error","message":"✘ Failed to rebuild document Failed to parse src/hud.wlk: \n-- PARSING FAILED --------------------------------------------------\n\n  129 | \t\t\timageToUse = heartHalf\n  130 | \t\t\tlifePoints = lifePoints - 1\n> 131 | \t\t}\n      |   ^\n  132 | \t\tself.drawSingleHeart(imageToUse, 0)\n  133 | \t\t\n\nExpected one of the following: \n\n'@', 'class', 'const', 'describe', 'mixin', 'object', 'only', 'package', 'program', 'test', 'var', '{', EOF, comment, not \"}\r\n\t\t\", whitespace\n","stack":"Error: Failed to parse src/hud.wlk: \n-- PARSING FAILED --------------------------------------------------\n\n  129 | \t\t\timageToUse = heartHalf\n  130 | \t\t\tlifePoints = lifePoints - 1\n> 131 | \t\t}\n      |   ^\n  132 | \t\tself.drawSingleHeart(imageToUse, 0)\n  133 | \t\t\n\nExpected one of the following: \n\n'@', 'class', 'const', 'describe', 'mixin', 'object', 'only', 'package', 'program', 'test', 'var', '{', EOF, comment, not \"}\r\n\t\t\", whitespace\n\n    at c:\\Users\\Guido\\.vscode\\extensions\\uqbar.wollok-lsp-ide-0.5.3\\out\\server\\src\\server.js:2348:13026\n    at Array.map (<anonymous>)\n    at W1n (c:\\Users\\Guido\\.vscode\\extensions\\uqbar.wollok-lsp-ide-0.5.3\\out\\server\\src\\server.js:2348:12950)\n    at U2.buildEnvironmentFrom (c:\\Users\\Guido\\.vscode\\extensions\\uqbar.wollok-lsp-ide-0.5.3\\out\\server\\src\\server.js:2393:5254)\n    at U2.updateEnvironmentWith (c:\\Users\\Guido\\.vscode\\extensions\\uqbar.wollok-lsp-ide-0.5.3\\out\\server\\src\\server.js:2393:4989)\n    at JF (c:\\Users\\Guido\\.vscode\\extensions\\uqbar.wollok-lsp-ide-0.5.3\\out\\server\\src\\server.js:2393:7383)\n    at F3.invoke (c:\\Users\\Guido\\.vscode\\extensions\\uqbar.wollok-lsp-ide-0.5.3\\out\\server\\src\\server.js:3:157334)\n    at o.fire (c:\\Users\\Guido\\.vscode\\extensions\\uqbar.wollok-lsp-ide-0.5.3\\out\\server\\src\\server.js:3:158104)\n    at c:\\Users\\Guido\\.vscode\\extensions\\uqbar.wollok-lsp-ide-0.5.3\\out\\server\\src\\server.js:37:57871\n    at Zr (c:\\Users\\Guido\\.vscode\\extensions\\uqbar.wollok-lsp-ide-0.5.3\\out\\server\\src\\server.js:8:1561)","timestamp":"2025-11-26T18:44:28.447Z"}
{"level":"error","message":"✘ Failed to rebuild document Failed to parse src/hud.wlk: \n-- PARSING FAILED --------------------------------------------------\n\n  129 | \t\t\timageToUse = heartHalf\n  130 | \t\t\tlifePoints = lifePoints - 1\n> 131 | \t\t}\n      |   ^\n  132 | \t\tself.drawSingleHeart(imageToUse, 0)\n  133 | \t\t\n\nExpected one of the following: \n\n'@', 'class', 'const', 'describe', 'mixin', 'object', 'only', 'package', 'program', 'test', 'var', '{', EOF, comment, not \"}\r\n\t\t\", whitespace\n","stack":"Error: Failed to parse src/hud.wlk: \n-- PARSING FAILED --------------------------------------------------\n\n  129 | \t\t\timageToUse = heartHalf\n  130 | \t\t\tlifePoints = lifePoints - 1\n> 131 | \t\t}\n      |   ^\n  132 | \t\tself.drawSingleHeart(imageToUse, 0)\n  133 | \t\t\n\nExpected one of the following: \n\n'@', 'class', 'const', 'describe', 'mixin', 'object', 'only', 'package', 'program', 'test', 'var', '{', EOF, comment, not \"}\r\n\t\t\", whitespace\n\n    at c:\\Users\\Guido\\.vscode\\extensions\\uqbar.wollok-lsp-ide-0.5.3\\out\\server\\src\\server.js:2348:13026\n    at Array.map (<anonymous>)\n    at W1n (c:\\Users\\Guido\\.vscode\\extensions\\uqbar.wollok-lsp-ide-0.5.3\\out\\server\\src\\server.js:2348:12950)\n    at U2.buildEnvironmentFrom (c:\\Users\\Guido\\.vscode\\extensions\\uqbar.wollok-lsp-ide-0.5.3\\out\\server\\src\\server.js:2393:5254)\n    at U2.updateEnvironmentWith (c:\\Users\\Guido\\.vscode\\extensions\\uqbar.wollok-lsp-ide-0.5.3\\out\\server\\src\\server.js:2393:4989)\n    at JF (c:\\Users\\Guido\\.vscode\\extensions\\uqbar.wollok-lsp-ide-0.5.3\\out\\server\\src\\server.js:2393:7383)\n    at F3.invoke (c:\\Users\\Guido\\.vscode\\extensions\\uqbar.wollok-lsp-ide-0.5.3\\out\\server\\src\\server.js:3:157334)\n    at o.fire (c:\\Users\\Guido\\.vscode\\extensions\\uqbar.wollok-lsp-ide-0.5.3\\out\\server\\src\\server.js:3:158104)\n    at c:\\Users\\Guido\\.vscode\\extensions\\uqbar.wollok-lsp-ide-0.5.3\\out\\server\\src\\server.js:37:57871\n    at Zr (c:\\Users\\Guido\\.vscode\\extensions\\uqbar.wollok-lsp-ide-0.5.3\\out\\server\\src\\server.js:8:1561)","timestamp":"2025-11-26T18:44:32.968Z"}
{"level":"info","message":"⌛ Building environment","timeElapsed":369,"timestamp":"2025-11-26T18:44:37.287Z"}
{"level":"info","message":"⌛ Validating src/hud.wlk","timeElapsed":351,"timestamp":"2025-11-26T18:44:37.686Z"}
{"level":"info","message":"⌛ Building environment","timeElapsed":292,"timestamp":"2025-11-26T18:44:38.782Z"}
{"level":"info","message":"⌛ Validating src/hud.wlk","timeElapsed":421,"timestamp":"2025-11-26T18:44:39.232Z"}
{"exitCode":"SIGHUP","level":"info","message":"👾 Game executed src.program.run on d:\\Guido\\Documents\\Objetos 1\\Nueva carpeta\\ads\\CrazyCave\\CrazyCave","timeElapsed":239293,"timestamp":"2025-11-26T18:45:11.836Z"}
{"level":"info","message":"🚀 Program executed \u001b[3m\u001b[34msrc.program.run\u001b[39m\u001b[23m on \u001b[3m\u001b[34md:\\Guido\\Documents\\Objetos 1\\Nueva carpeta\\ads\\CrazyCave\\CrazyCave\u001b[39m\u001b[23m","ok":true,"timeElapsed":2531,"timestamp":"2025-11-26T18:45:19.905Z"}
{"level":"info","message":"⌛ Building environment","timeElapsed":523,"timestamp":"2025-11-26T18:48:31.821Z"}
{"level":"info","message":"⌛ Validating src/hud.wlk","timeElapsed":678,"timestamp":"2025-11-26T18:48:32.656Z"}
{"level":"info","message":"⌛ Building environment","timeElapsed":376,"timestamp":"2025-11-26T18:48:36.088Z"}
{"level":"info","message":"⌛ Validating src/hud.wlk","timeElapsed":587,"timestamp":"2025-11-26T18:48:36.820Z"}
{"exitCode":"SIGHUP","level":"info","message":"👾 Game executed src.program.run on d:\\Guido\\Documents\\Objetos 1\\Nueva carpeta\\ads\\CrazyCave\\CrazyCave","timeElapsed":231269,"timestamp":"2025-11-26T18:49:08.645Z"}
{"level":"info","message":"🚀 Program executed \u001b[3m\u001b[34msrc.program.run\u001b[39m\u001b[23m on \u001b[3m\u001b[34md:\\Guido\\Documents\\Objetos 1\\Nueva carpeta\\ads\\CrazyCave\\CrazyCave\u001b[39m\u001b[23m","ok":true,"timeElapsed":2467,"timestamp":"2025-11-26T18:49:15.805Z"}
{"level":"info","message":"⌛ Building environment","timeElapsed":475,"timestamp":"2025-11-26T18:52:41.754Z"}
{"level":"info","message":"⌛ Building environment","timeElapsed":319,"timestamp":"2025-11-26T18:52:42.360Z"}
{"level":"info","message":"⌛ Building environment","timeElapsed":482,"timestamp":"2025-11-26T18:52:42.900Z"}
{"level":"info","message":"⌛ Validating src/map.wlk","timeElapsed":733,"timestamp":"2025-11-26T18:52:43.634Z"}
{"level":"info","message":"⌛ Building environment","timeElapsed":229,"timestamp":"2025-11-26T18:52:43.865Z"}
{"level":"info","message":"⌛ Validating src/map.wlk","timeElapsed":472,"timestamp":"2025-11-26T18:52:44.439Z"}
{"level":"info","message":"⌛ Building environment","timeElapsed":279,"timestamp":"2025-11-26T18:52:44.719Z"}
{"level":"info","message":"⌛ Validating src/map.wlk","timeElapsed":395,"timestamp":"2025-11-26T18:52:45.134Z"}
{"level":"info","message":"⌛ Validating src/map.wlk","timeElapsed":389,"timestamp":"2025-11-26T18:52:45.523Z"}
{"level":"info","message":"⌛ Validating src/map.wlk","timeElapsed":405,"timestamp":"2025-11-26T18:52:45.937Z"}
{"level":"info","message":"⌛ Building environment","timeElapsed":285,"timestamp":"2025-11-26T18:52:46.245Z"}
{"level":"info","message":"⌛ Validating src/map.wlk","timeElapsed":362,"timestamp":"2025-11-26T18:52:46.629Z"}
{"level":"info","message":"⌛ Building environment","timeElapsed":364,"timestamp":"2025-11-26T18:52:47.099Z"}
{"level":"info","message":"⌛ Building environment","timeElapsed":285,"timestamp":"2025-11-26T18:52:47.384Z"}
{"level":"info","message":"⌛ Validating src/map.wlk","timeElapsed":381,"timestamp":"2025-11-26T18:52:47.767Z"}
{"level":"info","message":"⌛ Validating src/map.wlk","timeElapsed":390,"timestamp":"2025-11-26T18:52:48.186Z"}
{"level":"info","message":"⌛ Building environment","timeElapsed":241,"timestamp":"2025-11-26T18:52:50.769Z"}
{"level":"info","message":"⌛ Validating src/map.wlk","timeElapsed":404,"timestamp":"2025-11-26T18:52:51.215Z"}
{"level":"info","message":"⌛ Building environment","timeElapsed":288,"timestamp":"2025-11-26T18:52:54.672Z"}
{"level":"info","message":"⌛ Building environment","timeElapsed":333,"timestamp":"2025-11-26T18:52:55.100Z"}
{"level":"info","message":"⌛ Validating src/map.wlk","timeElapsed":553,"timestamp":"2025-11-26T18:52:55.655Z"}
{"level":"info","message":"⌛ Building environment","timeElapsed":211,"timestamp":"2025-11-26T18:52:55.866Z"}
{"level":"info","message":"⌛ Building environment","timeElapsed":236,"timestamp":"2025-11-26T18:52:56.134Z"}
{"level":"info","message":"⌛ Building environment","timeElapsed":358,"timestamp":"2025-11-26T18:52:56.495Z"}
{"level":"info","message":"⌛ Validating src/map.wlk","timeElapsed":372,"timestamp":"2025-11-26T18:52:56.869Z"}
{"level":"info","message":"⌛ Building environment","timeElapsed":235,"timestamp":"2025-11-26T18:52:57.105Z"}
{"level":"info","message":"⌛ Building environment","timeElapsed":265,"timestamp":"2025-11-26T18:52:57.402Z"}
{"level":"info","message":"⌛ Building environment","timeElapsed":271,"timestamp":"2025-11-26T18:52:57.678Z"}
{"level":"info","message":"⌛ Validating src/map.wlk","timeElapsed":388,"timestamp":"2025-11-26T18:52:58.078Z"}
{"level":"info","message":"⌛ Validating src/map.wlk","timeElapsed":431,"timestamp":"2025-11-26T18:52:58.518Z"}
{"level":"info","message":"⌛ Validating src/map.wlk","timeElapsed":421,"timestamp":"2025-11-26T18:52:58.945Z"}
{"level":"info","message":"⌛ Validating src/map.wlk","timeElapsed":351,"timestamp":"2025-11-26T18:52:59.305Z"}
{"level":"info","message":"⌛ Validating src/map.wlk","timeElapsed":436,"timestamp":"2025-11-26T18:52:59.753Z"}
{"level":"info","message":"⌛ Validating src/map.wlk","timeElapsed":436,"timestamp":"2025-11-26T18:53:00.204Z"}
{"level":"info","message":"⌛ Building environment","timeElapsed":237,"timestamp":"2025-11-26T18:53:00.453Z"}
{"level":"info","message":"⌛ Validating src/map.wlk","timeElapsed":344,"timestamp":"2025-11-26T18:53:01.073Z"}
{"exitCode":"SIGHUP","level":"info","message":"👾 Game executed src.program.run on d:\\Guido\\Documents\\Objetos 1\\Nueva carpeta\\ads\\CrazyCave\\CrazyCave","timeElapsed":237857,"timestamp":"2025-11-26T18:53:11.188Z"}
{"error":["wollok.lang.MessageNotUnderstoodException: a DigitVisual does not understand isObstacle()","  at src.utilities.utilities.isFreePosition(position) [src/utilities.wlk:10]\r","  at src.obstacles.obstacles.placeRecursively(obstacle) [src/obstacles.wlk:79]\r","  at If [src/obstacles.wlk:84]\r","  at src.obstacles.obstacles.placeRecursively(obstacle) [src/obstacles.wlk:79]\r","  at src.obstacles.obstacles.showObstacles() [src/obstacles.wlk:66]\r","  at src.map.map.start() [src/map.wlk:24]\r","  at src.core.core.run() [src/core.wlk:10]\r","  at src.program.run [src/program.wpgm:6]"],"level":"info","message":"🚀 Program executed \u001b[3m\u001b[34msrc.program.run\u001b[39m\u001b[23m on \u001b[3m\u001b[34md:\\Guido\\Documents\\Objetos 1\\Nueva carpeta\\ads\\CrazyCave\\CrazyCave\u001b[39m\u001b[23m","ok":false,"timeElapsed":2600,"timestamp":"2025-11-26T18:53:19.669Z"}
{"level":"info","message":"⌛ Building environment","timeElapsed":508,"timestamp":"2025-11-26T18:54:51.394Z"}
{"level":"info","message":"⌛ Validating src/hud.wlk","timeElapsed":427,"timestamp":"2025-11-26T18:54:51.994Z"}
{"level":"info","message":"⌛ Building environment","timeElapsed":369,"timestamp":"2025-11-26T18:54:52.371Z"}
{"level":"info","message":"⌛ Validating src/hud.wlk","timeElapsed":327,"timestamp":"2025-11-26T18:54:52.764Z"}
{"level":"info","message":"⌛ Building environment","timeElapsed":421,"timestamp":"2025-11-26T18:54:53.519Z"}
{"level":"info","message":"⌛ Building environment","timeElapsed":384,"timestamp":"2025-11-26T18:54:53.904Z"}
{"level":"info","message":"⌛ Building environment","timeElapsed":274,"timestamp":"2025-11-26T18:54:54.207Z"}
{"level":"info","message":"⌛ Validating src/hud.wlk","timeElapsed":541,"timestamp":"2025-11-26T18:54:54.750Z"}
{"level":"info","message":"⌛ Building environment","timeElapsed":383,"timestamp":"2025-11-26T18:54:55.134Z"}
{"level":"info","message":"⌛ Validating src/hud.wlk","timeElapsed":456,"timestamp":"2025-11-26T18:54:55.601Z"}
{"level":"info","message":"⌛ Validating src/hud.wlk","timeElapsed":326,"timestamp":"2025-11-26T18:54:55.930Z"}
{"level":"info","message":"⌛ Building environment","timeElapsed":370,"timestamp":"2025-11-26T18:54:56.333Z"}
{"level":"error","message":"✘ Completions for node Return (undefined - src/hud.wlk) failed: Error: [Return]{83c53f} at src/hud.wlk:-- exhausted all cases without a match [Return]{83c53f} at src/hud.wlk:-- exhausted all cases without a match","stack":"Error: [Return]{83c53f} at src/hud.wlk:-- exhausted all cases without a match\n    at c:\\Users\\Guido\\.vscode\\extensions\\uqbar.wollok-lsp-ide-0.5.3\\out\\server\\src\\server.js:38:6142\n    at D2 (c:\\Users\\Guido\\.vscode\\extensions\\uqbar.wollok-lsp-ide-0.5.3\\out\\server\\src\\server.js:2384:42)\n    at Qh (c:\\Users\\Guido\\.vscode\\extensions\\uqbar.wollok-lsp-ide-0.5.3\\out\\server\\src\\server.js:2384:1092)\n    at k6n (c:\\Users\\Guido\\.vscode\\extensions\\uqbar.wollok-lsp-ide-0.5.3\\out\\server\\src\\server.js:2384:1248)\n    at c:\\Users\\Guido\\.vscode\\extensions\\uqbar.wollok-lsp-ide-0.5.3\\out\\server\\src\\server.js:38:6131\n    at D2 (c:\\Users\\Guido\\.vscode\\extensions\\uqbar.wollok-lsp-ide-0.5.3\\out\\server\\src\\server.js:2384:42)\n    at c:\\Users\\Guido\\.vscode\\extensions\\uqbar.wollok-lsp-ide-0.5.3\\out\\server\\src\\server.js:2384:2988\n    at c:\\Users\\Guido\\.vscode\\extensions\\uqbar.wollok-lsp-ide-0.5.3\\out\\server\\src\\server.js:2393:8440\n    at c:\\Users\\Guido\\.vscode\\extensions\\uqbar.wollok-lsp-ide-0.5.3\\out\\server\\src\\server.js:37:74872\n    at Ye (c:\\Users\\Guido\\.vscode\\extensions\\uqbar.wollok-lsp-ide-0.5.3\\out\\server\\src\\server.js:7:8527)","timestamp":"2025-11-26T18:54:56.420Z"}
{"level":"info","message":"⌛ Building environment","timeElapsed":350,"timestamp":"2025-11-26T18:54:56.778Z"}
{"level":"info","message":"⌛ Building environment","timeElapsed":301,"timestamp":"2025-11-26T18:54:57.083Z"}
{"level":"info","message":"⌛ Building environment","timeElapsed":254,"timestamp":"2025-11-26T18:54:57.340Z"}
{"level":"info","message":"⌛ Building environment","timeElapsed":359,"timestamp":"2025-11-26T18:54:57.703Z"}
{"level":"info","message":"⌛ Validating src/hud.wlk","timeElapsed":521,"timestamp":"2025-11-26T18:54:58.230Z"}
{"level":"info","message":"⌛ Validating src/hud.wlk","timeElapsed":343,"timestamp":"2025-11-26T18:54:58.878Z"}
{"level":"info","message":"⌛ Validating src/hud.wlk","timeElapsed":452,"timestamp":"2025-11-26T18:54:59.331Z"}
{"level":"info","message":"⌛ Validating src/hud.wlk","timeElapsed":396,"timestamp":"2025-11-26T18:54:59.761Z"}
{"level":"info","message":"⌛ Validating src/hud.wlk","timeElapsed":460,"timestamp":"2025-11-26T18:55:00.235Z"}
{"level":"info","message":"⌛ Building environment","timeElapsed":493,"timestamp":"2025-11-26T18:55:00.733Z"}
{"level":"info","message":"⌛ Validating src/hud.wlk","timeElapsed":448,"timestamp":"2025-11-26T18:55:01.181Z"}
{"level":"info","message":"⌛ Building environment","timeElapsed":448,"timestamp":"2025-11-26T18:55:01.658Z"}
{"level":"info","message":"⌛ Building environment","timeElapsed":406,"timestamp":"2025-11-26T18:55:02.115Z"}
{"level":"info","message":"⌛ Building environment","timeElapsed":379,"timestamp":"2025-11-26T18:55:02.495Z"}
{"level":"info","message":"⌛ Building environment","timeElapsed":386,"timestamp":"2025-11-26T18:55:02.887Z"}
{"level":"info","message":"⌛ Building environment","timeElapsed":363,"timestamp":"2025-11-26T18:55:03.251Z"}
{"level":"info","message":"⌛ Validating src/hud.wlk","timeElapsed":370,"timestamp":"2025-11-26T18:55:03.648Z"}
{"level":"info","message":"⌛ Building environment","timeElapsed":451,"timestamp":"2025-11-26T18:55:04.139Z"}
{"level":"error","message":"✘ Completions for node Return (undefined - src/hud.wlk) failed: Error: [Return]{71cbec} at src/hud.wlk:-- exhausted all cases without a match [Return]{71cbec} at src/hud.wlk:-- exhausted all cases without a match","stack":"Error: [Return]{71cbec} at src/hud.wlk:-- exhausted all cases without a match\n    at c:\\Users\\Guido\\.vscode\\extensions\\uqbar.wollok-lsp-ide-0.5.3\\out\\server\\src\\server.js:38:6142\n    at D2 (c:\\Users\\Guido\\.vscode\\extensions\\uqbar.wollok-lsp-ide-0.5.3\\out\\server\\src\\server.js:2384:42)\n    at Qh (c:\\Users\\Guido\\.vscode\\extensions\\uqbar.wollok-lsp-ide-0.5.3\\out\\server\\src\\server.js:2384:1092)\n    at k6n (c:\\Users\\Guido\\.vscode\\extensions\\uqbar.wollok-lsp-ide-0.5.3\\out\\server\\src\\server.js:2384:1248)\n    at c:\\Users\\Guido\\.vscode\\extensions\\uqbar.wollok-lsp-ide-0.5.3\\out\\server\\src\\server.js:38:6131\n    at D2 (c:\\Users\\Guido\\.vscode\\extensions\\uqbar.wollok-lsp-ide-0.5.3\\out\\server\\src\\server.js:2384:42)\n    at c:\\Users\\Guido\\.vscode\\extensions\\uqbar.wollok-lsp-ide-0.5.3\\out\\server\\src\\server.js:2384:2988\n    at c:\\Users\\Guido\\.vscode\\extensions\\uqbar.wollok-lsp-ide-0.5.3\\out\\server\\src\\server.js:2393:8440\n    at c:\\Users\\Guido\\.vscode\\extensions\\uqbar.wollok-lsp-ide-0.5.3\\out\\server\\src\\server.js:37:74872\n    at Ye (c:\\Users\\Guido\\.vscode\\extensions\\uqbar.wollok-lsp-ide-0.5.3\\out\\server\\src\\server.js:7:8527)","timestamp":"2025-11-26T18:55:04.241Z"}
{"level":"info","message":"⌛ Building environment","timeElapsed":348,"timestamp":"2025-11-26T18:55:04.601Z"}
{"level":"info","message":"⌛ Building environment","timeElapsed":333,"timestamp":"2025-11-26T18:55:04.940Z"}
{"level":"error","message":"✘ Completions for node Return (undefined - src/hud.wlk) failed: Error: [Return]{cc0b8e} at src/hud.wlk:-- exhausted all cases without a match [Return]{cc0b8e} at src/hud.wlk:-- exhausted all cases without a match","stack":"Error: [Return]{cc0b8e} at src/hud.wlk:-- exhausted all cases without a match\n    at c:\\Users\\Guido\\.vscode\\extensions\\uqbar.wollok-lsp-ide-0.5.3\\out\\server\\src\\server.js:38:6142\n    at D2 (c:\\Users\\Guido\\.vscode\\extensions\\uqbar.wollok-lsp-ide-0.5.3\\out\\server\\src\\server.js:2384:42)\n    at Qh (c:\\Users\\Guido\\.vscode\\extensions\\uqbar.wollok-lsp-ide-0.5.3\\out\\server\\src\\server.js:2384:1092)\n    at k6n (c:\\Users\\Guido\\.vscode\\extensions\\uqbar.wollok-lsp-ide-0.5.3\\out\\server\\src\\server.js:2384:1248)\n    at c:\\Users\\Guido\\.vscode\\extensions\\uqbar.wollok-lsp-ide-0.5.3\\out\\server\\src\\server.js:38:6131\n    at D2 (c:\\Users\\Guido\\.vscode\\extensions\\uqbar.wollok-lsp-ide-0.5.3\\out\\server\\src\\server.js:2384:42)\n    at c:\\Users\\Guido\\.vscode\\extensions\\uqbar.wollok-lsp-ide-0.5.3\\out\\server\\src\\server.js:2384:2988\n    at c:\\Users\\Guido\\.vscode\\extensions\\uqbar.wollok-lsp-ide-0.5.3\\out\\server\\src\\server.js:2393:8440\n    at c:\\Users\\Guido\\.vscode\\extensions\\uqbar.wollok-lsp-ide-0.5.3\\out\\server\\src\\server.js:37:74872\n    at Ye (c:\\Users\\Guido\\.vscode\\extensions\\uqbar.wollok-lsp-ide-0.5.3\\out\\server\\src\\server.js:7:8527)","timestamp":"2025-11-26T18:55:05.028Z"}
{"level":"info","message":"⌛ Building environment","timeElapsed":359,"timestamp":"2025-11-26T18:55:05.394Z"}
{"level":"info","message":"⌛ Validating src/hud.wlk","timeElapsed":381,"timestamp":"2025-11-26T18:55:05.818Z"}
{"level":"info","message":"⌛ Building environment","timeElapsed":363,"timestamp":"2025-11-26T18:55:06.200Z"}
{"level":"info","message":"⌛ Building environment","timeElapsed":374,"timestamp":"2025-11-26T18:55:06.575Z"}
{"level":"info","message":"⌛ Building environment","timeElapsed":313,"timestamp":"2025-11-26T18:55:06.893Z"}
{"level":"info","message":"⌛ Validating src/hud.wlk","timeElapsed":364,"timestamp":"2025-11-26T18:55:07.284Z"}
{"level":"info","message":"⌛ Validating src/hud.wlk","timeElapsed":363,"timestamp":"2025-11-26T18:55:07.715Z"}
{"level":"info","message":"⌛ Validating src/hud.wlk","timeElapsed":710,"timestamp":"2025-11-26T18:55:08.428Z"}
{"level":"info","message":"⌛ Validating src/hud.wlk","timeElapsed":480,"timestamp":"2025-11-26T18:55:08.935Z"}
{"level":"info","message":"⌛ Validating src/hud.wlk","timeElapsed":414,"timestamp":"2025-11-26T18:55:09.568Z"}
{"level":"info","message":"⌛ Validating src/hud.wlk","timeElapsed":415,"timestamp":"2025-11-26T18:55:09.992Z"}
{"level":"info","message":"⌛ Validating src/hud.wlk","timeElapsed":461,"timestamp":"2025-11-26T18:55:10.464Z"}
{"level":"info","message":"⌛ Validating src/hud.wlk","timeElapsed":379,"timestamp":"2025-11-26T18:55:10.851Z"}
{"level":"info","message":"⌛ Validating src/hud.wlk","timeElapsed":448,"timestamp":"2025-11-26T18:55:11.357Z"}
{"level":"info","message":"⌛ Validating src/hud.wlk","timeElapsed":386,"timestamp":"2025-11-26T18:55:11.744Z"}
{"level":"info","message":"⌛ Validating src/hud.wlk","timeElapsed":322,"timestamp":"2025-11-26T18:55:12.082Z"}
{"level":"info","message":"⌛ Building environment","timeElapsed":351,"timestamp":"2025-11-26T18:55:12.477Z"}
{"level":"info","message":"⌛ Building environment","timeElapsed":296,"timestamp":"2025-11-26T18:55:12.823Z"}
{"level":"info","message":"⌛ Validating src/hud.wlk","timeElapsed":489,"timestamp":"2025-11-26T18:55:13.443Z"}
{"level":"info","message":"⌛ Validating src/hud.wlk","timeElapsed":467,"timestamp":"2025-11-26T18:55:13.970Z"}
{"level":"info","message":"🚀 Program executed \u001b[3m\u001b[34msrc.program.run\u001b[39m\u001b[23m on \u001b[3m\u001b[34md:\\Guido\\Documents\\Objetos 1\\Nueva carpeta\\ads\\CrazyCave\\CrazyCave\u001b[39m\u001b[23m","ok":true,"timeElapsed":3047,"timestamp":"2025-11-26T18:55:33.623Z"}
{"level":"info","message":"⌛ Building environment","timeElapsed":364,"timestamp":"2025-11-26T18:56:28.826Z"}
{"level":"info","message":"⌛ Building environment","timeElapsed":372,"timestamp":"2025-11-26T18:56:29.231Z"}
{"level":"info","message":"⌛ Validating src/hud.wlk","timeElapsed":1277,"timestamp":"2025-11-26T18:56:30.522Z"}
{"level":"info","message":"⌛ Building environment","timeElapsed":505,"timestamp":"2025-11-26T18:56:31.031Z"}
{"level":"info","message":"⌛ Validating src/hud.wlk","timeElapsed":692,"timestamp":"2025-11-26T18:56:31.746Z"}
{"level":"info","message":"⌛ Building environment","timeElapsed":889,"timestamp":"2025-11-26T18:56:32.642Z"}
{"level":"info","message":"⌛ Validating src/hud.wlk","timeElapsed":442,"timestamp":"2025-11-26T18:56:33.298Z"}
{"level":"info","message":"⌛ Validating src/hud.wlk","timeElapsed":450,"timestamp":"2025-11-26T18:56:33.810Z"}
{"level":"error","message":"✘ Failed to rebuild document Failed to parse src/hud.wlk: \n-- PARSING FAILED --------------------------------------------------\n\n  128 | \t\t\timageToUse = heartFull\n  129 | \t\t\tlifePoints = lifePoints - 2\n> 130 | \t\t} else if (lifePoints == 1) {\n      |   ^\n  131 | \t\t\timageToUse = heartHalf\n  132 | \t\t\tlifePoints = lifePoints - 1\n\nExpected one of the following: \n\n'@', 'class', 'const', 'describe', 'mixin', 'object', 'only', 'package', 'program', 'test', 'var', '{', EOF, comment, not \"} \", whitespace\n","stack":"Error: Failed to parse src/hud.wlk: \n-- PARSING FAILED --------------------------------------------------\n\n  128 | \t\t\timageToUse = heartFull\n  129 | \t\t\tlifePoints = lifePoints - 2\n> 130 | \t\t} else if (lifePoints == 1) {\n      |   ^\n  131 | \t\t\timageToUse = heartHalf\n  132 | \t\t\tlifePoints = lifePoints - 1\n\nExpected one of the following: \n\n'@', 'class', 'const', 'describe', 'mixin', 'object', 'only', 'package', 'program', 'test', 'var', '{', EOF, comment, not \"} \", whitespace\n\n    at c:\\Users\\Guido\\.vscode\\extensions\\uqbar.wollok-lsp-ide-0.5.3\\out\\server\\src\\server.js:2348:13026\n    at Array.map (<anonymous>)\n    at W1n (c:\\Users\\Guido\\.vscode\\extensions\\uqbar.wollok-lsp-ide-0.5.3\\out\\server\\src\\server.js:2348:12950)\n    at U2.buildEnvironmentFrom (c:\\Users\\Guido\\.vscode\\extensions\\uqbar.wollok-lsp-ide-0.5.3\\out\\server\\src\\server.js:2393:5254)\n    at U2.updateEnvironmentWith (c:\\Users\\Guido\\.vscode\\extensions\\uqbar.wollok-lsp-ide-0.5.3\\out\\server\\src\\server.js:2393:4989)\n    at JF (c:\\Users\\Guido\\.vscode\\extensions\\uqbar.wollok-lsp-ide-0.5.3\\out\\server\\src\\server.js:2393:7383)\n    at F3.invoke (c:\\Users\\Guido\\.vscode\\extensions\\uqbar.wollok-lsp-ide-0.5.3\\out\\server\\src\\server.js:3:157334)\n    at o.fire (c:\\Users\\Guido\\.vscode\\extensions\\uqbar.wollok-lsp-ide-0.5.3\\out\\server\\src\\server.js:3:158104)\n    at c:\\Users\\Guido\\.vscode\\extensions\\uqbar.wollok-lsp-ide-0.5.3\\out\\server\\src\\server.js:37:57871\n    at Zr (c:\\Users\\Guido\\.vscode\\extensions\\uqbar.wollok-lsp-ide-0.5.3\\out\\server\\src\\server.js:8:1561)","timestamp":"2025-11-26T18:56:36.242Z"}
{"level":"error","message":"✘ Failed to rebuild document Failed to parse src/hud.wlk: \n-- PARSING FAILED --------------------------------------------------\n\n  128 | \t\t\timageToUse = heartFull\n  129 | \t\t\tlifePoints = lifePoints - 2\n> 130 | \t\t} else if (lifePoints == 1) {\n      |   ^\n  131 | \t\t\timageToUse = heartHalf\n  132 | \t\t\tlifePoints = lifePoints - 1\n\nExpected one of the following: \n\n'@', 'class', 'const', 'describe', 'mixin', 'object', 'only', 'package', 'program', 'test', 'var', '{', EOF, comment, not \"} \", whitespace\n","stack":"Error: Failed to parse src/hud.wlk: \n-- PARSING FAILED --------------------------------------------------\n\n  128 | \t\t\timageToUse = heartFull\n  129 | \t\t\tlifePoints = lifePoints - 2\n> 130 | \t\t} else if (lifePoints == 1) {\n      |   ^\n  131 | \t\t\timageToUse = heartHalf\n  132 | \t\t\tlifePoints = lifePoints - 1\n\nExpected one of the following: \n\n'@', 'class', 'const', 'describe', 'mixin', 'object', 'only', 'package', 'program', 'test', 'var', '{', EOF, comment, not \"} \", whitespace\n\n    at c:\\Users\\Guido\\.vscode\\extensions\\uqbar.wollok-lsp-ide-0.5.3\\out\\server\\src\\server.js:2348:13026\n    at Array.map (<anonymous>)\n    at W1n (c:\\Users\\Guido\\.vscode\\extensions\\uqbar.wollok-lsp-ide-0.5.3\\out\\server\\src\\server.js:2348:12950)\n    at U2.buildEnvironmentFrom (c:\\Users\\Guido\\.vscode\\extensions\\uqbar.wollok-lsp-ide-0.5.3\\out\\server\\src\\server.js:2393:5254)\n    at U2.updateEnvironmentWith (c:\\Users\\Guido\\.vscode\\extensions\\uqbar.wollok-lsp-ide-0.5.3\\out\\server\\src\\server.js:2393:4989)\n    at JF (c:\\Users\\Guido\\.vscode\\extensions\\uqbar.wollok-lsp-ide-0.5.3\\out\\server\\src\\server.js:2393:7383)\n    at F3.invoke (c:\\Users\\Guido\\.vscode\\extensions\\uqbar.wollok-lsp-ide-0.5.3\\out\\server\\src\\server.js:3:157334)\n    at o.fire (c:\\Users\\Guido\\.vscode\\extensions\\uqbar.wollok-lsp-ide-0.5.3\\out\\server\\src\\server.js:3:158104)\n    at c:\\Users\\Guido\\.vscode\\extensions\\uqbar.wollok-lsp-ide-0.5.3\\out\\server\\src\\server.js:37:57871\n    at Zr (c:\\Users\\Guido\\.vscode\\extensions\\uqbar.wollok-lsp-ide-0.5.3\\out\\server\\src\\server.js:8:1561)","timestamp":"2025-11-26T18:56:36.444Z"}
{"level":"info","message":"⌛ Building environment","timeElapsed":285,"timestamp":"2025-11-26T18:56:36.829Z"}
{"level":"info","message":"⌛ Validating src/hud.wlk","timeElapsed":576,"timestamp":"2025-11-26T18:56:37.439Z"}
{"level":"info","message":"⌛ Building environment","timeElapsed":622,"timestamp":"2025-11-26T18:56:38.088Z"}
{"level":"info","message":"⌛ Validating src/hud.wlk","timeElapsed":605,"timestamp":"2025-11-26T18:56:38.898Z"}
{"exitCode":"SIGHUP","level":"info","message":"👾 Game executed src.program.run on d:\\Guido\\Documents\\Objetos 1\\Nueva carpeta\\ads\\CrazyCave\\CrazyCave","timeElapsed":71044,"timestamp":"2025-11-26T18:56:41.609Z"}
{"level":"info","message":"🚀 Program executed \u001b[3m\u001b[34msrc.program.run\u001b[39m\u001b[23m on \u001b[3m\u001b[34md:\\Guido\\Documents\\Objetos 1\\Nueva carpeta\\ads\\CrazyCave\\CrazyCave\u001b[39m\u001b[23m","ok":true,"timeElapsed":2977,"timestamp":"2025-11-26T18:56:49.877Z"}
{"level":"info","message":"⌛ Building environment","timeElapsed":563,"timestamp":"2025-11-26T18:58:58.714Z"}
{"level":"info","message":"⌛ Building environment","timeElapsed":399,"timestamp":"2025-11-26T18:58:59.119Z"}
{"level":"info","message":"⌛ Validating src/hud.wlk","timeElapsed":743,"timestamp":"2025-11-26T18:58:59.936Z"}
{"level":"info","message":"⌛ Validating src/hud.wlk","timeElapsed":622,"timestamp":"2025-11-26T18:59:00.566Z"}
{"level":"info","message":"⌛ Building environment","timeElapsed":544,"timestamp":"2025-11-26T18:59:06.481Z"}
{"level":"info","message":"⌛ Building environment","timeElapsed":292,"timestamp":"2025-11-26T18:59:07.059Z"}
{"level":"info","message":"⌛ Validating src/hud.wlk","timeElapsed":488,"timestamp":"2025-11-26T18:59:07.602Z"}
{"level":"info","message":"⌛ Validating src/hud.wlk","timeElapsed":681,"timestamp":"2025-11-26T18:59:08.318Z"}
{"exitCode":"SIGHUP","level":"info","message":"👾 Game executed src.program.run on d:\\Guido\\Documents\\Objetos 1\\Nueva carpeta\\ads\\CrazyCave\\CrazyCave","timeElapsed":144854,"timestamp":"2025-11-26T18:59:11.754Z"}
{"level":"info","message":"🚀 Program executed \u001b[3m\u001b[34msrc.program.run\u001b[39m\u001b[23m on \u001b[3m\u001b[34md:\\Guido\\Documents\\Objetos 1\\Nueva carpeta\\ads\\CrazyCave\\CrazyCave\u001b[39m\u001b[23m","ok":true,"timeElapsed":2614,"timestamp":"2025-11-26T18:59:19.964Z"}
{"level":"info","message":"⌛ Building environment","timeElapsed":390,"timestamp":"2025-11-26T18:59:44.076Z"}
{"level":"info","message":"⌛ Building environment","timeElapsed":363,"timestamp":"2025-11-26T18:59:44.532Z"}
{"level":"info","message":"⌛ Validating src/hud.wlk","timeElapsed":422,"timestamp":"2025-11-26T18:59:45.035Z"}
{"level":"info","message":"⌛ Building environment","timeElapsed":947,"timestamp":"2025-11-26T18:59:45.984Z"}
{"level":"info","message":"⌛ Building environment","timeElapsed":374,"timestamp":"2025-11-26T18:59:46.378Z"}
{"level":"info","message":"⌛ Validating src/hud.wlk","timeElapsed":525,"timestamp":"2025-11-26T18:59:46.904Z"}
{"level":"info","message":"⌛ Validating src/hud.wlk","timeElapsed":395,"timestamp":"2025-11-26T18:59:47.528Z"}
{"level":"info","message":"⌛ Validating src/hud.wlk","timeElapsed":401,"timestamp":"2025-11-26T18:59:47.937Z"}
{"level":"info","message":"⌛ Building environment","timeElapsed":487,"timestamp":"2025-11-26T18:59:51.385Z"}
{"level":"error","message":"✘ Failed to rebuild document Failed to parse src/hud.wlk: \n-- PARSING FAILED --------------------------------------------------\n\n  130 | \t\t\timageToUse = heartFull\n  131 | \t\t\tlifePoints = lifePoints - 2\n> 132 | \t\t} else if (lifePoints == 1) {\n      |   ^\n  133 | \t\t\timageToUse = heartHalf\n  134 | \t\t\tlifePoints = lifePoints - 1\n\nExpected one of the following: \n\n'@', 'class', 'const', 'describe', 'mixin', 'object', 'only', 'package', 'program', 'test', 'var', '{', EOF, comment, not \"} \", whitespace\n","stack":"Error: Failed to parse src/hud.wlk: \n-- PARSING FAILED --------------------------------------------------\n\n  130 | \t\t\timageToUse = heartFull\n  131 | \t\t\tlifePoints = lifePoints - 2\n> 132 | \t\t} else if (lifePoints == 1) {\n      |   ^\n  133 | \t\t\timageToUse = heartHalf\n  134 | \t\t\tlifePoints = lifePoints - 1\n\nExpected one of the following: \n\n'@', 'class', 'const', 'describe', 'mixin', 'object', 'only', 'package', 'program', 'test', 'var', '{', EOF, comment, not \"} \", whitespace\n\n    at c:\\Users\\Guido\\.vscode\\extensions\\uqbar.wollok-lsp-ide-0.5.3\\out\\server\\src\\server.js:2348:13026\n    at Array.map (<anonymous>)\n    at W1n (c:\\Users\\Guido\\.vscode\\extensions\\uqbar.wollok-lsp-ide-0.5.3\\out\\server\\src\\server.js:2348:12950)\n    at U2.buildEnvironmentFrom (c:\\Users\\Guido\\.vscode\\extensions\\uqbar.wollok-lsp-ide-0.5.3\\out\\server\\src\\server.js:2393:5254)\n    at U2.updateEnvironmentWith (c:\\Users\\Guido\\.vscode\\extensions\\uqbar.wollok-lsp-ide-0.5.3\\out\\server\\src\\server.js:2393:4989)\n    at JF (c:\\Users\\Guido\\.vscode\\extensions\\uqbar.wollok-lsp-ide-0.5.3\\out\\server\\src\\server.js:2393:7383)\n    at F3.invoke (c:\\Users\\Guido\\.vscode\\extensions\\uqbar.wollok-lsp-ide-0.5.3\\out\\server\\src\\server.js:3:157334)\n    at o.fire (c:\\Users\\Guido\\.vscode\\extensions\\uqbar.wollok-lsp-ide-0.5.3\\out\\server\\src\\server.js:3:158104)\n    at c:\\Users\\Guido\\.vscode\\extensions\\uqbar.wollok-lsp-ide-0.5.3\\out\\server\\src\\server.js:37:57871\n    at Zr (c:\\Users\\Guido\\.vscode\\extensions\\uqbar.wollok-lsp-ide-0.5.3\\out\\server\\src\\server.js:8:1561)","timestamp":"2025-11-26T18:59:51.478Z"}
{"level":"error","message":"✘ Failed to rebuild document Failed to parse src/hud.wlk: \n-- PARSING FAILED --------------------------------------------------\n\n  130 | \t\t\timageToUse = heartFull\n  131 | \t\t\tlifePoints = lifePoints - 2\n> 132 | \t\t} else if (lifePoints == 1) {\n      |   ^\n  133 | \t\t\timageToUse = heartHalf\n  134 | \t\t\tlifePoints = lifePoints - 1\n\nExpected one of the following: \n\n'@', 'class', 'const', 'describe', 'mixin', 'object', 'only', 'package', 'program', 'test', 'var', '{', EOF, comment, not \"} \", whitespace\n","stack":"Error: Failed to parse src/hud.wlk: \n-- PARSING FAILED --------------------------------------------------\n\n  130 | \t\t\timageToUse = heartFull\n  131 | \t\t\tlifePoints = lifePoints - 2\n> 132 | \t\t} else if (lifePoints == 1) {\n      |   ^\n  133 | \t\t\timageToUse = heartHalf\n  134 | \t\t\tlifePoints = lifePoints - 1\n\nExpected one of the following: \n\n'@', 'class', 'const', 'describe', 'mixin', 'object', 'only', 'package', 'program', 'test', 'var', '{', EOF, comment, not \"} \", whitespace\n\n    at c:\\Users\\Guido\\.vscode\\extensions\\uqbar.wollok-lsp-ide-0.5.3\\out\\server\\src\\server.js:2348:13026\n    at Array.map (<anonymous>)\n    at W1n (c:\\Users\\Guido\\.vscode\\extensions\\uqbar.wollok-lsp-ide-0.5.3\\out\\server\\src\\server.js:2348:12950)\n    at U2.buildEnvironmentFrom (c:\\Users\\Guido\\.vscode\\extensions\\uqbar.wollok-lsp-ide-0.5.3\\out\\server\\src\\server.js:2393:5254)\n    at U2.updateEnvironmentWith (c:\\Users\\Guido\\.vscode\\extensions\\uqbar.wollok-lsp-ide-0.5.3\\out\\server\\src\\server.js:2393:4989)\n    at JF (c:\\Users\\Guido\\.vscode\\extensions\\uqbar.wollok-lsp-ide-0.5.3\\out\\server\\src\\server.js:2393:7383)\n    at F3.invoke (c:\\Users\\Guido\\.vscode\\extensions\\uqbar.wollok-lsp-ide-0.5.3\\out\\server\\src\\server.js:3:157334)\n    at o.fire (c:\\Users\\Guido\\.vscode\\extensions\\uqbar.wollok-lsp-ide-0.5.3\\out\\server\\src\\server.js:3:158104)\n    at c:\\Users\\Guido\\.vscode\\extensions\\uqbar.wollok-lsp-ide-0.5.3\\out\\server\\src\\server.js:37:57871\n    at Zr (c:\\Users\\Guido\\.vscode\\extensions\\uqbar.wollok-lsp-ide-0.5.3\\out\\server\\src\\server.js:8:1561)","timestamp":"2025-11-26T18:59:51.648Z"}
{"level":"info","message":"⌛ Validating src/hud.wlk","timeElapsed":408,"timestamp":"2025-11-26T18:59:52.059Z"}
{"level":"info","message":"⌛ Building environment","timeElapsed":368,"timestamp":"2025-11-26T18:59:52.431Z"}
{"level":"info","message":"⌛ Validating src/hud.wlk","timeElapsed":569,"timestamp":"2025-11-26T18:59:53.079Z"}
{"exitCode":"SIGHUP","level":"info","message":"👾 Game executed src.program.run on d:\\Guido\\Documents\\Objetos 1\\Nueva carpeta\\ads\\CrazyCave\\CrazyCave","timeElapsed":66301,"timestamp":"2025-11-26T19:00:23.642Z"}
{"level":"info","message":"🚀 Program executed \u001b[3m\u001b[34msrc.program.run\u001b[39m\u001b[23m on \u001b[3m\u001b[34md:\\Guido\\Documents\\Objetos 1\\Nueva carpeta\\ads\\CrazyCave\\CrazyCave\u001b[39m\u001b[23m","ok":true,"timeElapsed":3217,"timestamp":"2025-11-26T19:00:32.646Z"}
{"level":"info","message":"⌛ Building environment","timeElapsed":553,"timestamp":"2025-11-26T19:02:45.942Z"}
{"level":"info","message":"⌛ Validating src/hud.wlk","timeElapsed":441,"timestamp":"2025-11-26T19:02:46.838Z"}
{"level":"info","message":"⌛ Building environment","timeElapsed":498,"timestamp":"2025-11-26T19:02:47.908Z"}
{"level":"info","message":"⌛ Validating src/hud.wlk","timeElapsed":702,"timestamp":"2025-11-26T19:02:48.691Z"}
{"level":"info","message":"⌛ Building environment","timeElapsed":499,"timestamp":"2025-11-26T19:03:04.702Z"}
{"level":"info","message":"⌛ Validating src/hud.wlk","timeElapsed":412,"timestamp":"2025-11-26T19:03:05.253Z"}
{"level":"error","message":"✘ Failed to rebuild document Failed to parse src/hud.wlk: \n-- PARSING FAILED --------------------------------------------------\n\n  4 | \n  5 | // La clase para los corazones\n> 6 | class HeartVisual iFixedGameVisualnherits {\n    |                   ^\n  7 | \tvar property position\n  8 | \tvar property image\n\nExpected one of the following: \n\n'inherits', '{', whitespace\n","stack":"Error: Failed to parse src/hud.wlk: \n-- PARSING FAILED --------------------------------------------------\n\n  4 | \n  5 | // La clase para los corazones\n> 6 | class HeartVisual iFixedGameVisualnherits {\n    |                   ^\n  7 | \tvar property position\n  8 | \tvar property image\n\nExpected one of the following: \n\n'inherits', '{', whitespace\n\n    at c:\\Users\\Guido\\.vscode\\extensions\\uqbar.wollok-lsp-ide-0.5.3\\out\\server\\src\\server.js:2348:13026\n    at Array.map (<anonymous>)\n    at W1n (c:\\Users\\Guido\\.vscode\\extensions\\uqbar.wollok-lsp-ide-0.5.3\\out\\server\\src\\server.js:2348:12950)\n    at U2.buildEnvironmentFrom (c:\\Users\\Guido\\.vscode\\extensions\\uqbar.wollok-lsp-ide-0.5.3\\out\\server\\src\\server.js:2393:5254)\n    at U2.updateEnvironmentWith (c:\\Users\\Guido\\.vscode\\extensions\\uqbar.wollok-lsp-ide-0.5.3\\out\\server\\src\\server.js:2393:4989)\n    at JF (c:\\Users\\Guido\\.vscode\\extensions\\uqbar.wollok-lsp-ide-0.5.3\\out\\server\\src\\server.js:2393:7383)\n    at F3.invoke (c:\\Users\\Guido\\.vscode\\extensions\\uqbar.wollok-lsp-ide-0.5.3\\out\\server\\src\\server.js:3:157334)\n    at o.fire (c:\\Users\\Guido\\.vscode\\extensions\\uqbar.wollok-lsp-ide-0.5.3\\out\\server\\src\\server.js:3:158104)\n    at c:\\Users\\Guido\\.vscode\\extensions\\uqbar.wollok-lsp-ide-0.5.3\\out\\server\\src\\server.js:37:57871\n    at Zr (c:\\Users\\Guido\\.vscode\\extensions\\uqbar.wollok-lsp-ide-0.5.3\\out\\server\\src\\server.js:8:1561)","timestamp":"2025-11-26T19:03:09.194Z"}
{"level":"info","message":"⌛ Building environment","timeElapsed":385,"timestamp":"2025-11-26T19:03:11.462Z"}
{"level":"info","message":"⌛ Validating src/hud.wlk","timeElapsed":423,"timestamp":"2025-11-26T19:03:11.944Z"}
{"level":"error","message":"✘ Failed to rebuild document Failed to parse src/hud.wlk: \n-- PARSING FAILED --------------------------------------------------\n\n  4 | \n  5 | // La clase para los corazones\n> 6 | class HeartVisual inherits {\n    |                            ^\n  7 | \tvar property position\n  8 | \tvar property image\n\nExpected one of the following: \n\n'@', comment, identifier, package identifier, whitespace\n","stack":"Error: Failed to parse src/hud.wlk: \n-- PARSING FAILED --------------------------------------------------\n\n  4 | \n  5 | // La clase para los corazones\n> 6 | class HeartVisual inherits {\n    |                            ^\n  7 | \tvar property position\n  8 | \tvar property image\n\nExpected one of the following: \n\n'@', comment, identifier, package identifier, whitespace\n\n    at c:\\Users\\Guido\\.vscode\\extensions\\uqbar.wollok-lsp-ide-0.5.3\\out\\server\\src\\server.js:2348:13026\n    at Array.map (<anonymous>)\n    at W1n (c:\\Users\\Guido\\.vscode\\extensions\\uqbar.wollok-lsp-ide-0.5.3\\out\\server\\src\\server.js:2348:12950)\n    at U2.buildEnvironmentFrom (c:\\Users\\Guido\\.vscode\\extensions\\uqbar.wollok-lsp-ide-0.5.3\\out\\server\\src\\server.js:2393:5254)\n    at U2.updateEnvironmentWith (c:\\Users\\Guido\\.vscode\\extensions\\uqbar.wollok-lsp-ide-0.5.3\\out\\server\\src\\server.js:2393:4989)\n    at JF (c:\\Users\\Guido\\.vscode\\extensions\\uqbar.wollok-lsp-ide-0.5.3\\out\\server\\src\\server.js:2393:7383)\n    at F3.invoke (c:\\Users\\Guido\\.vscode\\extensions\\uqbar.wollok-lsp-ide-0.5.3\\out\\server\\src\\server.js:3:157334)\n    at o.fire (c:\\Users\\Guido\\.vscode\\extensions\\uqbar.wollok-lsp-ide-0.5.3\\out\\server\\src\\server.js:3:158104)\n    at c:\\Users\\Guido\\.vscode\\extensions\\uqbar.wollok-lsp-ide-0.5.3\\out\\server\\src\\server.js:37:57871\n    at Zr (c:\\Users\\Guido\\.vscode\\extensions\\uqbar.wollok-lsp-ide-0.5.3\\out\\server\\src\\server.js:8:1561)","timestamp":"2025-11-26T19:03:14.357Z"}
{"level":"info","message":"⌛ Building environment","timeElapsed":275,"timestamp":"2025-11-26T19:03:15.877Z"}
{"level":"info","message":"⌛ Validating src/hud.wlk","timeElapsed":504,"timestamp":"2025-11-26T19:03:16.418Z"}
{"level":"info","message":"⌛ Building environment","timeElapsed":536,"timestamp":"2025-11-26T19:03:16.958Z"}
{"level":"info","message":"⌛ Validating src/hud.wlk","timeElapsed":498,"timestamp":"2025-11-26T19:03:17.519Z"}
{"level":"info","message":"⌛ Building environment","timeElapsed":365,"timestamp":"2025-11-26T19:03:18.767Z"}
{"level":"info","message":"⌛ Validating src/hud.wlk","timeElapsed":486,"timestamp":"2025-11-26T19:03:19.342Z"}
{"level":"info","message":"⌛ Building environment","timeElapsed":309,"timestamp":"2025-11-26T19:04:08.412Z"}
{"level":"info","message":"⌛ Validating src/hud.wlk","timeElapsed":432,"timestamp":"2025-11-26T19:04:08.955Z"}
{"level":"info","message":"⌛ Building environment","timeElapsed":420,"timestamp":"2025-11-26T19:04:44.258Z"}
{"level":"info","message":"⌛ Validating src/hud.wlk","timeElapsed":517,"timestamp":"2025-11-26T19:04:45.097Z"}
{"level":"info","message":"⌛ Building environment","timeElapsed":444,"timestamp":"2025-11-26T19:07:46.071Z"}
{"level":"info","message":"⌛ Validating src/hud.wlk","timeElapsed":752,"timestamp":"2025-11-26T19:07:47.017Z"}
{"level":"info","message":"⌛ Building environment","timeElapsed":491,"timestamp":"2025-11-26T19:07:56.954Z"}
{"level":"info","message":"⌛ Validating src/hud.wlk","timeElapsed":421,"timestamp":"2025-11-26T19:07:57.468Z"}
{"exitCode":"SIGHUP","level":"info","message":"👾 Game executed src.program.run on d:\\Guido\\Documents\\Objetos 1\\Nueva carpeta\\ads\\CrazyCave\\CrazyCave","timeElapsed":452233,"timestamp":"2025-11-26T19:08:01.657Z"}
{"level":"info","message":"🚀 Program executed \u001b[3m\u001b[34msrc.program.run\u001b[39m\u001b[23m on \u001b[3m\u001b[34md:\\Guido\\Documents\\Objetos 1\\Nueva carpeta\\ads\\CrazyCave\\CrazyCave\u001b[39m\u001b[23m","ok":true,"timeElapsed":2760,"timestamp":"2025-11-26T19:08:09.813Z"}
{"level":"error","message":"✘ Failed to rebuild document Failed to parse src/hud.wlk: \n-- PARSING FAILED --------------------------------------------------\n\n  130 | \t\t\timageToUse = heartFull\n  131 | \t\t\tlifePoints = lifePoints - 2\n> 132 | \t\t} else if (lifePoints == 1) {\n      |   ^\n  133 | \t\t\timageToUse = heartHalf\n  134 | \t\t\tlifePoints = lifePoints - 1\n\nExpected one of the following: \n\n'@', 'class', 'const', 'describe', 'mixin', 'object', 'only', 'package', 'program', 'test', 'var', '{', EOF, comment, not \"} \", whitespace\n","stack":"Error: Failed to parse src/hud.wlk: \n-- PARSING FAILED --------------------------------------------------\n\n  130 | \t\t\timageToUse = heartFull\n  131 | \t\t\tlifePoints = lifePoints - 2\n> 132 | \t\t} else if (lifePoints == 1) {\n      |   ^\n  133 | \t\t\timageToUse = heartHalf\n  134 | \t\t\tlifePoints = lifePoints - 1\n\nExpected one of the following: \n\n'@', 'class', 'const', 'describe', 'mixin', 'object', 'only', 'package', 'program', 'test', 'var', '{', EOF, comment, not \"} \", whitespace\n\n    at c:\\Users\\Guido\\.vscode\\extensions\\uqbar.wollok-lsp-ide-0.5.3\\out\\server\\src\\server.js:2348:13026\n    at Array.map (<anonymous>)\n    at W1n (c:\\Users\\Guido\\.vscode\\extensions\\uqbar.wollok-lsp-ide-0.5.3\\out\\server\\src\\server.js:2348:12950)\n    at U2.buildEnvironmentFrom (c:\\Users\\Guido\\.vscode\\extensions\\uqbar.wollok-lsp-ide-0.5.3\\out\\server\\src\\server.js:2393:5254)\n    at U2.updateEnvironmentWith (c:\\Users\\Guido\\.vscode\\extensions\\uqbar.wollok-lsp-ide-0.5.3\\out\\server\\src\\server.js:2393:4989)\n    at JF (c:\\Users\\Guido\\.vscode\\extensions\\uqbar.wollok-lsp-ide-0.5.3\\out\\server\\src\\server.js:2393:7383)\n    at F3.invoke (c:\\Users\\Guido\\.vscode\\extensions\\uqbar.wollok-lsp-ide-0.5.3\\out\\server\\src\\server.js:3:157334)\n    at o.fire (c:\\Users\\Guido\\.vscode\\extensions\\uqbar.wollok-lsp-ide-0.5.3\\out\\server\\src\\server.js:3:158104)\n    at c:\\Users\\Guido\\.vscode\\extensions\\uqbar.wollok-lsp-ide-0.5.3\\out\\server\\src\\server.js:37:57871\n    at Zr (c:\\Users\\Guido\\.vscode\\extensions\\uqbar.wollok-lsp-ide-0.5.3\\out\\server\\src\\server.js:8:1561)","timestamp":"2025-11-26T19:08:44.758Z"}
{"level":"info","message":"⌛ Building environment","timeElapsed":521,"timestamp":"2025-11-26T19:08:45.639Z"}
{"level":"info","message":"⌛ Building environment","timeElapsed":401,"timestamp":"2025-11-26T19:08:46.104Z"}
{"level":"info","message":"⌛ Validating src/hud.wlk","timeElapsed":645,"timestamp":"2025-11-26T19:08:46.909Z"}
{"level":"info","message":"⌛ Validating src/hud.wlk","timeElapsed":655,"timestamp":"2025-11-26T19:08:47.567Z"}
{"level":"info","message":"⌛ Building environment","timeElapsed":331,"timestamp":"2025-11-26T19:08:52.703Z"}
{"level":"info","message":"⌛ Validating src/hud.wlk","timeElapsed":434,"timestamp":"2025-11-26T19:08:53.232Z"}
{"level":"info","message":"⌛ Building environment","timeElapsed":407,"timestamp":"2025-11-26T19:08:53.641Z"}
{"level":"info","message":"⌛ Building environment","timeElapsed":307,"timestamp":"2025-11-26T19:08:53.951Z"}
{"level":"info","message":"⌛ Validating src/hud.wlk","timeElapsed":422,"timestamp":"2025-11-26T19:08:54.554Z"}
{"level":"info","message":"⌛ Validating src/hud.wlk","timeElapsed":443,"timestamp":"2025-11-26T19:08:54.999Z"}
{"exitCode":"SIGHUP","level":"info","message":"👾 Game executed src.program.run on d:\\Guido\\Documents\\Objetos 1\\Nueva carpeta\\ads\\CrazyCave\\CrazyCave","timeElapsed":51825,"timestamp":"2025-11-26T19:08:58.876Z"}
{"level":"info","message":"🚀 Program executed \u001b[3m\u001b[34msrc.program.run\u001b[39m\u001b[23m on \u001b[3m\u001b[34md:\\Guido\\Documents\\Objetos 1\\Nueva carpeta\\ads\\CrazyCave\\CrazyCave\u001b[39m\u001b[23m","ok":true,"timeElapsed":3018,"timestamp":"2025-11-26T19:09:06.759Z"}
{"level":"info","message":"⌛ Building environment","timeElapsed":642,"timestamp":"2025-11-26T19:10:03.793Z"}
{"level":"info","message":"⌛ Building environment","timeElapsed":423,"timestamp":"2025-11-26T19:10:04.266Z"}
{"level":"info","message":"⌛ Validating src/hud.wlk","timeElapsed":484,"timestamp":"2025-11-26T19:10:04.792Z"}
{"level":"info","message":"⌛ Validating src/hud.wlk","timeElapsed":472,"timestamp":"2025-11-26T19:10:05.338Z"}
{"level":"info","message":"⌛ Building environment","timeElapsed":386,"timestamp":"2025-11-26T19:10:06.907Z"}
{"level":"info","message":"⌛ Validating src/hud.wlk","timeElapsed":401,"timestamp":"2025-11-26T19:10:07.476Z"}
{"level":"info","message":"⌛ Building environment","timeElapsed":483,"timestamp":"2025-11-26T19:10:07.961Z"}
{"level":"info","message":"⌛ Validating src/hud.wlk","timeElapsed":517,"timestamp":"2025-11-26T19:10:08.589Z"}
{"level":"info","message":"⌛ Building environment","timeElapsed":447,"timestamp":"2025-11-26T19:10:11.071Z"}
{"level":"info","message":"⌛ Building environment","timeElapsed":298,"timestamp":"2025-11-26T19:10:11.371Z"}
{"level":"info","message":"⌛ Validating src/hud.wlk","timeElapsed":512,"timestamp":"2025-11-26T19:10:11.956Z"}
{"level":"info","message":"⌛ Validating src/hud.wlk","timeElapsed":468,"timestamp":"2025-11-26T19:10:12.444Z"}
{"level":"info","message":"⌛ Building environment","timeElapsed":486,"timestamp":"2025-11-26T19:11:48.630Z"}
{"level":"info","message":"⌛ Building environment","timeElapsed":464,"timestamp":"2025-11-26T19:11:49.097Z"}
{"level":"info","message":"⌛ Validating src/hud.wlk","timeElapsed":503,"timestamp":"2025-11-26T19:11:49.699Z"}
{"level":"info","message":"⌛ Validating src/hud.wlk","timeElapsed":428,"timestamp":"2025-11-26T19:11:50.128Z"}
{"exitCode":"SIGHUP","level":"info","message":"👾 Game executed src.program.run on d:\\Guido\\Documents\\Objetos 1\\Nueva carpeta\\ads\\CrazyCave\\CrazyCave","timeElapsed":173944,"timestamp":"2025-11-26T19:11:57.683Z"}
{"level":"info","message":"🚀 Program executed \u001b[3m\u001b[34msrc.program.run\u001b[39m\u001b[23m on \u001b[3m\u001b[34md:\\Guido\\Documents\\Objetos 1\\Nueva carpeta\\ads\\CrazyCave\\CrazyCave\u001b[39m\u001b[23m","ok":true,"timeElapsed":2510,"timestamp":"2025-11-26T19:12:05.615Z"}
{"level":"info","message":"⌛ Building environment","timeElapsed":531,"timestamp":"2025-11-26T19:12:36.998Z"}
{"level":"info","message":"⌛ Building environment","timeElapsed":492,"timestamp":"2025-11-26T19:12:37.650Z"}
{"level":"info","message":"⌛ Validating src/hud.wlk","timeElapsed":545,"timestamp":"2025-11-26T19:12:38.200Z"}
{"level":"info","message":"⌛ Validating src/hud.wlk","timeElapsed":416,"timestamp":"2025-11-26T19:12:38.658Z"}
{"exitCode":"SIGHUP","level":"info","message":"👾 Game executed src.program.run on d:\\Guido\\Documents\\Objetos 1\\Nueva carpeta\\ads\\CrazyCave\\CrazyCave","timeElapsed":45424,"timestamp":"2025-11-26T19:12:48.526Z"}
{"level":"info","message":"🚀 Program executed \u001b[3m\u001b[34msrc.program.run\u001b[39m\u001b[23m on \u001b[3m\u001b[34md:\\Guido\\Documents\\Objetos 1\\Nueva carpeta\\ads\\CrazyCave\\CrazyCave\u001b[39m\u001b[23m","ok":true,"timeElapsed":2673,"timestamp":"2025-11-26T19:12:56.146Z"}
{"level":"info","message":"⌛ Building environment","timeElapsed":507,"timestamp":"2025-11-26T19:13:21.878Z"}
{"level":"info","message":"⌛ Autocomplete - Field","timeElapsed":209,"timestamp":"2025-11-26T19:13:22.100Z"}
{"level":"info","message":"⌛ Validating src/hud.wlk","timeElapsed":487,"timestamp":"2025-11-26T19:13:22.652Z"}
{"level":"info","message":"⌛ Building environment","timeElapsed":437,"timestamp":"2025-11-26T19:13:26.015Z"}
{"level":"info","message":"⌛ Autocomplete - Field","timeElapsed":296,"timestamp":"2025-11-26T19:13:26.329Z"}
{"level":"info","message":"⌛ Validating src/hud.wlk","timeElapsed":664,"timestamp":"2025-11-26T19:13:27.015Z"}
{"level":"info","message":"⌛ Building environment","timeElapsed":368,"timestamp":"2025-11-26T19:13:40.033Z"}
{"level":"info","message":"⌛ Validating src/program.wpgm","timeElapsed":392,"timestamp":"2025-11-26T19:13:40.450Z"}
{"level":"info","message":"⌛ Building environment","timeElapsed":214,"timestamp":"2025-11-26T19:13:49.479Z"}
{"level":"info","message":"⌛ Validating src/program.wpgm","timeElapsed":406,"timestamp":"2025-11-26T19:13:49.887Z"}
{"level":"info","message":"⌛ Building environment","timeElapsed":333,"timestamp":"2025-11-26T19:13:50.351Z"}
{"level":"info","message":"⌛ Building environment","timeElapsed":233,"timestamp":"2025-11-26T19:13:50.586Z"}
{"level":"info","message":"⌛ Validating src/program.wpgm","timeElapsed":401,"timestamp":"2025-11-26T19:13:51.012Z"}
{"level":"info","message":"⌛ Validating src/program.wpgm","timeElapsed":495,"timestamp":"2025-11-26T19:13:51.542Z"}
{"level":"info","message":"⌛ Building environment","timeElapsed":281,"timestamp":"2025-11-26T19:13:51.834Z"}
{"level":"info","message":"⌛ Validating src/program.wpgm","timeElapsed":397,"timestamp":"2025-11-26T19:13:52.251Z"}
{"level":"info","message":"⌛ Building environment","timeElapsed":279,"timestamp":"2025-11-26T19:13:52.530Z"}
{"level":"info","message":"⌛ Building environment","timeElapsed":438,"timestamp":"2025-11-26T19:13:52.970Z"}
{"level":"info","message":"⌛ Building environment","timeElapsed":272,"timestamp":"2025-11-26T19:13:53.275Z"}
{"level":"info","message":"⌛ Validating src/program.wpgm","timeElapsed":540,"timestamp":"2025-11-26T19:13:53.817Z"}
{"level":"info","message":"⌛ Building environment","timeElapsed":280,"timestamp":"2025-11-26T19:13:54.128Z"}
{"level":"info","message":"⌛ Validating src/program.wpgm","timeElapsed":470,"timestamp":"2025-11-26T19:13:54.615Z"}
{"level":"info","message":"⌛ Building environment","timeElapsed":491,"timestamp":"2025-11-26T19:13:55.162Z"}
{"level":"info","message":"⌛ Building environment","timeElapsed":299,"timestamp":"2025-11-26T19:13:55.463Z"}
{"level":"info","message":"⌛ Validating src/program.wpgm","timeElapsed":589,"timestamp":"2025-11-26T19:13:56.057Z"}
{"level":"info","message":"⌛ Building environment","timeElapsed":286,"timestamp":"2025-11-26T19:13:56.344Z"}
{"level":"info","message":"⌛ Building environment","timeElapsed":292,"timestamp":"2025-11-26T19:13:56.637Z"}
{"level":"info","message":"⌛ Building environment","timeElapsed":242,"timestamp":"2025-11-26T19:13:56.887Z"}
{"level":"info","message":"⌛ Building environment","timeElapsed":241,"timestamp":"2025-11-26T19:13:57.209Z"}
{"level":"info","message":"⌛ Building environment","timeElapsed":290,"timestamp":"2025-11-26T19:13:57.542Z"}
{"level":"info","message":"⌛ Validating src/program.wpgm","timeElapsed":415,"timestamp":"2025-11-26T19:13:58.003Z"}
{"level":"info","message":"⌛ Building environment","timeElapsed":206,"timestamp":"2025-11-26T19:13:58.221Z"}
{"level":"info","message":"⌛ Building environment","timeElapsed":247,"timestamp":"2025-11-26T19:13:58.492Z"}
{"level":"info","message":"⌛ Building environment","timeElapsed":255,"timestamp":"2025-11-26T19:13:58.750Z"}
{"level":"info","message":"⌛ Validating src/program.wpgm","timeElapsed":435,"timestamp":"2025-11-26T19:13:59.186Z"}
{"level":"info","message":"⌛ Building environment","timeElapsed":213,"timestamp":"2025-11-26T19:13:59.401Z"}
{"level":"info","message":"⌛ Building environment","timeElapsed":214,"timestamp":"2025-11-26T19:13:59.616Z"}
{"level":"info","message":"⌛ Validating src/program.wpgm","timeElapsed":465,"timestamp":"2025-11-26T19:14:00.083Z"}
{"level":"info","message":"⌛ Building environment","timeElapsed":235,"timestamp":"2025-11-26T19:14:00.320Z"}
{"level":"info","message":"⌛ Building environment","timeElapsed":257,"timestamp":"2025-11-26T19:14:00.580Z"}
{"level":"info","message":"⌛ Building environment","timeElapsed":237,"timestamp":"2025-11-26T19:14:00.819Z"}
{"level":"info","message":"⌛ Building environment","timeElapsed":259,"timestamp":"2025-11-26T19:14:01.080Z"}
{"level":"info","message":"⌛ Building environment","timeElapsed":247,"timestamp":"2025-11-26T19:14:01.328Z"}
{"level":"info","message":"⌛ Building environment","timeElapsed":259,"timestamp":"2025-11-26T19:14:01.588Z"}
{"level":"info","message":"⌛ Validating src/program.wpgm","timeElapsed":438,"timestamp":"2025-11-26T19:14:02.034Z"}
{"level":"info","message":"⌛ Building environment","timeElapsed":757,"timestamp":"2025-11-26T19:14:02.792Z"}
{"exitCode":"SIGHUP","level":"info","message":"👾 Game executed src.program.run on d:\\Guido\\Documents\\Objetos 1\\Nueva carpeta\\ads\\CrazyCave\\CrazyCave","timeElapsed":70294,"timestamp":"2025-11-26T19:14:03.761Z"}
{"level":"info","message":"⌛ Validating src/program.wpgm","timeElapsed":1054,"timestamp":"2025-11-26T19:14:03.847Z"}
{"level":"info","message":"⌛ Building environment","timeElapsed":447,"timestamp":"2025-11-26T19:14:04.313Z"}
{"level":"info","message":"⌛ Building environment","timeElapsed":366,"timestamp":"2025-11-26T19:14:04.684Z"}
{"level":"info","message":"⌛ Validating src/program.wpgm","timeElapsed":658,"timestamp":"2025-11-26T19:14:05.402Z"}
{"level":"info","message":"⌛ Building environment","timeElapsed":364,"timestamp":"2025-11-26T19:14:05.768Z"}
{"level":"info","message":"⌛ Building environment","timeElapsed":269,"timestamp":"2025-11-26T19:14:06.038Z"}
{"level":"info","message":"⌛ Validating src/program.wpgm","timeElapsed":600,"timestamp":"2025-11-26T19:14:06.699Z"}
{"level":"info","message":"⌛ Building environment","timeElapsed":373,"timestamp":"2025-11-26T19:14:07.079Z"}
{"level":"info","message":"⌛ Validating src/program.wpgm","timeElapsed":553,"timestamp":"2025-11-26T19:14:07.634Z"}
{"level":"info","message":"⌛ Validating src/program.wpgm","timeElapsed":482,"timestamp":"2025-11-26T19:14:08.147Z"}
{"level":"info","message":"⌛ Validating src/program.wpgm","timeElapsed":573,"timestamp":"2025-11-26T19:14:08.722Z"}
{"level":"info","message":"⌛ Validating src/program.wpgm","timeElapsed":595,"timestamp":"2025-11-26T19:14:09.323Z"}
{"level":"info","message":"⌛ Validating src/program.wpgm","timeElapsed":544,"timestamp":"2025-11-26T19:14:09.869Z"}
{"level":"info","message":"⌛ Validating src/program.wpgm","timeElapsed":574,"timestamp":"2025-11-26T19:14:10.448Z"}
{"level":"info","message":"⌛ Validating src/program.wpgm","timeElapsed":507,"timestamp":"2025-11-26T19:14:10.968Z"}
{"level":"info","message":"⌛ Validating src/program.wpgm","timeElapsed":366,"timestamp":"2025-11-26T19:14:11.352Z"}
{"level":"info","message":"⌛ Validating src/program.wpgm","timeElapsed":474,"timestamp":"2025-11-26T19:14:11.843Z"}
{"level":"info","message":"⌛ Validating src/program.wpgm","timeElapsed":982,"timestamp":"2025-11-26T19:14:12.834Z"}
{"level":"info","message":"⌛ Validating src/program.wpgm","timeElapsed":530,"timestamp":"2025-11-26T19:14:13.379Z"}
{"level":"info","message":"⌛ Validating src/program.wpgm","timeElapsed":558,"timestamp":"2025-11-26T19:14:13.953Z"}
{"level":"info","message":"⌛ Validating src/program.wpgm","timeElapsed":605,"timestamp":"2025-11-26T19:14:14.709Z"}
{"level":"info","message":"⌛ Validating src/program.wpgm","timeElapsed":573,"timestamp":"2025-11-26T19:14:15.327Z"}
{"level":"info","message":"🚀 Program executed \u001b[3m\u001b[34msrc.program.run\u001b[39m\u001b[23m on \u001b[3m\u001b[34md:\\Guido\\Documents\\Objetos 1\\Nueva carpeta\\ads\\CrazyCave\\CrazyCave\u001b[39m\u001b[23m","ok":true,"timeElapsed":3770,"timestamp":"2025-11-26T19:14:15.610Z"}
{"level":"info","message":"⌛ Validating src/program.wpgm","timeElapsed":608,"timestamp":"2025-11-26T19:14:15.946Z"}
{"level":"info","message":"⌛ Validating src/program.wpgm","timeElapsed":334,"timestamp":"2025-11-26T19:14:16.300Z"}
{"level":"info","message":"⌛ Validating src/program.wpgm","timeElapsed":649,"timestamp":"2025-11-26T19:14:17.002Z"}
{"level":"info","message":"⌛ Validating src/program.wpgm","timeElapsed":831,"timestamp":"2025-11-26T19:14:17.852Z"}
